text,createTime
PRABOWO MNA,1765065351
"Tipe orang2 yg berpikir kritis dan teliti itu salah satunya, terjun ke TKP gali semua informasi sebanyaknya dan bawa mini note",1765084737
semenakjubkan itukah? padahal memang inilah kewajibannyağŸ™‚,1764983134
Mas gibran sehat terus yaaa ğŸ‘ semangat mendengarkan keluhan rakyat,1764975902
"Nih wapres udah turun ke warga, masa masih di maki ğŸ™ˆ",1764989158
ga salah pilih aku dulu milih pak Prabowo dan pak Gibran ğŸ˜‡ğŸ¥°,1765080005
"nyatet doang, dikerjain gak?",1764937037
ayahnya dulu pernah turun ke gorong gorong loh,1764980667
yang paling susah kalo uangnya dikit mas Gibran .. semua kekuahnnya sama ğŸ˜‚ğŸ™,1765066962
rompi nya kok g di pakeğŸ˜­,1764925735
"dicatet doang tar jg dibuang kertasnya, namanya jg manusia",1764933388
"bare minimum bare minimum, ya kalau orang berkembang yang penting di kawal aja lah anjir biar bisa ngelakuin lebih dari bare minimum",1765111451
kita doain wakil presiden kita bekerja dengan baikâ¤,1765284546
ora apal,1765101624
"""Jangan menjelaskan tentang dirimu kepada siapapun. Karena yang menyukaimu tidak membutuhkan itu, dan yang membencimu tidak mempercayai itu.""",1765080116
"sehat sll org baiik,di lindungi di manapun beradağŸ¤²ğŸ¥°ğŸ’ª",1764988066
"dicatat doang, sampai jakarta catatannya hilang ğŸ¤£ğŸ¤£ğŸ¤£ğŸ¤£",1765115439
kaya direstoran pake dicatet bagus sih kaya kdm sat set gitu cuma saran aj TPI gpp lah emang caranya beda beda yg penting Uda Dateng Uda bagus,1765108525
"Kita lihat aja yg dicatat itu nanti bener di laksanakan atau tidak, atau hanya sekedar catatan pencitraan ğŸ¥´",1765110314
di doain yang baik aja weh please ğŸ˜”,1765003795
"Serba salah ya pak,turun tangan salah,gak turun tangan juga salah,emang Paling Bener Ganti Rakyat aja pakğŸ™‚ğŸ—¿",1765135513
"terlepas dari issue dan kurangnya kemampuan dia sebagai wapres, gw tetep rispek karena dia ga baperan dan tetep welcome sama keluhan kalian",1764932313
"ini admin nya ga ada loh muji"" pak wapres, dia cm tunjukin video dan penjelasan ttg kegiatan beliau.
yg masih komen jahat please lah mending skip aja dr pd klean buang"" tenaga buat ngetik ujaran kebencian",1764985635
"emang sudah seharusnya pemerintah begini,mendengar dan menyalurkan kebutuhan rakyat
tapi bisa ga sekali aja apresiasi perbuatan baik, kalo yg cuma foto salah dan yg dateng mendengarkan rakyat juga salah ya berarti hati kalian yg bermasalah",1764928402
dari dulu ada wabres tapi baru ini merakyat tidak peduli orang mau bilang pencitraan yang penting sudah dengarkan keluhkesah yang susah daripada orang yang hanya duduk dan kritik orang lain,1764973934
Makasih pak Gibran,1764926895
pak Gibran ğŸ«¶ğŸ¥¹,1764932742
"Yang penting solusi dek. Si adek masih nyatet, ferry dan sukarelawan lain udah keliling 3 provinsi memenuhi kebutuhan rakyat yg terisolasi",1765082725
req 2026 ganti rakyat,1765009331
menurut ku mereka tak tau kebutuhan dan ke inginan,1765073634
C'est moi seul qui parle franÃ§ais ici,1765059427
apakah 19 juta lapangan pekerjaan itu nyata?,1765195393
"kerja salah
gak kerja juga salah
gua pilpres emng gak dukung gibran
tapi gua masih punya otak bedain antara yang benar dan salah
emang paling bener ganti rakyat aja",1765161907
baru kali ini punya wapres ada gunanya..yg kmarin2..pada g keliatan,1765111228
GANTI RAKYAT GANTI RAKYATT,1765018640
"ini dokumentasi namanya kampung, kesan muji sama bangga banggain nya dimana dah? di caption aja terterah ngasih informasi bukan muji gibran ğŸ¤—",1764929777
2026 Indonesia ganti rakyat,1764988528
EFEKTIF SEKALI KERJAMU MR WAPRES,1765112681
wapres loh ini bukan Abal Abal ..gak kayak si Ono pake rompi anti peluru..,1765158568
Tuhan memberkati Wakil PresidenğŸ™ğŸ™,1764989615
planga plongo,1764931053
awas ilang bukunya mas gib,1765018298
"gausah lu tanya kenapa negara ini sulit maju, lu bisa liat sendiri di kolom komentarğŸ¤­",1764986555
presiden nya kmna ko mintol presiden indonesia ğŸ˜‚ğŸ˜‚,1765105675
"Di indonesia doang wapres di hujat padahal udah coba cari solusi mereka ngomong doang kayak udh donasi buat yang membutuhkan, kalau udah juga org yang punya harga diri pasti jaga kesopanan nya,",1764927211
hebat bgt loh dia mau mendekat dan ngobrol lngsung kyk keluarga sendiri gk jijik an salut sama dia kyk bpknyağŸ¥°,1765105454
pak Gibran jangan lupa istirahatğŸ¥º,1765069910
merakyat salah menghilang juga salah emang paling bener ganti rakyat,1764929789
kalo gasuka yasudah.yg penting pak gibran mau turun langsung loh â˜º,1765097962
yaa tetap kesel sih sama beliau tapi bagaimanapun beliau sudah terpilih jadi yaah kita ikuti aturan mainnya tetap patuh dan tunduk pada penguasa...ikuti sabda nabi sajağŸ™ğŸ™ingat banyak kasus pemberontakan pada penguasa di timteng yg berujung kesengsaraan rakyaat,1765064869
Kasian jadi Gibran serba salah apa yg dia lakuin.. semangat pak wapres ğŸ¥°ğŸ¥°,1765103138
wapres se perfect ini masih ada yg hujat ğŸ¥º,1764997776
"yg bagus dishare dong,giliran jelek aja lo cepet lo bikin viral",1764955050
"sebenarnya bisa HP, cuma biar lebih keliatan nugas ya pake begituan",1764999423
"pak gibran ganteng bangetğŸ¥°ğŸ˜Oh iya, ada yg mau jadi Admin Somethinc, Scarlett, MS Glow, Warda gak? Kerja bisa dari rumahâœ¨",1764990488
ğŸ˜‚ğŸ˜‚ğŸ˜‚,1765121078
"yang ditunggu adalah hasil nyatanya. ditulis doang cuma buat materi gimmick, ya percuma
udah 16 hari bro....",1765332701
"knp nge hate yg bilang ""bare minimum""? kan emg bener.. biar pejabat lainnya jg sadar harusnya gini jadi pejabat tuh, bukan kek zulhas dll.. ini bare minimun yang bagus.",1764950170
Sehat selalu pak wapres kamiğŸ˜‡,1764940474
skrng itu.. kita fokus aja SMA korban bencananya..,1765064501
"buat yg bilang bare minimun, LU PERNAH GA LIAT PAK MA'ARUF AMIN SEGININYA SM RAKYAT???",1764926768
serbasalaah jadi pejabat dimari anjğŸ¤£,1765067608
"orang orang kok banyak bgt energi buat komen negatif? selagi yang dilakuin positif dan bermanfaat bagi banyak org harusnya didukung & diapresiasi, ini apa"" malah dihujat, hidupnya penuh kebencian ya? kaya yaudah lah liat sisi positifnya aja, mendam kebencian jg ruginya ke diri sendiri bukan ke dia",1764951507
"Ganti rakyat, serba salah mulu heran",1765047205
Lihat dong apa yg dicatat...,1764988876
knpa sih org org tulus kek gini di hujat terusğŸ˜«ğŸ˜«isi pikiran mereka apa ya TuhanğŸ˜³,1765066363
terimakasih pak wapres karna sudah mendengar keluhan rakyat ğŸ˜­ğŸ¥°,1765066583
ğŸ¥°ğŸ¥°,1765072960
hidup d zaman serba salah apalagi yg jd persiden dan wakil persiden...pdhl sndri nya blm berguna apa2 untuk org bnyk...ğŸ˜“,1764973856
ğŸ˜©,1765282084
nyatat ae lu bujang di kabulin alamuala,1765033886
kokk ada yg menghujat pdhal dia berkerja lohhğŸ˜­ğŸ˜­ğŸ˜­ smngt trus pak @Gibran Rakabuming ğŸ¥°,1765088437
"""catet ah, biar gw keliatan berguna dikit""",1765334308
"KOMENYYA BENER BENERRR , EMNG HARUS GANTU RAKYAT INIğŸ™ğŸ˜­ SALAH MULU HERANNN",1764930273
kok GK bawa rompi anti peluruğŸ—¿ğŸ™,1765019589
sedangkan manusia yang pakai rompi anti peluru terus sambil nunjuk nunjuk ga jelasğŸ˜¹ğŸ˜¹,1765119455
bahkan pada saat ada bencana pun pembenci akan tetap melihat orang yang dia benci melakukan kesalahan,1765076281
"Semangat gibran, mau pencitraan atau ga. Wajib diapresiasi, warga jg lihat dia lebih semangat sama lebih ada harapan..",1765089872
rompinya mana pak,1764981327
1010101010,1765061350
"udahlah gaes, jangan pada hate komen ğŸ¥¹ğŸ¥¹",1765246252
Sedekat itu sama rakyat masih dihujat ğŸ¥º,1764992074
sedekat ini kah pimpin Indonesia sama rakyat,1765094279
dicatet udh kaya anak SD ngerjain tugas ğŸ¤£ğŸ¤£ğŸ¤£ğŸ¤£,1764992352
indo dengan berbagai sdmnya,1764932937
"Gk jenguk dihujat, jenguk pun masih dihujat.. gk pake rompi atau pakaian aneh2 masih dihujat.. memang kalo dah benci ya gimana lagi ğŸ¤§",1764984062
awas banyak buzzer 58%ğŸ¤­ğŸ˜¹,1764991522
"beliau melakukan tugasnya sudah se wajarnya manusia ğŸ¥º
tolong pliss jgn d hujat beliau manusia biasa bukan DEWA ğŸ˜­",1764982199
Jangan ada yg ngebully,1764923161
emng bnr ya orang baik tu banyak banget yang gasukağŸ¥º,1764933416
"heran yg komen negatif tiap ada yg bantu selalu aja nyari celah kurang nya, pada knapasiğŸ˜ŒğŸ˜Œ",1764932335
semua akan salah Dimata sang pembenci ğŸ˜‚ semangat pak Gibran ğŸ’ª,1765061209
sehat selalu pa gibran wapres terbaik,1765018877
ğŸ˜‚ğŸ˜‚ğŸ˜‚ğŸ˜‚,1765193532
orang penting no 2 di Indonesia aja ga pake rompi anti peluru ğŸ—¿,1764925408
"siapapun pemimpinnya, apapun kegiatannya, namanya pembenci akan membenci semua hal. setidaknya dia mendengarkan dan terjun langsung drpd mereka2 yg hanya bisa komentar",1764926937
wapres nya seramah ini knp anggota dewannya banyak yg menye2 yaa,1765114442
"sedih bngtttt mereka bener"" lgi butuh bantuaann, rumah habiss, makan susah ğŸ˜­ Ya Allah ğŸ˜­",1764984317
lagian logikanya dia pake rompi anti peluru juga eamng rakyat kena musibah bakalan ada yang bawa pistol atau granat adaÂ² aja deh ya allah yang terbaik deh buat indonesia,1765080738
"mantap mas Gibran, buktikan semua nya kepada rakyat kalau bapa itu kerja nya ga planga plongo doangğŸ‘",1765199449
"Maksut nya ya, bersihin hati kita semua, kalo kerjanya bagus puji dan berterimakasih lah, kalo keliru ayok sama sama kita perbaiki, bersihin kacamata kita masing masing, biar bisa ngeliat baik nya pejabat ga buruk nya doang, mereka aku dan kita juga manusia yang baru pertama kali hidup di dunia ini.",1764932049
ğŸ‘‘ğŸ‘‘ğŸ‘‘,1765138530
semua manusia berusaha lebih baik. kita ga terjun dilapangan. cuman bisa melihat dan berkomentar. saya bukan pendukung prabowo dan gibran. cuman allah sudah menetapkan mereka jadi pimpinan negara . saya cuman bisa mendukung saja . semoga komentar yang jelek tidak berbalik kekita. ğŸ¥°,1764934631
"ada aksi nyata dihujat, ga ada aksinya juga di hujat",1764927318
memang bare minimum sih tp ga ada salahnya juga buat diapresiasi,1764931119
"Ga sabar liat komen, ada aja julidnya warga 62 penasaran banget",1765091478
gerceppp,1764921967
"respect, ga pake rompi",1764971000
pak gibrannnğŸ˜­ğŸ–¤ğŸ–¤,1764935151
Lucu banget perhatian nya semanis itu sampe dicatetğŸ˜­,1764942447
"ya Allah tidak ada manusia yg sempurna, begitu jga pemimpin kami, jdikan lah peminpin negeri kami siapa sja, menjadi pemimpin yg Amanah, adil dan bijaksana dan tidak menyulitkan rakyatnya. dan mampukan mereka untuk menjalankan amanah dan kewajiban mereka se maksimal mungkin. lindungi pemimpin kami. jauhkanlah negara kami dari pemimpin yg dzolim ğŸ¤²ğŸ»ğŸ¥º",1765142763
Bowo mana?,1765088463
pria asli solo,1764950032
di catet doang hahah,1764923432
gak usah di catat...mesti faham kebutuhan....hadeuh,1765065195
"serba salah ya, ngebantu di hujat ga ngebantu apa lagiğŸ¤£
izinğŸ™",1764939485
Semangat pak wapres,1764986028
â¤ï¸â¤ï¸,1765256230
ğŸ¥°ğŸ¥°ğŸ¥°ğŸ¥°ğŸ¥°ğŸ¥°ğŸ¥°ğŸ¥°ğŸ¥°ğŸ¥°ğŸ¥°ğŸ¥°ğŸ¥°,1765070963
"@Cortis:Dari dulu gibran memang begitu kok, waktu jadi walikota solo di buka akses buat chat dia biar masyarakatnya bisa kasih keluhan secara langsung. Dimana lagi kita mau dapat pemimpin yang mau langsung catat keluhan warganya. Di Indo malah dihujat",1764952226
"ga abis pikir sama yg suka hujat, ini kayanya harus ganti rakyat sih",1764930010
"dari jaman purba sampai skr,baru ad wapres sekeren n sedeket ini sama rakyatnya.gibram emang keren..ğŸ‘ğŸ‘",1765088903
PADAHAL JARANG BGT NEMUIN PEJABAT YG KAYAK GINI MASIH ADA AJA YG NGEHUJATğŸ˜ŒASLI KALIAN PENGEN PIMPINAN YG KEK APA SIHHHHHH SEBENERNYA . DIKIRA GAMPANG JADI PEMIMPIN,1764978801
Mas Gibran sehat selalu yaaa â¤ï¸,1764951923
dimata pembenci dia tetap salah,1764970270
"ga kaya ketum pan,panggul berasğŸ˜‚ğŸ˜‚ğŸ˜‚ğŸ˜‚",1765052912
ğŸ‘ğŸ‘ğŸ‘,1765085449
"emang kalo presidennya anis, kalian yakin cak imin bakal kaya gini",1764929572
ğŸ¥°ğŸ¥°ğŸ¥°,1765117548
WAW SANGAT MEMBANTU ğŸ˜,1765083331
"udh gausa dengerin apa kata orang pak, lakukan aja apa yang terbaik, belom tentu orang yang ngehujat bapak bisa ngelakuin kaya apa yang bapak lakuin. semangat pak",1764938358
tinggal bawa smua dibutuhkan pke nyatet. yg dibutuhkan sembako. ngapain pke dicatet. sumpah pemerintah pda kocak di indoğŸ¤£ #klamaan klu nyatet dulu bosssss,1765081918
"warga kelaparan catat âœ“
warga butuh minum catatâœ“
warga butuh obat catatâœ“
bayi butuh susu catatâœ“
lansia/bayi butuh popok catatâœ“
warga butuh fasilitas catatâœ“
19jt lapangan pekerjaan catatâœ“",1764960846
najia,1765072225
awal nya ga mau. buka komen pasti ada ajh hujatan nya eh dibuka mana bener lagiiiiğŸ¤£ğŸ¤£ğŸ¤£. memang lah warga konoha ini,1765285263
sehat2 pak gibran semoga selalu dalam lindungan allah swt aminn,1765005094
gw jga sering kek mas gibran .. kmana2 always bawa note kecil gitu.. Trus ctt biar gk lupa ğŸ˜… manusia guys masih muda jga pasti adaaaa aja yg trlupa ğŸ˜…,1764990676
"semoga selamanya begini ya, walau proses jadi wapresnya serem banget. semoga gerakannya kedepannya senantiasa memuaskan. aamiin
ini bare minimum ya guys, please jangan langsung cinta mati. mari kita syukuri sekarang dan liat kedepannya bagaimana!",1764930815
,1765019324
kok wapres ga pake rompi anti peluru yaâœŒï¸ğŸ˜,1764987078
@bbutterflyi,1765079273
tugas pak RT,1764931911
lebih keren Zulhas angkut bantuan sendiri,1764982008
"yg sepuh salah, yg muda salah, elu maunya yg gmna sih anjir mnding ganti rakyat aja dah, kecuali gwğŸ˜",1764935292
"Beliau mendengungkan digitalisasi dan kemajuan teknologi (AI), tapi mencatat keluhan banyak orang adalah pekerjaan paling tdk efektif dalam mendengarkan aspirasi.",1765087896
"halah banyak bgt yg muji, padahal yg jadi penyebab bencana jg karna lahan sawit dan tambang kroninya dia jg. jg kenapa masyarakat jd banyak yg terdampak karena bmkg di efisiensi, apbn di fokusin ke Program yg ga urgent kayak mbg. coba sekali kali liat dari perspektif lain, jgn cuman karna ada media yg ngerekam sampe bikin mata lu pada buta semua",1765020075
Drpd bawa beras,1765046138
"keknya yg buat pemerintah jadi ga peduli sama rakyat tuh karna kaya gini, dibaikin tapi masih aja ada yg komen enggak enggak, jadi mls mereka mau baik juga mending sekalian jahat gituuu, emng paling bnr ganti rakyat dahhğŸ˜­ğŸ˜­ğŸ˜­",1765071424
ini rakyat pada punya hati atau kaga si,1764935386
strzzzz,1765065283
makna nya dia serius menanggapi keluhan korban bencanağŸ’ª,1765017614
"wah ada kata yang baru masuk otak, sudah waktunya aku ikut ikutan biar keliatan elit",1765113278
kwkwkkkw,1765111598
Sehatt sehatt Mas Wapres,1764981361
"bahkan untuk bare minimun aja, banyak kok pejabat yang ngga bisa ngelakuin ini,
Terima kasih Wapres Gibran, dan semoga untuk sodara disana segera pulih",1765272199
"yang harus diganti emgg rakyatnya, mau presiden ini itu ttp aja salah dimata mereka",1764934182
sekelas wakil presiden aja gak make rompi kok yang ono make rompi tebel lagi kek mau perangğŸ—¿,1765024999
plis lah jangan karena bapaknya kalian hujat anaknya juga ini warga Konoha kenpa dahğŸ˜­,1764982209
udh mau gnti tahun ini msih aj debatin 01 atau 02 yg lebih layak pdhl yg udh terpilih 02 msih aj diributin heran,1765016239
Bahlil dan menteri kehutanan belike: Gibran salah hujat aja hujat! bukan kami kokğŸ˜‚,1765114598
udah lah buat mbakÂ² dan masÂ² yg ada di sini kalo memang gak suka dengan cara wapres skip aja gak usah liat videonya percuma mau sebaik dan sebagus apapun perilaku manusia kalo di hati kalian ada rasa gak suka tetep jelek di mata kalian,1764956968
Dan di tahun sebelum ini sampe lupa kalo punya wapres ğŸ™‚â€â†”ï¸,1764949195
nemu komen yg isinya â€œmau siapapun pejabatnya gak bakalan luput dari rujakan netizenâ€ lgsg nyesssss bacanyağŸ˜­ğŸ˜­,1764927282
ancur rusak,1765058413
mas wapres istimewağŸ‘ğŸ‘,1764927071
"orang bener kerja di hujat, gak bner di hujat. emng mau mu gimn sihhh, heran nya",1765044250
Kadang sekolah tinggi ga menjamin jari dan otak terkontrol. Apalagi yg sdm rendah dh pasti semua salah aja. Ambil sisi baiknya gabisakah?,1764926144
jiwa tan malaka penampilan sutan syahrir mantab wapresku,1764942234
"memang yg bener di hujat , yg jahat di temenin di Indonesia aja",1765093917
â¤ï¸â¤ï¸â¤ï¸,1765072100
"Edas sih, bertindak aja masih salah dimata rakyat, bener2 engga bisa banget ngeloat kebaikan orang di rakyat",1764929391
Ada voice recorder ğŸ™ğŸ»,1765039839
tapi sawit juga pohon ada daunya,1764979765
mending gini ga afk,1765063562
"mas wapres selalu salah di mata Rakyat nyağŸ˜­ğŸ˜­ğŸ˜­, hnya di Indonesia Wapres di hina, du rendahkanğŸ˜­",1764930362
mau nyumbang baju2 Almrh ibuku gmna caranyağŸ¥ºğŸ™,1765085699
"Malu bgt tinggal di indo, malu sama netizen nyağŸ™ƒ",1765105543
dia paling takut saka micğŸ˜‚ğŸ˜‚ğŸ˜‚,1765064670
ğŸ˜¢,1765080052
"lagi mencatat yg emang bener2 yg dbutuhkan primer dulu agar cepat tersalurkan kaya obat2an,juga penting",1764998229
emang udah tugasnya padahalğŸ—¿,1765087488
"Sehat selalu wapresku...tetap semangat utk mendengar keluh kesah rakyatmu...dan sehat selalu utk masyarakat yg sdh disapa dan di dengar keluh kesah nya,tetap semangat dan semoga semuanya cepat membaik dan secepat nya pulih kesehatan dan ekonominya.aamiinğŸ¤²ğŸ¤²ğŸ¤²ğŸ¤²ğŸ™ğŸ™ğŸ™ğŸ™",1764988158
Kakak ketua buzzer : Ayo serukan bare minimum,1765077044
"Jgn salahin yg hujat dia, itu lah kenapa perlu nya jalur yg sehat dan bersih ketika nyapres, ga ubah2 aturan, jadi nya sampai sekarang di pertanyakan kredibilitas nya dan akan selalu salah karena itu bagian dari konsekuensi cara kotornya di awal",1764985838
"coba dilihat hasil mencatatnya, soalnya setaun ini krg ada ya",1764951315
Ya allah pak yg lain aja pencitraan.. jenengan yg ijasah nya palsu malah duduk dengerin suara rakyat.. harus e jenengan ya pencitraan too.. lek kaya gini gimana persaan yang ngehujat bapak,1764990289
pas pulang dibuang buku nya dijalanğŸ—¿,1765065613
gibran sering dihujat karena dia anak jokowi coba aja kalo anaknya si megachan atau anak dari pejabat yang lain pasti tu pada diem wkwk,1765109000
ğŸ˜‚ğŸ˜‚ğŸ˜‚ğŸ˜‚ğŸ˜‚,1765073786
"@z:ada aksi nyata dihujat, ga ada aksinya juga di hujat.
emg paling bner ganti rakyat nya aja",1764929831
sehat sehat pak,1764930591
"kadang orang lupa, saat bencana gini mereka ga hanya butuh makan, pakaian , mainan tapi juga butuh diajak ngobrol , di dengarkan bukan cuma mendengarkan harus gini, harus gitu . cuma ngobrol , di denger keluhan nya itu adalah obat juga bagi orang2 yg tertimpa musibah. semangat saudaraku",1764995124
ğŸ™ğŸ»ğŸ™ğŸ»ğŸ™ğŸ»,1764921914
Semakin pengen kabur aja dlu,1765112992
"giliran kena sorot kamera di bilangnya "" Carmuk "" giliran ngga kena di bilangnya "" ngga kerja "" susah sih emang kalo orang baik tuh, selalu salahğŸ™",1764934984
jangan hanya di catat doank tapi segera laksanakan apa yg dibutuhkan rakyatnya.,1764936676
sehat2 pak wapres,1765008574
Sat set gercep,1764991779
like my id,1765048656
kalo dari awal udah gasuka ya sampe kapanpun gasuka,1765084321
mas gibranğŸ—¿,1764935789
Sdm konoha plng rendah seasia,1765113648
"BUKAN WAKTUNYA MENCATAT , tapi cpetan kasih bantuan . mereka butuh makanan dan pakaian juga obat""an....",1765091266
"Kasih bantuan kebutuhan pokok. Beras, minyak goreng, teh, kopi, gula, biskuit, mie instan. Kasih selimut, sarung, sandal jepit, jaket. Kasih juga obat2 an",1764975186
serba salah yh jadi pak Gibran ğŸ˜,1764946884
semuaa yg dilakuin pejabatt dibilang bare minimumm.. maunyaa pejabat2 inii nyuapin nasi ke mulut rakyatnya satuÂ² kahh??,1764931318
"walau itu keliatan normal bagi kalian tapi tolong kasih rasa hormat,tidak bisa berkata baik tolong diam,beliau sudah berusaha menjalankan tugas nya sebaik mungkin,salah kalian hina benar pun kalian hina,mau nya apa? apa memang suka nya menghujat dgn mencari kesalahan org lain?",1764933957
"Sehat2 mas gibran ğŸ™, terus semangat meski masih bnyk sekte babah berkeliaran di mediağŸ™",1765039157
semoga semua pemimpin sedekat ini dg rakyatnya.,1765181962
jng ke aceh pak,1764982806
gua yg sering scroll x sama tt,1764983003
ini yang pada bela si Gibran pada ga liat kah bapaknya utang melonjak dimasanya??udah utang dimana mana terus hutan dibabat hufttt,1765120156
"salut sih meskipun bukn pndukung 02, tpi klo cra kerja ny bgus amanah gw dukungÂ² aj slama dia ngajalnin tugasny dgn bnar gk ngerugiin kit jg buat apa dihujat",1764938891
anak gadis itu ketika sudah besar tumbuh jadi gadis cantik dan sukses dan dia akan mengingat bagaimana pemerintah berusaha memberikan yg terbaik,1765109450
varel bramsta lebih berwibawa dari pada yang satu iniğŸ™ğŸ˜ŠğŸ˜ŠğŸ˜‚,1765112962
"sehat selalu mas wapres, Allah selalu mudahkan perjuanganmu aamiin....",1765086938
dia hanya ingin menjalankan tugasnya.... jgn dihujat njir.... terlepas beliau anak dari presiden sebelumnya,1764959266
,1765000988
Apaan si anjir bare minimun kocakkkkk,1764947752
ğŸ¤£ğŸ¤£ğŸ¤£,1765075401
bencana adalah tempat syuting para pejabat,1765011884
"Tindakan kaya gini secara objektif memang ada gunanya, sedikit ngasih kesempatan korban meluapkan keluh kesah, biar ngerasa didenger. tapi perlakuan ini bisa jelek bisa bagus tergantung tindakan selanjutnya. kalo catatan itu di rangkum dan langsung ditindaklanjuti, ya bagus. kalo ditulis tok, gk ada tindak lanjut, ya jelek.
masalahnya kan track record pemerintah secara general memang berkutat di nenangin doang, solusi yang konkret jarang keluar, ditanya rencana, jawabanya ""kami akan kordinasi"", ""kami akan hubungi"", ""kami akan bersinergi untuk menanggulangi"". yang rakyat dan khususnya korban butuhkan kan kuasa dan hak para pejabat yg besar untuk membantu di skala besar dan makro, sesuatu yg cuma mereka yg punya.
pejabat dan pemerintah tuh bukan junjungan, gk perlu di positif thinking in, perlunya diawasin biar kerjanya bener.",1765095959
"ga turun kelapangan, dikata katain ga buka mata lah ini lah, giliran kaya gini masih dihujat heran guağŸ˜” panjang umur buat pak presiden dan pak Gibran juga yang lagi kena musibah semoga hatinya di tabahkan dan cepat selesai hingga ga berlarut-larut aamiinğŸ¤²ğŸ»",1764932771
baru kali ini dah dari jaman Soekarno sampe prabowo yang wapres nya yang kelihatan cuma pak Gibran malah lebih kelihatan kerja dari pada presidennya,1765010678
aaaa pgnn nangisssğŸ˜­ğŸ˜­ğŸ˜­,1764987760
Kalian ngehina dia? Sedangkan bupati terdampak aja malah pergi umroh ğŸ¤£,1764930257
"bersihin hati klian deh kalo masih sering jelek jelekin, ga bisa banget liat dari sisi positif, apa susahnya sama sama bangun negri, bukan saling menjatuhkan, miris.",1764930923
definisi right person wrong time sih mas gibran,1764942029
lahh ngapain beliau yg catat. mana aspri nyaa?,1765063717
"Itu kalo di catat ga akan muat keluhan masyarakat, sorry yg ke gini udh ga ngaruh lg ke kami, kami hanya butuh aksi nyata, rakyat sudh pintar",1765039160
"mana catetannya, bersih amat kertanya",1765020680
2025 catet ?? MANA CAMPAIGN AI DAN CODINGNYA ??,1764956780
Seharusnya g usah di tunjukin kegiatan baik mas wapres biar rakyat sendiri yg brsuaraâ€¦orang baik gini masih di hujat ğŸ˜­,1764981046
"Gini ya, gw udh bosen dikatain pembenci, hati busuk, gagal move on, blablabla. Sekelas kepala n wakil kepala negara, segala tindak tanduknya itu less practical. Mereka dtang ke lapangan utk mengamati n mengambil tindakan, urusan sprti di atas itu lvl ajudan/bawahannya. Knp salah? krn jdi g efektif n efisien. Dibelahan dunia manapun, ga ada yg kyk di atas. Jabatan gibran n prabs itu decision maker, mereka leader. Susah emng enlighten orangÂ² yg milih idolanya krn ""Anies gtau diri blablabla"". LagiÂ² anies, lgiÂ² bwa iri dengki, penyakit hatiğŸ¤£. Udh bosennn.",1765085988
gerak cepat d sangka carmuk..gerak lambat d bilang lelet..dasar setanğŸ”¥ğŸ”¥,1765121477
"pada bandingin blio sama maruf amin, padahal Maruf amin juga kerja, sama ke blioâ€”cuma jarang ke ekspos aja",1765248068
ngurus anak 2 aja berasa ini ngurus netizen jutaan beratttt,1765126361
"ingat yaa, rakyat Prioritas namun jadi pimpinan tidak mudah harus memecahkan banyak persoalan.. kita bantu dengan terus berpikiran positif dan berdoa masalah kita masalah indonesia dapat di selesaikan bersama.. Tumbuh sehat membaik Negriku..",1765091215
dia datang cuman nyatat trus balik lagiğŸ˜,1765104982
Orangâ€ sibuk pada turun ke lokasi untuk memberi bantuan tp netizen sibuk cari kesalahan orang yang lagi ngebantu,1764926503
ğŸ¥°ğŸ¥°ğŸ¥°,1765090182
Gue yakin dia masihjd harapan bangsa,1764940617
"Sehat semuanya ya yang terjun ke lapangan termasuk mas wapres sehat selalu semoga dalam lindungan allah swt, yang terkena musibah semoga diberikan ketabahan diganti sama allah dengan yang jauh lebih baik amiin",1764930850
"kata dosen HTN aku â€œkalau pemerintah emang bagus akui, tapi kalo jelek evaluasiâ€",1765071685
Turun ke lapangan masih aja di hujat apalagi kalo gak samsek apakah bakal di demo,1765118539
ğŸ’™ğŸ’™ğŸ’™,1765117792
itu kenapa micropon wapres gak dibawain sebelah nya sih?,1765069625
"heran sama yang ngehujat, toh juga kinerja dia baik, bahkan yang dilakukan dia sekarang belum tentu dulu dilakukan wapres"" lainnya, kalian melihat karena dia anak jokowi, tapi cobalah liat sisi lainnya,",1764931162
"Kalau mahfud masih mungkin , kalau cak imin????",1764984493
liat aksi setelahnya klo ad perubahan baruâ€¦. klo nyatet doang mah saya juga bisağŸ˜,1765012337
paling bener ganti rakyat,1765084596
semoga sehat selalu pak wapresğŸ¤²ğŸ¤²ğŸ¤²,1764988724
anies mana biasanya kampanye,1765121165
emang paling bener ganti masyarakat nya,1764983268
"cuma dicatat, beda sama kdm",1765115214
jir komennya pada bikin ketawa ğŸ˜‚,1764928179
sekelas wapres aja ga pake rompi anti peluru sebelah.....,1764927915
sehat selalu mas WaPresğŸ™ğŸ”¥,1765004384
ga pake rompi om?ğŸ—¿,1765023909
kerja nyata kayak gini aja masih ada aja yg gasuka dan ngehujat penyakit hati emang susah disembuhinnya :(,1764932942
"keluhan warga dicatat, biar ga lupa krn dah pelupa...ğŸ˜‚ğŸ˜‚",1765065805
buzzer buzzer,1764988017
"idk how to tell u guys, but please let them be. ya emang dari awal udah banyak kontra karena beliau menjabat, tapi kalo ngelakuin hal baik ya udah apresiasi aja, kalian mau marah juga beliau akan tetep menjabat sampai masanya habis. jadi rakyat tuh yang netral gitu loh, kalo hal jelek dan merugikan ya ayo kita demo bareng2, tapi kalo hal baik ya tetep apresiasi. aku bukan ngebela tapi itu juga termasuk hal baik meski tetep aja minusnya adalah kenapa belum diumumkan kalo ini bencana nasional padahal kondisi udah kaya gitu ğŸ˜”",1764983617
Cara terbaik Gibran untuk menebus kesalahan yg pernah bapaknya lakukan sebelumnya. Orang ada kalanya berubah menjadi lebih baik ğŸ«¶,1764981554
sehat selalu ya pak Gibran dan pak Prabowo â¤ï¸,1764927981
"Yeeee giliran gini aja, dibilang bare minimum",1765096484
"Sehat, Sabar, Sukses selalu mas",1764958399
"Jaga kesehatan pak Wapres dan Panjng umur trus ğŸ¥°ğŸ¥°
masih bnyak yg harus d kerjakan buat Rakyat Indonesia ..ğŸ”¥ğŸ”¥",1764983147
"komennya parah banget, gk ada salahnya kan mengapresiasi kerja wapres? yg pd komen bare minimum yaudah terserah pendapat kalian, tpi kan gaada salahnya mengapresiasi kerja seseorang",1764931029
gini ko bnyak yg bilang plonga plongo ğŸ˜©ğŸ˜©ğŸ˜©,1764976088
"dia dihujat sana sini tetap sabar loh selalu serba salah Dimata orang padahal dari raut wajahnya kelihatan lelah banget,semoga diberi kesehatan oleh yang maha kuasa pak wapres ğŸ¤²",1764978012
"dicatat dilakuin jugaa ya pakkk, jgn di simpenğŸ™ğŸ»ğŸ¥º",1765130873
"kadang ganti rakyat, kadang ganti pejabat. tp ini ganti rakyat sih âœŒï¸",1764933233
gibran lagi kerja gesss. emang harusnya gini dari dulu2 juga â˜ºï¸,1765072028
"ntah itu bare minimum atau pencitraan saja, semoga rakyat si bolga di beri hati yang lapang dan bencana ini cepet berlalu bisa kembali pulih kyk dlu lagi. beneran ga peduli sama pejabat yg penting mereka kasih bantuan ke sibolga jir",1764929223
wapres doang kayaknya yg keliatan kerja,1765066787
Ngeliat kolom komentar dah lah ganti rakyat ğŸ—¿,1765019594
Sehat selalu Pak Gibran ğŸ’ªğŸ˜Š,1764944471
gibran: keluhannya apa dek.?,1764986687
"ngeliat komen disini gasangka masi ada aja yg nyari celah hujat, diluar kekurangan beliau, gabisakah kita kayak â€yaudahâ€, dia ngejalanin tugasnya, ngga diem diem bae kaya wapres sebelumnya, kalo gada hal negatif kenapa kita harus hujat beliau?cmiiwâ¤ï¸",1764932207
"skg gw sadar.,kenapa dia BS berthn jadi wapres termuda,dia dewasa berpolitik,sabar bgt woy,dihujat org byk jwbnya wujud demokrasi,pdhl udah kebablasan",1764978128
plis... aku belum lihat abah,1764951666
semangattt mas gibran dan pak prabowo ğŸ¥°,1764946861
"dia yg nyamperin dan nanyain satuÂ² keluhan orangÂ² disitu aja udah beda dari yg lain,yaallah tolong lembutkan hati manusiaÂ² pembenci yg bisanya cuma ngetik pakai kataÂ² jahatğŸ¥²",1765075922
jaga lingkungan agar lingkungan menjaga kita.banyak pohon di tebang pemasangan Gian sell malah di tolak mau jadi apa Indonesia di 2045?,1765122935
"saking jarang nya pejabat mau begini sampe bare minimum ginian di lebih2kan.. tp gapapa ko di puji, biar pemerintah yg lain kalo mau di puji ya harus turun tangan kaya gini juga. sekecil apapun usaha pantes di puji kok.. semoga jd contoh yg baik",1765120155
"kalau tidak bisa membantu, setidaknya berdo'a yg baik2, atau lebih baik diam. belajarlah menghargai org lain. jadilah orng yg yg memiliki empati. smua org sdng berlomba2 utk peduli dan menolong org yg lagi kesusahan. jadi, klo TDK bisa membantu apapun, alangkah baiknya mendo'akan yg baik2. mengkritik boleh, tp jgn suka menghina org lain.",1764966132
nyatat aja tapi gk bantu kan,1764986373
ğŸ˜‚,1764989788
"plizzz normalisasi pejabat kalau gini emng kerjanya dia,gak usah di dewakan",1764926679
ya aloh semoga sumtra cepat membaik,1765250051
ğŸ¤£,1765039838
Pas adiknyaa nangis ikutan anngnis ya allah sehatâ€ semuaanyaa ğŸ˜­ğŸ˜­ğŸ˜­ğŸ™ğŸ»ğŸ™ğŸ»,1765079842
ğŸ¤²,1765257156
â¤ï¸â¤ï¸â¤ï¸,1765115394
"janganlah suka menghina orang.. jujur aku sakit hatiii bgtt, karena tau persis bagaimana rasanya kalau dihina itu..
apalagi bagi yang suka ngatain planga plongo.. sumpah, gilaaaa bgt jahatnya.
Kalau ternyata orang yang kita hina itu lebih disayang sama Allah, maka kitalah yang bakal celakağŸ¥º",1764930972
potensi utk meraih simpati,1764983607
oh tumben,1765078135
"kenapa tidak buat rumah subsidii untuk korban banjirr, dri pda diposko padatÂ²kedinginn ayo pemerintah presiden buat rumah subsidi yg sudah ada brngÂ²nyaa untuk mereka tinggalğŸ˜­ğŸ˜­ğŸ˜­ğŸ˜­",1764933176
siapapun yang turun dan membantu korban karena keikhlasan hatinya insyallah disehatkan dan dimudahkan rejekinya,1764989229
"orang yang membencimu belum tentu mereka bisa seperti mu pak, tetap mengabdi untuk negri ini ğŸ˜",1765122297
"di mata para pembenci wapres selalu salah gak ada bener nya,",1765005979
ğŸ¥°ğŸ¥°ğŸ¥°,1765336538
"Ada gak si negara lain yg sprti negara kita? Presiden dri masa ke masa semuanya di benci,langkah dan tindakannya selalu di salahkan,apa seharusnya bukan ganti presiden tapi ganti rakyatnya? ğŸ˜…",1765153369
gibran : ok noted!,1765116826
"Spill dong min catatannya,Jangan jangan ditulis asam sulfatğŸ¤£ğŸ¤£ğŸ¤£",1765047373
"Bagus lo di catat , biar g lupa . Abistu tinggal realisasikan. Semangat wapreskuğŸ˜ğŸ™ğŸ»",1764988473
wah bnyak buzzer nih ğŸ˜‚,1765085670
Yang saya salut dari Gibran itu dia tak pernah pakai emblem (Bros) dipakaiannya yg menandakan dia wakil presiden dan stylenya sangat sederhana banget tidak mnandakan seorang wakil presiden. the real berkerja sepenuh hati untuk rakyat good job mas . smoga sehat selalu ğŸ™ğŸ¼,1764953085
ğŸ¥°ğŸ¥°ğŸ¥°ğŸ¥°ğŸ¥°ğŸ¥°,1765252565
pak Gibran peduli banget sama masyarakat sering dia turun ke masyarakat bawah agar menyadari bahwa mereka banyak yng membutuhkan bantuan,1764938172
Full effort ngene Ijeh wae dihujatğŸ˜­ğŸ˜­,1764930425
respect [sticker],1764936300
ğŸ˜… yo ndak tau,1765041100
siapin jejak digital buat modal 2029 ituğŸ˜¹,1764981075
rompinya pake dulu pak â˜ºï¸,1765051538
"netizen nih maunya apa, dia turun ke lapangan aja uda bagus, masih sempet nyari kesalahan hadeh",1765010367
"mas wapres panen pahala dari para hatter,
sehat2 mas wapresku",1764985669
gayamu,1765042708
Lailahaillallah ğŸ˜«,1765083064
ğŸ™ğŸ¤²ğŸ¤²ğŸ™ğŸ˜­ğŸ˜­ğŸ˜­ğŸ˜­ğŸ˜­,1765112534
walaupun dia wapres tabrak konstitusi kita jangan slalu menghujat perlakuan dia,1765061161
"@naaâ˜… ues ganteng, jos tenan",1764998067
"guys hargain la, iya ini bare minimum tapi apa susahnya untuk ngucapin ""terimakasih"" kepada beliau? kalian mempermasalahkan tentang jangan terlalu mendewakan tapi siapa yang mendewakan dia? sejauh saya scroll komentar gaada kok. Udah lah mulai sekarang kalo ada pejabat yang membantu seperti beliau ( ga untuk pencitraan ) ya makasih dulu aja",1765104253
Udah gini pemimpin masi aja ada yg hujatğŸ¥º,1764936500
gak usah d catat masyarakat butuh pangan pak ...KLO hanya catatan percuma,1765074585
"serba salah bgt di mata netizen, ada terus yang dikomentarin",1764924507
karena nasehat bi mega kalau blisikan keluhan rakyat harus dicatat,1765069247
"benerÂ² harus segera ganti rakyat, komenya benerÂ² miris bgt. sehatÂ² pak Gibran",1764930391
"mantap pak, keren pakai sepatu brand lokal ğŸ‘ğŸ‘",1765041227
GANTI RAKYAT AJE BERISIK BGT SEGALA ARAH DI HUJAT MULU HERAN AMAT LIATNYA ğŸ’”,1764930515
@Gibran Rakabuming trimakasih sehat selalu persiden dan wapres sampek detik ini rasa percaya dan harapan saya masih sangat kuat memilih kalian untuk indonesia maju...semangaattt pak..menjalan kan tuga nya. @gerindra,1765080169
"Didoakan saja smua cepat di pulihkan. Jd waspres psti cape, blm tentu kita bisa lebih baik. Kita Jgn tlu jahat jd netizen. Smoga Cpt pulih indonesiakuğŸ™",1764931698
wkwkwk,1765031942
Smgt pk,1765166122
Ga punya sekretaris ya? Kerja di belakang layar aja gimana? Kayaknya lebih bagus lagi ğŸ‘ŒğŸ»,1765064470
MasyaAllahğŸ¥°ğŸ¥°,1765171909
"Orang kalo dah benci atau ga suka, apapun yang dilakukan orang lain, sekalipun benar tetap aja salah yağŸ˜©",1765069408
ga pake AI Pak?,1765031727
"antusias sekali warga Indonesia, banyak cerita rakyat tapi tak pernah di dengar pemerintahğŸ™‚,",1764922049
"kenapa sih bare minimum bare minimum terus, tau ga sih, saat kita dapet musibah, ada orang yg kapasitasnya di atas kita terus peduli sama kita, itu tuh bikin perasaan korban serasa di dengar, ada rasa gak sendirian, tolong jangan lihat dari segi pa wapres nya, tp dari sisi korban, yg jadi merasa lebih baik meskipun keadaan lagi sulit",1764932243
keburu kelaparan,1765108179
"MANA ROMPI ANTI PELURU NYAAA,KAN KALO GINI GAK KELIATAN PENCITRAAN NYA",1764935605
faktanya prabowo menang karna ada gibran itu aj,1765084322
aku bukan team beliau waktu pemilu kmrn. tp liat gini aku ikut seneng. semoga catatan2 yg bapak tulis itu bisa dicari jalan keluarnyağŸ™,1764936761
"Kasian nggak sih pemerintah selalu disalahin, husnudzon aja guys sama mereka siapa tau emang itu dari hati nolongnyağŸ¥º",1765072398
"iyaa gaiss this is bare minimum, tapii kita juga perlu hargai belio sbg wapres dimana dia udah mau turun langsung ke lapangan dan mendegarkan keluhan rakyat, lihatlah sisi positif nya karena kalo kalian lihat dari negatifnya terus mau jadi apa negara kita? kalo SDM nya saja tidak mau berkembang",1764930468
Yg salah itu mentri kehutanan ga si?? Tapi kenapa sampe presiden di hujat habisâ€an yaa?,1764928363
bis tuh dibaca ga?,1765098072
"drpda jelek""in trus mending kita doain kepala negara kita biar kerja bener, kerja takut akan Tuhan buat Indonesia.",1764955078
"semangat wapres kuuuğŸ¥º panjanggg umurrrr pakk, sehat sehatt yaaaâ¤ï¸â¤ï¸â¤ï¸â¤ï¸â¤ï¸â¤ï¸â¤ï¸â¤ï¸â¤ï¸",1764933029
"orang baik akan selalu ada ujiannya,tidak apa2 tetaplah semangat walaupun banyak yg menghujat",1764947850
jiembot,1765067162
"kok kemarin tgl 4 di nagari salareh aia, kec. palembayan, agam, ga kek gini",1765023730
"respect, semoga udah di catet lanjut di kaji dan aksinya juga terlaksana ya pak!",1765084317
mas ga pake rompi ?,1764990070
wapres mana yg mau desak desakan sama bau kringet kalo bukan pak Gibran semoga sehat selalu wapres,1765059522
serba salah of the yearğŸ¤£,1764926183
as he should. ya emang harusnya begitu. dia minta dipilih kan supaya rakyat emg dilayani. what's so special about it?,1764932130
"Padahal dia langsung turun ke tempat loh, mencatat semua keluhan, atau apa yang dibutuhkan. Tapi masih dihujat? ya allah hati kalian udah gelap kah sampe sebenci itu",1764925932
presiden sama wakil presiden kali ini cobaanya banyak bgtğŸ¥º,1764927042
sangkin mau beri semua rakyat nya yg dimau sampe dicatat sangkin takut lupa,1765115268
Udh gtu doang,1764988761
"Mau bagaimanapun pasti bakal di prasangka buruk terus sama orang, kasihan sih",1765045192
GBU mas gibran,1764936198
Terlepas dri kasus nya seenggak nya beliau ini menjalankan tugasnya dgn baikğŸ˜¢,1765103964
sabar ya pak wapress diem salah turun ke lapangan juga salah...begitulaahh hidupp...,1765003183
Mas Gibran : Noted Pak/Bu ğŸ™ğŸ»,1764993459
banyak yg ngatain bare minimum.. coba abah yg nyatet pasti dipuja puji ğŸ™‚,1764975055
presiden dan presiden negara lain ada yang bisa seperti presiden kita ga si.,1765071010
ğŸ˜³,1765083753
ğŸ¥°ğŸ¥°ğŸ¥°,1765076478
buku setipis itu emg muat pak?â˜ºï¸,1765288671
"Walaupun muda pemikiran dan pengalaman kerja lebih luas .
gak nyesel pilih mas Gibran .",1765074675
semoga dikasih semuağŸ˜­,1764935814
ğŸ˜‚ğŸ˜‚ğŸ˜‚,1765060730
"at least dia bantu, yang ngehina beliau anda belum tentu lebih baik.",1765104606
semua serba salah di mata pembenci..sehat selalu pak @gibran_rakabuming ..selalu dalam lindungan keberkahan Allah SWT..,1764982577
TUHAN YESUS TOLONG,1765037749
ğŸ¥º,1764996036
pas pulang lupa udh kaya janji lapangan kerja 19 rb paya termul koplakğŸ¤£,1765115159
Masya Allah baru kali ini punya wapres yg terlihat bener bener kerja nyatağŸ¥°ğŸ¥°,1765080201
â¤â¤â¤â¤â¤â¤â¤,1765079373
sok sok an,1765338256
dia lagi kampanye gays,1764982395
semenjak si wabah nyapres rakyat jadi terpecah belah gini,1765043447
gaberani repost tmn2 gw banyakan pendukung 01 ğŸ™‚ disindir lg tar gw,1765105672
pada ngeliat dari sudut yg positif aja guyssss. plss di situasi kya gini masihhh aja ada orang yg gasuka sampe over hate..pak gibran loh juga manusia.,1765120560
"Kalau presidenya saya panggil Pak Gemoy, kalau wapresnya saya suka panggil mas Gibran aja bahasa nya anak jaman NowğŸ‘ğŸ¤£",1765249226
kalo uda benci ya semua kebaikan emg ketutup guysğŸ™ğŸ»,1764930619
buku yang pasti ga cukup 1 ya pak,1765111947
"LailahaillAllah Muhammad RasulAllah Allahumma Sholli Ala Sayidina Muhammad Waala Ali Sayidina Muhammad ğŸ˜‡ğŸ¥°Jangan Lupa Baca Ayat Kursi Sesuda Sholat Yah Kawan""ğŸ™Œ",1765117807
,1765095677
gini lo Farel datang tanya keluhan masyarakat apa yg di butuhin bukan malah nunjuk air foto ama emak-emakğŸ˜¹,1764930568
yg ngehujat emg bener harus ganti rakyat nya deh,1764929911
"Pak wapres mandiri sekali MashaAllah. Bawa note, nyatet sendiri, semoga dilancarkan segala niat baik. Segala yg baik kembali baikğŸŒ¸",1764974903
semangat wakik presiden [lovely],1765002285
"miris bngt pada bilang bare minumum. padahal bare minimun itu ya pemerintah daerah nya. pres dan wapres itu kalo mau mereka cuma tunjuk orang aja buat ngirim bantuan, tp ini langsung turun kelapangan dimana pemerintah daerahnya ga peduli sama warga asuhan nya. kalo kalian semua bilang itu udh tugasnya, lalu apa tugas pemerintah bagian daerahnya? untuk apa dibentuk kalau ttp pusat yng kalian mau untuk turun langsung kebawah",1764934778
bagus sih pencitraannya kek bapak nya lanjutkan,1764999318
jadi ingat zaman dulu Yg Masuk GOT,1765338582
"yg hujat tuh udah bantu seberapa banyak sih sebenernya, tolonglah ntr kalau gk keliatan salah lagi ğŸ˜­",1764942892
"Yang kek gini dihujat, kalo gak turun juga kehujat?",1764951484
perlahan gw malah makin percaya ame lu gib[cry],1765115986
"yg kmren 19 jt lapang krja aja blm ada kbr,ini mlah nanya mau ny apa ğŸ˜‚",1765064160
"bandingiin sama wapres sebelum ini deh,emang pernah keliatan?",1764926029
sehat selalu pak gibrannğŸ«¶ğŸ»,1764928975
best,1764931435
"Catat apa yang kamu kerjakan,, kerjakan apa yg kamu catat,,,Good Wapres",1765092992
"wait, why do you have to jot down their needs ? just donate their basic needs ğŸ˜©",1765115800
sht2 sll wapresku ğŸ¤²ğŸ¥°,1765061884
"duhhh udh yaa jangan terlalu judge ke beliau.. beliau juga udh berusaha sebisa beliau , saling menghargai aja",1765089013
"harus pake rompi anti peluru lah bran, nggak takut apa ketusuk kayu gelondongan ğŸ—¿",1764954229
Enak ya klu jd pejabat gak perlu mikir dg kerjaan ckup pura2 sibuk aja biar keliatan kerjanya. ğŸ¥º Pleaaaasss jgn serang komenan gua ya gaesğŸ™ğŸ™ğŸ¥º,1764996421
"orang yg sll jalannya lurus pasti banyak diterjang badai ,begitulah pak wapres kita ini,Dimata orang yg membencinya apapun dilakukan sll salah",1765010847
"saya rasa dia sudah melakukan yg terbaik, namun dgn yg sudah terjadi dan dgn yg akan terjadi. dia tdk bisa berbuat apa apa.",1765075993
"gue yang kurir aja nangis,
apalagi kalian yg suka retur2 pkett",1764975057
biasa aja. Berharap memang itu di tulis & dicari solusinya. Bukan pencitraan.,1765018482
Terbaik Mas Wapres Gibran ğŸ‘,1765061756
"pada ngomong bare minimum bare minimum, ntar kalo dia kasih yang lebih dari bare minimum dibilangnya pencitraanğŸ˜Œ",1764934648
buzzer detected..,1765081284
"@ghai:sbnrnya ini bare minimum, cm krn jrg nemu pejabat yg begini jd agak gmn ya kek oh ada ya yg gini?. but makasi banyak pak gibran udh turun lapangan begini",1764930819
"serba salah , di bantu salah ga di bantu salah. dengerin rakyat salah ga dengerin rakyat salah...",1764930840
sakit sih yg over hate,1765107344
"sebenci2nya kalian ya, klo liat org LG lakuin baik please puji dan hargai jgn dikomen aneh2, kalian jg salah satu org jahat itu klo masih byk komen",1765008465
rompi anti roket nya ko ga di pake,1765010475
"capek bgt ga sih? badan capek mental juga capek dia tuh.
ngadepin rakyat yg udh diusahain pun masih tetap salah.",1765086893
"knpa ya rakyat kita gini, apa apa salahğŸ™‚â€â†•ï¸",1764934385
"korupsi salah baik salah
sebenernya kalian ini maunya apa? kalian yg jadi presiden kah??",1764977056
pak gibran klo gini kok ganteng siiğŸ˜­,1764932816
Hooh hooh hooh,1764998824
Pak gak pake rompi anti perulu?? ğŸ˜­ğŸ˜­,1764935722
"teman2 jangam jahat2 yaa ketikannya, sakit kalau ada yv ngehinaa pak wapres",1764941373
sehat2 wapreskuuuuğŸ¥°ğŸ”¥,1765076820
"kalau ada apa-apa yang disalahin langsung presiden dan wakil presiden yang dibully, mereka ada aja bahan buat menjelekan.
padahal ada kades, bupati/walkot, gubenur, dpr. itu semua juga mereka yang milih tapi kalau ada apa-apa yang disalahin pemerintah pusatğŸ¥²",1765114252
udh dulu mainannya,1765122015
sehat terus pak presiden dan wakil presiden kitağŸ¤²ğŸ¤²ğŸ¤²,1764924175
"pak terimakasih ya pak, meski bapak jarang di apresiasi oleh rakyat bapak sendiri â¤â¤ sehat selalu pak wapres dan presiden",1764934658
Turun dihujat ga turun dihujat mau nya gimana sih ya Allah â€¦ bersyukur aja napa sih â€¦,1764946069
yg dari hati beda sama yg pencitraan .. Gibran terbaik,1764950912
bjir sangking banyak org nggak genahnya di pemerintah hal yg kek gini org2 pada takjub. Tapi emang sih mendingan gini daripada yg mau ngirim alat olahraga ğŸ˜­,1765097618
"Cuma di indo yang kerja yang dihujat dan dikritik habisâ€an, yang ga banyak kerja main aman tenangâ€ aja hidup nya ğŸ˜‚",1764948624
sehat sehatğŸ¥°,1764948636
ğŸ¥°ğŸ¥°ğŸ¥°,1765249256
ğŸ˜ŠğŸ˜ŠğŸ˜Š,1764998521
min kok wapres nggk pake rompi sama pikul berass Zzzzzzzzzzz,1765089943
ğŸ˜,1765121094
dia sepetti melakukan skripis mengumpulkan data di lapangan kmudian di analisis.. lalu di kerjakan secara perlahan.,1764926387
Walaupun ini sudah tugas mereka tapi sebagian besar seperti mereka ga akan bisa seperti ini mendengar dan mencatat keluhan masyarakat ini salah satu perhatian lebih ke masyarakat Terimakasih pak wapres mau merespon masyarakat,1764990685
"kalo kalian kira ini luar biasa, kalian benar. karena diantara semua pejabat, termasuk menteri kehutanan dan PAK PRESIDEN, wapres gibran setidaknya terlihat kerja dan mendengar. dua hal yang seharusnya pekerjaan pokok pejabat
diantara semua pejabat korup dan asbun, wapres dtng dngan sedikit angin segar
apa saya pendukung jokowi atau pak wapres? tidak. waktu pemilihan saya bahkan tidak memilih beliau
apa saya merasa senang dengan kebaikan beliau? ya. saya senang",1764993731
"kasih nilai negatif di bilang cinta negara, kalo kasih nilai positif di bilang buzzer ğŸ˜‚ emang sakit SDM tiktok nih",1764951744
wapres serasa sahabat â˜ºï¸,1765298555
"Ganti Rakyat aja udah,Diam salah Gerak di sebut pencitraan,aneh kalian....ğŸ—¿ğŸ—¿",1765056290
â¤â¤â¤,1764987640
selamat bertugas mas Wapres.. smoga masyarakat disana terbantu dengan hadirnya jenengan.. trimakasih..,1764947805
catet doang buat apa anjer,1765080167
sehat selalu mas Gibran. semoga dimudahkan semua,1765076637
gerak salah ga gerak salah,1765082680
"Selain ngelakuin aksi mikro kayak gini, yang lebih penting adalah aksi skala besarnya. Kalau memang peduli sama rakyat harusnya seluruh pihak yang bertanggung jawab sama penggundulan hutan ditindak tegas sehabis ini.",1765065542
"@z: ada aksi nyata dihujat, ga ada aksinya juga di hujat",1764930607
mas gibran akan menjadi presiden RI selesai pak prabowo subiantoğŸ™ğŸ¥°,1765065266
"Eh ini yang masih nanya kenapa Gibran dihujat? Ya jelas lah â€” nulis keluhan masyarakat itu cuma bare minimum buat seorang wapres, jangan dirayain kayak aksi malaikat turun bumi.
Lagian dia sama Prabowo juga kebijakannya banyak yang dipertanyakan, jangan polos begitu.
Belum lagi jejak pemerintahan sebelumnya yang sering disorot publik soal urusan lingkunganâ€¦ masa itu semua pura-pura nggak keliatan?",1765041851
â£,1765298421
"inilah yg membedakan dia dengan yg lainnya! pdhl bisa minta ajudannya mencatat..tapi TIDAK DILAKUKANNYA! KENAPA? AGAR APA YG DISAMPAIKAN MASYARAKAT TIDAK ADA YG TERLEWAT DAN BISA DIKERJAKAN MAKSIMAL!
MY NEXT PRESIDENT",1765067913
@aliaa @nw,1764929269
catatan si Gibran live in tv,1765089525
Sehat2 Bapak WapresğŸ™ğŸ™,1765083874
resiko pejabat publik ya harus siap mental apalagi berpolitik.ğŸ‘dihina difitnah dicaci dimaki sdh biasa.,1764984040
"tidak perlu menjelaskan kepada pembenci,,tidk asa artinya...",1765092281
"gua salfok sama sepatu mas Gibran @sepatukanky ğŸ‘
#lokalpride",1765069024
"Iya bare minimum iya, tapi ga semua pejabat bisağŸ™ğŸ»",1764947236
gini ajaaa masih ada yg ngehujatttt ğŸ˜©,1764990146
Emg paling bener 2026 ganti rakyat deh,1765082628
emang paling bener ganti rakyat,1764929186
"orang kerja salah, ga kerja juga salah heran gua ma",1764932964
pake rompi anti peluru pak,1765125808
"Sehat-sehat, Pak Gibran ğŸ¤",1764978522
itu yg hujat punya mslh hidup apa si,1764945549
"kemarin wapres afk sampe akhir season pada diem, giliran wapres kerja di caci ğŸ¤¡ğŸ¤¡ğŸ¤¡",1764974159
"Kerja di hujat, ga kerja di hujat. Ga capek apa ya hati dan pikiran org org yg gampang ngehujatğŸ˜Œ w aja yg cuma baca hujatannya capek anjr istigfar mulu",1764930971
"gini salah gitu makin salah,rakyat indo kenapa sih? apa susahnya husnudhon jangan suudzon mulu ya rabbi allahuakbarğŸ¥º",1765097098
ğŸ˜ğŸ˜ğŸ˜,1765062595
"Indonesia negara serba salah, susah di ajak maju",1764984258
"@your.jenniekim ğŸŒ™:Padahal dia cuma bertugas sesuai kapasitas dia , tp kenapa byk yg gasuka bahkan ngehina dia ? Apa manusia skrg udh ga punya hati dan empati?",1764930198
"ini kan yg kalian hujat perkara isu ijazah palsu?
sedangkan yang mengatakan ijazah palsu aja ga ada turunn/ga muncul saat kondisi ini",1764947015
gatau lebih suka Gibran dibanding pejabatÂ² yg lain.,1765082581
"logika nya menyediakan kebutuhan pokok bust korban dulu aja gak si kayak tenda makanan dan tempat buat tidur dll ,gausah harus dll, pantes lelet bantuan nya",1765125613
sehat selalu pak ğŸ™ŒğŸ»,1765065974
Mas wapres pake lokal pride sepatunya kerenğŸ¥°,1764993126
ğŸ™ğŸ™ğŸ™,1765097984
sehat-sehat yaa keluargaku disana ğŸ¥º,1764980983
sehat2 selalu Bapak akuğŸ¥°,1765106686
dia cuman nyatet doang bjir,1765083160
netizen anj emg mau gibran ngapain aja selalu sala,1764939454
sehat2 pak wapresğŸ¥º,1764984966
terimakasih pak wapres gibranğŸ™,1764938280
setuju sama steatment ganti rakyattt,1765071114
"KOK BISA ANAK YANG DITANYA
.KADANG KADANG",1765071467
"ini hal yg emang seharusnya di lakukan nggak sih, saking bobrok nya pemerintah kita sekalinya ada yg bagus dikit langsung jadi dewa, miris banget yakğŸ˜…",1764986771
"ga bermaksud belain, tp ini yg lebih mending dikit ketimbang yg udah2",1764935065
"kata mak gua pas wapres ke sumbar,dia ganteng bangett,putihh,tangan nya lembutt,kepengen jadiin menantu,tapi sayang anaknya ga ada yg gadis lagiğŸ˜‚",1765249687
Semoga catatannya dibaca ya,1764927882
"normal ini mah der, gak angkat beras + gak pake rompi level 3 FF",1764949194
pdhl ada ajudan yg harusnya mencatat,1765083535
"nyatet salah ga nyatet salah, pokoknya semua salah. wess heran polllll",1764936062
tapi di kerjain ga tuh,1765087679
"kalo baik di puji dan dukung, dia juga manusia, kalo salah di ingatkan atau dikritik. setiap manusia berusaha melakukan yg terbaik, perihal hati biar menjadi tugas kita dengan tuhan kita, hilangkan kebencian saat melihat kondisi sesama mengalami musibah. yang pasti hubungan sesama manusia menjadi kewajiban manusia lain membantu dengan cara yang kita mampu.",1764938306
"sorri, emank sekelas wapres ga ada ajudannya yg tukang nyatet2? ğŸ˜…
saya kalo lihat KDM ga perlu dia catet2 tiap ketemu warga, selalu ada ajudannya yg akan ditunjuk KDM untuk mengurusi dan yg pasti selalu diberesin jd ga cuma PHP..",1764932733
"wapres tersibuk sepanjang masa. tapi masih aja di hujat habis"" an . ğŸ¥º",1764931630
plongo,1765072157
setidak nya dia datang gk mikul beras dan pakai rompi anti peluruğŸ—¿,1765035579
"orang kalo udh benci, mau liat orang bener pun tetep salah di mata mereka",1765033869
"aku syg bgt sm presiden sm wapres yg sekarang ,sehat selalu buat mereka ğŸ¥º",1764925296
aku merantau ke soloo waktu itu solo masih di pegang sama mas gibrann aku kagum gimana maju nya kota tersebut ditangan beliau makanya aku ngga ragu buat pilih dia cuma sedih nya knpa banyak yg hujat pdhl beliau ini sederhana ramah poll sama rakyatnya,1764938150
ğŸ¥°ğŸ¥°ğŸ¥° Gibran is the best,1765080097
apasi anjir komenan nyaa jahat bangettğŸ˜”,1765123121
Minimal per keluarga bikinin rumah senilai 500jt,1765080395
sehat selalu mas GibranğŸ¥¹ğŸ™,1764984557
"kalau berita pak Gibran males buka komen,masih banyak keluarga Yaman gak terima dan mencaci maki beliau",1765061208
"semua relawan non pemerintah juga mencatat kebutuhan masyarakat dilapangan, pemerintah itu kan sudah menjadi tugasnya kan digaji dari rakyat,jadi wajar mencatat segala kebutuhan saat bencana,mungkin wapres tau sendiri membangun jalan membangun rumah dan memperbaiki lingkungan yang sudah ada",1765092799
"kenapa harus dicatat,direkam lEwat hp terus disave suara korban kan bisa",1765071838
wkwk kek beneran dicatat aja,1764991135
"ganti rakyat aja deh , aneh bgt heran anjir ğŸ˜­ğŸ˜­",1764932715
GANTI RAKYATğŸ˜ŒğŸ™ğŸ»,1764942427
Semangattt pak GibranğŸ¥¹ğŸ¥¹ğŸ¥¹ğŸ¥¹ğŸ¥¹ğŸ¥¹,1764939097
jadi inget film bang madit kalo abis beramal di catat ğŸ¤£ğŸ¤£,1764982355
"pak wapres aja gak gitu amat pake rompi anti peluru , biar apa coba rel verel",1764994080
"yang berbuat salah siapa
yang di rujak habis habisan siapa
kenapa harus berisik kalo bisa damai sih? ğŸ¥¹",1764934001
"Ini indo emang harus ganti rakyat sih, ganti presiden mau yang gimana juga kalo rakyatnya gini ga ada yang berubah, serba salah mulu",1764953220
pernah liat dokter lari lari gendong anak yg keselek kacang? emg udah tugasnya kan nyelamatin nyawa orang tapi klo di negara sana hal kaya gitu di apresiasi lo gatau klo disini,1764982456
ga pernah liat wapres sampe turun kelapangan gini. baru kali ini liat nya.,1765158233
Lebih baik bawa buku saku dripda angkut karung beras,1765124225
bukan wapresnya yg hrus dganti tp rakyatnya yg hujat gg si,1764981144
"negara ga sehat, cuma di indonesia presiden sama wakil presiden di hujat abis abisan",1765085422
"emang tugas dia guys,please jangan buat bare minimum jadi sesuatu yang wah.",1764924873
Sehat selalu pak Wapres...,1765109253
"sekelas wapres aja gak pake rompi anti peluru,gak sok soan bawa beras padahal di pelakunya,yang di bawa cuma bolpen dan kertas untuk mencatat keluhan masyarakat yang terkena bencana.",1764934560
wapres kyk gni masih ae bnyak yg ngehujatğŸ˜,1765084207
wapres emg harusnya gitu tapi jangan dirujak juga anjirrr emg netizen si paling maha benar,1765079020
"ğŸ—£ï¸:pak pengen ngising
pak wapres:sip di catatâœï¸ğŸ“„",1765025902
"udahlah kita objektif aja. kalo emg dia ga kerja ya kita kasih kritik, kalo dia kerja yaudah apresiasi, kita harus seimbang, gabisa terusÂ²an mengkritik seolah dia gapernah kerja, gabisa pula kita terusÂ²an mengapresiasi seolah dia selalu sempurna. #manusiatidaksempurna",1765184238
"Serius tanya yg hujat tuh , klian mau nya wapress kek gmna si anjj??",1765008792
"beliau selalu bilang, ""atas perintah pak presiden"", mereka tu saling menghargai banget, kompakğŸ¥º",1765007353
mas gibranğŸ˜‚,1765015405
sehat sll mas gibran,1765156162
lelet,1765072284
plis sdm indo gini bgt yhğŸ˜­ğŸ˜­,1765012643
tutor ikut komen buzzer dong,1764994237
"tapi aku kasian klo liat pak gibran, dia serba salah",1764937763
"Sehat selalu pakk, semoga bisa membantu semua rakyat indonesia yang sedih terkena musibah",1764944801
"tukang kredit lagi catet2 panci, gayung , kenceng.. ğŸ˜ğŸ˜ğŸ˜",1765046902
"bener bener, disinu yang paling bermasalah itu rakyatnya sendiri",1765101987
ayo pak Mahfud jadi wapres,1765092018
ğŸ˜‚ğŸ˜‚ğŸ˜‚,1765060315
dia itu sudah sangatÂ² yg terbaik untuk indonesia kenapaa di hujat apa yg menghujat itu buzzer,1764997365
"Tugasnya yang jauh adalah support dana, dukungan, dan doaâ€¦ Tahan jarinya dari hal-hal yang bisa melemahkan para relawan dan korban. skip dulu pertanyaan tidak bermanfaat, kritik sana-sini.. yang bisa membantu, bantulah tanpa perlu menjatuhkan dan menjelekkan satu sama lain. Ini perkara kemanusiaan, keselamatan jiwa adalah hal yang paling utama. Mereka semua sedang berusaha dengan segenap kemampuan terbaik mereka. Para keyboard warrior, berhenti sejenak membahas hal-hal yang tidak esensi.. Bantu, kita bantu mereka.. minimal dengan doa. Semoga Allah berikan kekuatan dan kesabaran bagi para relawan, teruntuk para korban semoga diberikan keteguhan hati. Ini semua sudah menjadi bagian dari takdir, semoga Allah gantikan dengan yang lebih baik atas semua ujian dan musibah ini. Untuk para pemimpin semoga Allah memberikan hidayah sehingga bisa lebih bijak dan bekerja dengan keras dalam memimpin serta mampu melewati keadaan ini dengan baik dan masyarakat bisa segera kembali beraktivitas normal.",1765063575
"dia sibuk ngibur orng orng kena musibah TNI dan beberapa aparat serta orng baik sibuk bantu yang bisa di bantu
netizen maha benar sibuk nyari kesalahan,,ğŸ˜",1764980334
nahh ini baru benar,1765084597
bupati yg tiba2 pergi umroh liat nih contohin bukanya kabur dari tanggung jawab,1764939544
keren mas Gibran,1765069420
"dari komen org2 yang menghujat kinerja presiden dan wapres akhirnya gw sadar d konoha ini kesulitan meyakinkan lalat bahwa bunga lebih indah daripada sampah., dan sebaik apapun kinerja beliau tak cukup mengurangi rasa benci yg sudah terlanjur kokoh dan mendarahdaging",1764938904
kelihatannya sepele dan sederhana membawa buku catatan tapi disitulah keistimewaannya seorang wapres mencatat segala keluhan masyarakat yg terkena musibah dan yg nantinya direalisasikan jadi tepat sasaran dan berguna,1764974443
semoga ga dicatat aja ya pak,1765069167
"banjir ada dimana mana, kamu dimana? aku kangen..",1764930202
"orng berbuat baik dihujat, orang berbuat salah dihujat paling bener gnti rakyat",1764930708
nyatet doang ga ada solusi,1765040561
dari dulu wapres Indonesia apa pernah turun lapangan kayak gini? cobak tanya bapak ibuk kalian dari jaman presiden kemarin2 wapresnya gmn. heran deh.. giliran wapres turun ke rakyat malah dihujat,1765077176
saking useless nya yg begini jadi wow bgtğŸ˜­,1764927152
abis itu di buangğŸ¤£,1764922112
ada yg beneran kerja tp dihujat.,1764944836
sehat-sehat pak biarin aja orang-orang yg ngehujat masih banyak di luar sana yg peduli.,1764974646
Terima kasih BapakğŸ–¤,1765111413
â¤ï¸â¤ï¸â¤ï¸â¤ï¸â¤ï¸â¤ï¸,1765116902
"thats why pilihan ku ğŸ”¥,lebih baik pilih yg muda masih punya tenaga sehat keaana kesini ğŸ’œ",1764979996
smngtt mas Gibran,1765115899
itu mah busek Hima jg bisa @shadoowww,1765116435
jadi keinget waktu pramuka saya,1764990607
rompi anti peluru nya manağŸ˜š,1764946449
"Ini komennya kok gini semua, kasi video dikit kek gini luluh, di puja puji. It bare minimum banget untuk sekelas wapres",1765113530
mas gibran ko gak pake rompi ğŸ˜­,1764990818
"jejak baiknya dulu kan gitu,dg di catet masyrakat hahaia walo GK ada jawabannya ğŸ˜,inget bgt klakuan bpknya dulu dikit dikit suruh ajudan catet apa apa catet tp habis dia pergi udah tanpa kabar ğŸ¤£ğŸ¤£",1765022081
namanya pemimpin pastinbanyak penghujatnya juga tetap berbuat baik pak gibran,1764981585
"semoga ngga dicatet doang tapi didengar sm ditanggapi yh bpk, salam sehatğŸ™",1765076535
knp ga ada yg pegangin mic mas gibran,1765102724
"ganti wapres âŒ
ganti rakyat â˜‘ï¸",1764934112
Udah paling bener ganti rakyat,1764984252
"Pak Prabowo, mas Gibran.. Demi Allah, aku gak pernah nyesel milih kalianğŸ˜ŒğŸ™ğŸ™ Sehat selalu panjang umur, negara butuh kalian.",1764932235
"yg gini tuh harus nya tugas DPR , namanya aja Dewan perwakilan rakyat. aspirasi rakyat diserap DPRD kab/kota, diteruskan ke provinsi dan DPR-RI. baru ditindaklanjuti oleh kementerian dan di sahkan oleh Presiden. masalahnya jaman sekarang DPR nya ga pernah turun ke masyarakat, jadi aspirasi dari tingkat bawah aja udah ga terdengar. di tingkat nasional DPR nya sibuk ribut sama menteri. Menteri nya juga banyak yg afk. ribet banget birokrasi negara ini",1764941717
kok SOLUTIF,1765122225
anj,1765061403
gibran:,1765069573
rata2 yg ngehujat PP nya anime,1765009922
,1764992590
emng yg bnr gnti rkyat,1765061385
"nanti diem aja dibilang kaga peduli,
kalian ni knpa si ğŸ˜­
selagi hal hal baik ya dukung aja, semoga masyarakat disana juga terbantu
kita yg masih sehat dan diberi keselamatan dari musibah tinggal doakan yg terbaik buat sodara"" kita disana.
please guys udah bukan waktunya saling hujat, ingat kita semua SAUDARA ğŸ™ğŸ˜Œ",1764937611
"tau yang bikin Indonesia gini2 aja?
semua hal, semua orang, semua objek mau begini mau begitu semuanya serba salah.",1765078054
lg bawah buku nyatat yg mau ikut arisanğŸ˜‚ğŸ˜‚ğŸ˜‚ğŸ˜‚,1765066447
njis,1765039477
"yaelah dia cuma ngerjain APA YANG UDAH SEHARUSNYA dilakuin, noh tim sar udah pontang panting ga ada yang muji",1764955689
ğŸ˜ğŸ˜ğŸ˜,1765172040
kalo di ig udah full hujatanğŸ«£,1765113060
bukan orang yang beratur untuk ketemu dia. tapi dia yang berjalan silih berganti untuk bertemu rakyatnya.,1765103202
sekelas wapres juga gapake rompu anti peluru lohğŸ—¿ğŸ—¿,1764943989
Banyak jg penyepong gibran planga plongo ya disini,1765032869
"""di akhir jaman cari lah pemimpin yang banyak di benci karna itu lah yang paling jujur "" , kata baba gua si begitu",1765115458
"semua capek gays, semua lelahhh, semua juga pusing please stop menghujat sana sini, saling merangkul di saat kondisi seperti ini, jika tidak bisa bantu donasi please bantu doa",1765011602
"semangat mas wapres ,gk usah dengerin omongan org nyiyir ,yg pnting kerja ikhlas , insyaallah usahamu mdptkan balasan dr TuhanğŸ’ª",1765098361
sip saya catat,1764982621
"thank you for this, vice president. haters hate. that's their only skills.
ğŸ˜",1765079612
moga terealisasikan,1765017496
ampoooonnnn KONOHA ğŸ˜¡ğŸ˜¡ğŸ¤£ğŸ¤£ğŸ¤£,1765105536
Byk bgt buzzer fufu ğŸ¤£,1765060364
akhirnya ngeliat kinerja wakil presiden setelah bbrp tahun galiatğŸ™ğŸ»ğŸ˜­,1765073787
"pak Gibran sehat selalu,doa kami orang Sumatra menyertai seluruh jajarannya di berkati...",1765247715
udah lah 2026 ganti warga aja,1764928580
Setelah puluhan tahun merdeka baru kali ini merasakan fungsi wakil presiden,1764940234
ğŸ¤£ğŸ¤£ğŸ¤£,1765111292
"wapres sebaik ini di hujat?
berarti kita harus ganti rakyat",1765169504
sehat sehat mas gibran,1765070732
bupati aceh Selatan umroh jir,1764985077
"ga ada videonya dibilang ga kerja, ada videonya dibilang pencitraan. kaya wapres sebelum kerja lebih bagus ajağŸ«©",1764939631
Gak adah tah aplikasi donasi langsung untuk merekağŸ˜«ğŸ˜«ğŸ˜«ğŸ˜«ğŸ˜«,1765068002
sad bgt si hidup di indo ğŸ˜­ setidaknya beliau terjun langsung dengar keluhan warga itu salah satu bentuk tanggung jawab beliau kita sebagai rakyat harusnya apresiasi dan dukung kok mlh d hujat si ğŸ˜­ yg bilang bare minimum hey semua hal besar juga berawal dari langkah kecil,1765049073
ğŸ¤£ğŸ¤£ğŸ¤£,1765076903
"Krn cara mencalonkan jd wapres yg salah jd banyak org yg gk suka sedangkan yg bener menjalankan proses menjadi wapres tp kinerjanya gk bagus ,jujur qw suka sm pak gibran meski itu anak dr pak jow",1765013852
ga bela siapa2 tapi biasanya yg diatasnya kerjanya udah bener kadang bawahannya yg bikin onar dan yg disalahin presiden dan wapresnya padahal mereka kerjanya udh semaksimal mungkin,1764936447
itu wapres apa juru tulis,1764980905
pa wapres knp g pke cardigan ğŸ˜¢,1764989824
wapres: pucing ni tapi harus tetap kuatğŸ˜Œ,1764941034
sambil beler jg ampun...,1765065743
ngerinya dsni sarang ternak. woowww,1765069352
ğŸ¥ºğŸ¥ºğŸ¥º,1765065041
lah ya terus kenapa bukan nya itu memang tugas nya yah ngapain di videoin,1765079254
ini bukti kalo kita sbg manusia bisa lupa. walaupun itu hal yg wajar. jd gimana caranya biar ga lupa sm keluhan rakyat ya dicatat. krna otak ada kapasitasnya. keren bgt,1764983839
ğŸ˜‚ğŸ˜‚,1764984029
"pas lagunya, saya fans berat beliau, semoga beliau. selalu di berikan kesehatan ğŸ¥°ğŸ¥°ğŸ¥°",1765095715
"nah kerja bran, tolong kasih tau gemoy suruh bawa catatan ya bran biar kaga lupa maklum faktor u dia",1764933900
rompi anti pelurunya mana mas wapres?ğŸ—¿,1765349772
2026 ganti rakyat aja,1765073945
"di kasih wapres muda sat set gesit gini masih juga di katain plonga plongo,dasar rakyatnya aja yang kurang bersyukurğŸ¥ºğŸ™ğŸ»sehat selalu wapreskuğŸ‘ğŸ»",1764937489
Baizuhh,1765028199
abis dicatat langsung dianggurinğŸ˜‚,1764936012
"Dia di caci, di hina, diragukan, tp dia tetap bekerja menjalankan tugasnya sebagai wapres. Anda hebat mas Gibran.",1765086718
catat juga 19 juta pekerjaan ğŸ—¿,1765065163
"gimana mau maju indonesia, rakyatnya aja pedes bgt mulutnya sm pemerintahğŸ¤£",1765035088
Asistennya ngapain??,1765047825
"semua semuanya di hujat,maunya apa sih",1764977326
Kok komenannya template bgt yaa,1765067104
"pejabat/pemimpin yg mw minta maaf ke rakyatnya itu jarang bngt diindo...
dia turun langsung ke masyarakat tanya keperluan dicatat dan akan ditindak lanjuti...lw kamu blng emnk itu tugasnya dia... berarti dia bertugas dengan baik sesuai tugasnya...jaman sekarang sulit buat nemuin pejabat sperti itu...itu yg bikin kita respect",1765066491
Nyatet iuran RT ğŸ¤£,1765055695
"yg di aceh sbr ya, mas waspres msi di tapanuliğŸ™",1764938698
"dia tidak peduli apa kata orang saat ini, karena yg sedang dia tunjukkan adalah sisi kemanusiaan",1765127309
11 12 sama zulhas !,1765129605
pak wapres baik asli dia udh prnh bntuin kluarga kami nebus byrn tagihan rumah sakit krna adik gw sakit mninggal g pny bpjs ...jgn bully wapres ku .......ğŸ¥ºğŸ¥ºğŸ¥ºğŸ¥º dia baek...shat3 mas wapres,1764984286
Ni bujjer di byr brp anjrit,1765076128
Gaysss dia mendengar keluhan rakyat dia mencatat apa yang dibutuhkan rakyat ğŸ¥º,1764934888
sehat sehat pak gibranğŸ™,1765073982
â˜ºâ˜ºâ˜º,1764988693
"sudah dikasih progress kinerja sama presiden wapres malah dihujat sana sini, semua butuh waktu ya temanâ€™ soalnya yg diperbaikin bukan mainan tapi negaraâ˜º",1765025991
"kerja dihujat, mgkn kerja dihujat juga.. serba salah bahğŸ˜Š",1765105995
Ternis Alergi liat ginian ğŸ—¿ğŸ—¿ğŸ—¿ğŸ—¿,1765090191
Padahal Gibran ini punya sekretariat. Harusnya dia ga perlu capek2 nulis. Pikirkan solusi nya.,1764938652
memory 2mbğŸ¤£ğŸ¤£,1765070765
turunkan harga vnd pakğŸ—¿,1765008860
"guys bukan muji berlebihan tapi dengan kita bangga dan muji tuh jdi bahan semangat beliau buat berkegiatan krna ngerasa di apresiasi, cntoh guru tugasnya ngajar cuma klo kalian apresiasi kalian puji beliau bangga ga? beliau ngerasa di butuhkan dan merasa berharga, jdi gapapa muji selagi bukan seperti mendewakan, btw turut berduka cita sumatera, tidak ada korban bertambah dan semangat buat kalian semua â™¥ï¸",1765193557
"Woy, buat kalian yang komen negatif, bisa ga sih hargai capenya org ? wapres itu manusia, kerja salah, gak dipeduli salah, astaga, parah banget rakyat indonesia",1765119333
Dicatet biar ga lupa PR nya banyak pak buat indonesiağŸ˜­,1765043339
Semangat wapresku,1765078596
"mantap pa, rakyat senang dngn istilah baik bapakkk, ttp semangat pa",1764923617
2026 ganti rakyat aja,1764935152
pusing ya pakğŸ˜­ğŸ˜­,1764979634
"ingat,apapun yang dilakukan sama pak wapres, bakalan tetap salah dimata sang pembenci ğŸ˜Œ",1764922405
"gesss... beliau udah dateng aja itu udah sangat amat luar biasa, karena kalian nggak tau gimana padatnya jadwal beliau, kalau mau dipikir ni ya bahawan beliau banyak nggak perlu turun langsung kelapangan, tapi karena beliau punya rasa pedul(Insya Allah), jadi beliau yang turun langsung kelapanganğŸ˜ayo ubah pola pikir supaya SDM Indonesia itu bisa berkualitas.",1764944284
"bener kok ini bare minimum bagi petinggi negara tapi di era petinggi negara yang ga peduli sama rakyat, ini bener bener wow guys, pls jangan hujat orang yang sedang berusaha melakukan tugasnya dengan baik ğŸ™ğŸ»",1764934365
"bagus tu, biar ga planga plongo pas ditanyain",1764989201
Emang paling bener ganti rakyat.,1765086965
semangat bapak gibranğŸ™â¤ï¸,1764947381
ğŸ¥°ğŸ¥°ğŸ¥°,1765238011
Tugasnya itu gada yang wow gada yg spesial ngerti ga sih,1764985851
"iihh ini kenapa ya komen nya kok gini
1. iya tau ini bare minimum tpi apakah semua pejabat tidak boleh dapat apresiasi?
2. iya tau bangettt iya tauuuu bangettttt ini tugas dan kewajiban nya, tpi apa kah semua pejabat klw di jabatan ini akan melakukan ini juga? seengak nya dia keliatan loh kerja nya bukan cuman *NUMPANG* nama di jabatannya.
3. mau ini tugas nya atau bukan hal gini g boleh kah dapat pujian atas tindakan nya? oh ini bukan di puja atau di sembah ya. ini cuman rasa syukur aja akhir nya ada pejabat yg melakukan tugas nya.
4. persetan mau ini pencitraan atau emng tulus dari hati yg penting ada tindakan nya, dan dia BERUSAHA MELAKUKAN YG TERBAIK.
DAN GA SEMUA PEJABAT MAU TURUN KE LAPANGAN.
klw ada yg salah iya maaf ya mungkin aku yg salah kalian yg bnrğŸ™",1765099640
masih ada yg lebih parah dari mikul beras ternyata ğŸ¤£,1765159364
Bingung sama org2 yg hujat.. giliran ada wakil presiden yg kerja bawaannya nyinyir muluğŸ˜­ğŸ˜­ memang klo ada yg kerja nyata pada julid kalian ya..sehat sehat mas gibran,1764935129
ğŸ˜‚ğŸ˜‚ğŸ˜‚ğŸ˜‚ğŸ˜‚ğŸ˜‚kmeluhhanya beras dadak dicatat,1765069728
kalo ga bisa bantu apa apa minimal support dan bantu doa . ini bukan waktunya buat kritik stop dulu ber empati dulu kenapa teman teman ğŸ¥ºğŸ¥° sedih banget di saat lagi pak wapres menolong masih di komentarin macam macam gila memang,1764927498
ada teknologi yg namanya hp / tablet utk catat2 ğŸ˜­,1765102645
@doper274 ayo baca komennya wkwkwk,1765091987
nah ini baru bener se ennga nya ke inginan warga nya di ingat dan mudahan balik lagi bawa harapan mereka terwujud aamiin,1764938237
Ini wakil emang kek anak radaâ€gitu sekilas tapi dengan turun nya dia walau gada hasil apapun ya tetap bagus karna baru kali ini pemimpin yg berani basahâ€keringat bersama rakyat setelah SBY,1764939452
"ğŸ˜­Direwangi Ra nganggo Rompi anti peluru, isih wae kenek hujat, ya alloh",1764944451
"gatau lg gue, bener ya kalau org ga suka mau kita berbuat apapun akan selalu salah. ğŸ˜­",1765090821
semangat ya pak wapres,1765107444
malah nyatet kasbon ğŸ˜­ğŸ˜­ğŸ˜­,1765118819
Beliau Aja nyatet keluhan pakai Buku Dan pulpen ngga pakai hp dijaman Sekarang Sudah termasuk luar Biasa ğŸ¥º,1764939090
tapi anis kan nyumbang 300T ğŸ˜‚ğŸ˜‚,1764986216
SEHAT SELALU BUAT PRESIDEN DN WAKIL PRESIDEN KITAA SEBAIK ITU MEREKA TP SLALU DI PANDANG SEBELAH MATAğŸ¥º SEHAT SELALU YA PAKK,1765074792
rompi anti peluru level 2 nya mana pak wapres,1765074546
Ini sosok presiden yg langs turun kerakyat bukan cuma di kantor nunggu info bawahan..,1765177191
ya emg harus gitu gasi wkwk,1765070604
oke pak terima kasih sudah peduli. sekarang mana 19 juta lapangan pekerjaannya,1764952340
plzz dari pada sewa buzzer buat muji beliau mending uangnya disumbangkan.,1765049479
ğŸ‘ğŸ‘ğŸ‘ğŸ‘ğŸ‘ğŸ‘ğŸ‘ğŸ‘ğŸ‘ğŸ‘ğŸ‘ğŸ‘ğŸ‘ğŸ‘ğŸ‘,1765091647
njirrrrrrrrrrr yg komen buzzeer semua,1765082627
mirip temen saya,1764989131
"Presiden & Wakil nya udah bener kok. Yg gk bener tuh para anggota DPR nya percayalah. Walaupun gk semua, msih ada kok yg pro ke rakyat. Tapi kebanyakan yg gak nya",1764931439
"yang belom paham
x= 01
tt= 02",1764924315
indomie kuah rasa kari kuah dikit ga pake telor cabenya banyakin taro di mangkok ya,1765102201
"berdoa, semoga semua hal yg di lakuin itu beneran amanah dan aman untuk semua.. hopeless nya jangan sampe ngehujat bahkan bully yaaaâ¤",1764924852
presiden sama wapres kerja tapi masih di hujat begitu lah +62. cuma karena junjungan kalah malah hujatan berlanjut terus. padahal kan tinggal tunggu 5 tahun juga ada pilpres lagi. hadeh,1764977650
ğŸ‘ respect,1765088755
sibuk bawa catetan buku ya guys... gak sibuk rompi antri plurunya.. sama cuma nunjukÂ² ajağŸ˜…ğŸ˜‚,1765007645
nyatat doang??? ğŸ˜­ğŸ˜­ğŸ˜­,1765216733
"gue tau ini emng bare minimum, tp apakah kalian selama ini menemukan yg kaya wapres gibran? coba sebutin siapa pejabat yg kaya gini? soalnya gue gaperna nemuin, barang kali gue kelewat atau apa.",1764938247
anis mana bisa kekgini,1765339218
"Sehat"" wapreskuâ¤",1765003969
"sehat sehat yah pak wapresss , sehat sehat juga warga segera pulih kembali normal seperti semula",1765169258
yang bilang pencitraan coba lihat diri sendiri.. apabila sudah berkorban banyak berjuang tapi tidak diakui sakit gak hatinya.. sudah seikhlas itukah kalian para penghujat.. wapres juga manusia.. yang berhak menilai ikhlas atau tidaknya itu bukan kita..,1765074572
LIHAT LAH INI SEMUA ULAH ANIES. TANGKAP DAN ADILI ANIES,1764922089
Msih mending ini dari pada yg pake rompi cuma tunjuk2 ğŸ˜‚,1764984363
Semangat pak wapres ga usah dengerin netizen skrg mah org2 ngoceh aja bisa bantu aja kgk,1764931704
"kalo aku di posisi pak gibran aku gapeduli yg hujat selagi aku menjalani tugas pemimpin dengan baik dan terima masukan dari rakyat serta berusaha mewujudkannya dengan baik juga, jadi mohon kepada semuanya jadi rakyat yang bijak juga ya semangat.. semoga daerah yang terdampak bencana bisa segera pulih kembali dan dapat beraktivitas sebagai mana mestinya.",1764938268
kaya gini kena hujatan terus,1765102092
ğŸ‘ğŸ‘ğŸ‘ğŸ‘ğŸ‘ğŸ‘ğŸ‘ğŸ‘,1765014967
ğŸ˜ğŸ˜,1765106571
wapres se oke ini dihujatğŸ˜”,1764945065
"Pak jokowi,Prabowo,gibran,Anis,Ganjar semua dihujat emang paling bener ganti RakyatğŸ˜­ğŸ˜­ğŸ˜­",1764937518
"padahal jarang loh kemarinÂ² ada pejabat yg mau langsung turun k lapangan kaya gini, toh juga kalau misal yg nomor urut 1 kemarin menang blm tentu juga dia bisa sprti itu. Positif thinking aja gaes selagi itu baik ğŸ™",1764974456
muka nya wapres lelah banget,1765024317
Itu mereka tidurnya gimana yaaa?ğŸ˜­ğŸ¥º Ada lahan lain kahh?,1764927139
"knpa sih pemimpin yg bener di hujat ,,,emang bener harus ganti rakyat",1764923225
Bukannya didengerin Malah bawa catetanğŸ˜‚ğŸ¤£ğŸ¤£ğŸ¤£,1765026306
"kadang males baca komen yg menghujat, mending fokus dan menilai sendiri dari vidio yg ada.",1765078660
sampe wakil presidennya yg langsung turunğŸ¥º,1764931727
PRINCE OF NGEDABRUSSSS,1765062251
lgian dia berusaha untuk jdi wapres yg terbaik bagi kita loh..ğŸ¥º,1765112212
ganti rakyat dah ganti rakyat,1764984855
@ğ“² Ë–. ğ“ ngel ğŸ“ ğ“‚ƒ: di indo doang presiden n wapres di hujat wkwk,1764933470
Gibran biasa aja di rujak apalagi pake rompiğŸ˜œ,1764940938
ngapain ngelist keluhan.langsung beri bantuan real aja jgn kalah sama gubernur jabar,1765231800
catat2 tokkkğŸ˜‚ğŸ˜‚ğŸ˜‚ hanya tuhan yg maha tau gamenya,1765068792
"datang salah, gak datang salah, datang liat2 aja salah, datang bawa sesuatu salah, cuma netizen yg maha benar dan tidak ada cacatnya di mata Tuhan YME",1765087679
luar biasa wapres q,1765252736
Gapake rompi anti peluru pak?,1764986132
1 hari nnti tidak mustahil dia dingkat menjadi president kan... In Shaa Allah.. ğŸ¤²,1765112532
ğŸ¥°ğŸ¥°ğŸ¥°ğŸ¥°,1765084798
baru kali aku nampak wapres barcahaya ( ikut kerja) ğŸ˜‚,1765076798
yaudah itu kerjaannya kocak ngapa lu pada kaget,1765071821
"walaupun kata orng orng ini bare minimum, tapi aku bisa ngerasain gmn rasa terharunyaa di denger samaa sosok berpengaruh di saat keadaan lagi susahh",1765068972
â¤â¤â¤â¤â¤,1765182631
sebenci apapun orang2 sama mas Gibran tapi aku bangga banget sama wapres ini...mau bilang banyak terimakasih sama pemimpin muda iniâ¤ï¸,1764942597
"Dtulis scra detil keluh kesah warganya, memastikan warganya klo smua sgra membaik",1764922266
"dia tuh kerja keras bgt buat kita,cuman g pernah keliatan aja,kasian pak wapres",1765007150
Ya Allah Gibraannnnnnnnnnnnn,1765020068
"ada wapres kerja bener,malah pada gengsi gak mau mengakuiğŸ˜Œ",1764939417
ğŸ¥ºğŸ¥ºğŸ¥º,1765077022
Semangat terus Pak!!,1765101492
dateng tu di daerah yg belom kena bantuan samsek. nyatet kaya gaada teknologi aja. katanya ai ai,1764926970
gibran arrrgghh ğŸ¤¬ğŸ¤¬ğŸ¤¬ğŸ¤¬,1765040794
"miris ngelihat komen yang selalu ngehujat habis habisan, padahal mereka gak ada ngasih impact apa apa
ngasih saran sih boleh,tapi beda lagi kalo ngehujat",1764983929
Taaekkk,1765019096
"Plonga plongo gitu brok, selevel ama wakil bapaknya dulu. Yaudah sih emg wowo ngambil dia cuman buat nyerok umatnya owi dulu",1765104680
wapres we itu ğŸ¥°ğŸ¥°ğŸ¥°ğŸ¥°,1764981225
bare minimum lah inimah,1765090359
"""APAAN TUHHH?â€œ",1765039824
sehat selalu mas wapresğŸ¥°,1765114589
"giliran dia kerja gini dibilang bare minimum, anis ngomong sama lukisan dibilang keren ğŸ¤¾ğŸ»â€â™€ï¸",1764934614
seengganya kamu mengeluh pernah didengar.,1765048359
"manusia itu mudah tp juga rumit, saya ga membela siapapun tp pada dasarnya berbahagialah kamu, ketika km termasuk manusia yg mau berusaha berubah menjadi lebih baik, keburukan seseorang cukup di kritik dan di beri saran untuk berubah menjadi lebih baik bukan hanya untuk menjadi omongan. Apapun dan siapapun adalah manusia yg memiliki hak dan kewajiban atas perubahan menjadi lebih baik dari keburukan yg telah berlalu",1764994163
Mas Gibran aja sekelas WAPRES kaga ada pake Rompi2an ğŸ˜Œ,1764953248
catat dan dibaca ya dikğŸ¥° soalnya nanti lupa kayak kasus 19 juta lapangan kerja ğŸ˜,1764951163
fungsi?,1764992667
"Aku yang dari lahir tinggal dibatam, kalo diingat kembali dibawah tahun 2012 kami selalu dapat kiriman asap karna kebakaran lahan yang ujung2nya jadi lahan terbuka ğŸ¥ºğŸ™ğŸ» jadi kerusakan hutan bukan dijaman presiden ini dan sebelumnya, hanya saja presiden sebelumnya kita belum melek sosmedğŸ¥ºğŸ¥ºğŸ™ğŸ»ğŸ™ğŸ»ğŸ™ğŸ»",1764961177
gw yg udh tau sifatnya gibran soalnya dia dlu anak meme tpi dia aslinya baik kok yang ga suka aja psti menghina ğŸ‘Œ,1765075317
gini amat punya wapres,1765074124
"apa cuma di indo smua kena hujat ,ga presiden wakilnya smuanya pkoknya,turun salah jg ga turun lapangan sualah jg,mana sedang ada musibah seharusnya samaÂ² brdoa dan saling bantu ,malah heboh saling hujat sana sini ,dan pengalihan isu jatuh ke sebuah rompi,pdhl masih byk yg hrs diperjuangkan di Indonesia ğŸ¥¹ğŸ¥¹",1764988223
"iya bare minimum klo gibran yg lakuin, klo anis yg lakuin mah udah di puja pujaa ini kwkwkwkwkğŸ™ğŸ»ğŸ™ğŸ»ğŸ™ğŸ»ğŸ™ğŸ»",1765066201
selama hmpir 30 th hidup dan tau yang namanya wapres..cuma wapres gibran yg lakukan hal kayak gini kerja lngsung turun ke rakyat dan sangat care ke rakyatnya,1764945621
"yang benci biar benci yang tidak benci jangan membalas,biar aja mereka mau gimana kita yang mendukung harus selalu mendoakan supaya tetap seperti itu",1764936197
Tai,1765043804
"padahal pejabat Korea Utara kalau ada bencana, datang sama pejabat,sambil nulis di buku,sama nih kaya Gibran ğŸ™‚ğŸ‘",1765107069
Kok ga pake rekam aja? Zaman skrg baru kali ini saya lihat yg pake catat,1765042908
sehaat2 semuanyaaa,1765095119
knp pada mghujat wapres sii?,1765003348
Ini adalah pembelajaran â€œsebaik apapun kamu kalau orang udah gasuka pasti kamu tetap salah di mata merekaâ€. Bisa ga sebelum komen berpikir dulu guysğŸ™,1764947931
ğŸ¥°,1765030967
"Lah biarin namanya org lg kerja, gausa di apresiasi emg kerjaannya kok ğŸ˜’",1765077025
semangat pak.ğŸ˜‡,1764977722
fufu fafa,1765047175
ğŸ¥º,1765032939
ğŸ¥°ğŸ¥°ğŸ¥°,1765070103
"hal sepele TK berdampak bikin mood anak2 lupa sejenak dgn musibah yg menimpanya ""bawain mainan untuk ank2"" ,Krn kyk gini jarang ada yg kpikiran lhoğŸ¥° sehat selalu mas gibran terus berbuat baik dgn ketulusanmuğŸ¥°",1764976628
padahal yg ngomong sembarangan kalo ditunjuk gantiin jadi wapres juga ga bakal bisa kek beliau..,1764974978
ğŸ‘ŒğŸ‘ŒğŸ‘Œ,1765066090
#gantirakyataja,1765086315
"efek daya ingat yg kurang, apa2 smua harus d catat, siap d catat lupa baca catatan tersebut ğŸ˜‚",1765080028
"bagus, kali ini gw dukung.",1765064164
"keren bran, gw kagum sama lu",1764934840
"tolong lah menjadi manusia yg positif, cara pandang dan bersikap yg baik,, berkomentar secara bijak dan baik..",1764934609
"gibran has 2 part of brain
LEFT and RIGHT
in the LEFT side there's nothing RIGHT
in the RIGHT side there nothing LEFT",1765083755
tiba tiba semangat,1765055316
Sebaik dan setulus ini loh ya Allah kok pada ngehujat ğŸ˜¢,1765076145
"turun ke lapangan dibilang pencitraan lah ini lah,giliran ngga turun ke lapangan dibilang makan gaji buta ngga perduli sm rakyat....mau heran tpi netizen konoha wkwk",1764955926
"hanya Allah yg maha tau sm isi hati manusia, smg kedepannya presiden & wapres diberikan kesabaran menghadapi rakyat nya yg benci mreka, mreka mencoba membantu aja salah apalagi kalo mreka diem, kita do'akan yg terbaik utk diri kita sndiri smg dihindarkan dari sifat pembenci, pembuli",1765080827
"gua bukan fans dia dan bukan milih dia, tapi gua menghargai usaha dia beneran dibanding presiden nya. kenapa? dia minta maaf lohh sm korban2, ga kek presiden nya malah kebanyakan yapping. smoga aja emg dia beneran tulus yaaa, karna klo dibanding pejabat laen gabisa berkata2ğŸ™",1765123269
abis di catat bukunya di buangğŸ˜‚,1765065055
kerjaan biasanya kak,1765126812
"lucu yaa, masalah daerah yang disalahkan presidennya, padahal bisa jadi itu ada miss di pemimpin daerahnya, kalau tidak salah ingat ada hak otonomi daerah to? berarti itu sudah diserahkan ke pemimpin daerah. Menurut saya yg sekarang bermasalah itu bukan berarti yang ""paling tinggi"", jadinya sudah terbiasa untuk ""merujak"" yang paling atas, ketika ada berbuat sesuai kodratnya malah tidak terima. Menurut saya ini tidak terlihat pencitraan seperti yang pake vest ituğŸ˜„, tapi ttp masih kena, padahal tinggal bilang ""Alhamdulillah sudah mulai ada perubahan"", tapi mungkin memang minim untuk mengatakan ""apresiasi"". Semoga yang melek matanya, tidak memandang sebelah mata",1764932277
teryata banyak ternak yaman yang masih sakit hati yağŸ˜‚,1765162693
"Spill bencana , terus catet udah pulang , begitu lah kerja nya....",1765106205
berisik bngt plisssğŸ˜­ğŸ˜­ğŸ˜­ hrsnya diem dulu gasi orh lg d tanya,1764937247
Udeh udeh ganti rakyat ajaa,1764932558
maapin ye... tapi gw sekilas muncul ni gambar di otak ane,1764985683
"sehat,sehat,sehat P.WapreskuğŸ’–ğŸ’–ğŸ’–.",1765066638
"Pemerintah lelet karena pemerintah pusat doang yg kalian tunggu, bayangin yg ngasih mainan aja sampai wapres sendiri yg datang, terus bupati dan wakil kalian kemana sih? gubernur dan wakil? harusnya h 1 bencana itu yg di cari ya pemerintah daerahnya, kebiasaan apaÂ² langsung menuntut ke pusat itu bikin yg daerah gampang lepas tangan padahal pemerintah daerah jg tanggung jawabnya sama besar. Terus ada yg bilang kalau pusat nya bener pasti bawahnya bener, hei ingat pemilihan gubernur itu lewat pilkada! kita yg pilih sendiri, terus kalau pilihan kita ga bener kita tinggal bilang aduh wowo benerin dong ini pilihan kami kerjaannya ga bener, dan bayangin 35 provinsi semuanya ga becus milih gubernur nya sendiri dan semua teriak wowo wowo benerin dong ini! thafuk?!
Jangan lupa berbenah diri ges, kritik boleh, bias jangan!",1765127344
"bandingin coba wapresÂ² yang sebelumnya apakah pernah ikut turun dan aktif begini
emang bener ganti rakyat aja ni",1764949395
kalo bener gua apresiasi bg,1764990666
sehat slluu mas Gibran,1765065188
dicatatğŸ—¿,1765115168
"udah knp sih masih aja ributin perkara presiden & wapresğŸ˜­ ini lagi bencana loh, tinggal apresiasi aja apa yang dilakuin. kalau mau ribut ntar aja selesai bencanağŸ˜­",1765079574
"ketik aja pak kebanyaan itu,kayak betulan aja",1765029956
ğŸ’”ğŸ’”ğŸ’”,1765096405
terus bantu masyarakat pak terimakasih sudah turun langsung kelapangan,1764943397
ğŸ˜‚,1765058744
Semangat pak Gibran ğŸ˜­â¤â¤ï¸,1764924674
"pak Luhut mana?
pak Luhut mana?",1765111014
intinya minta di bantu makan minum .dll gak usah di catatğŸ¤£,1765063388
baru di era pak Jokowi masyarakat mudah brtmu dgn wakil pimpinannya.tanpa jarak,1765068169
pemimpin aneh,1764987839
"kerja salah diem juga salah,ngapa si ya ni orang orang ada aja celahnya buat nyela",1765117776
"Ada yg komen bilang hrsnya bawahannya yg turun, klo ga turun nnti dibilang ga peduli. Udh wapresnya langsung yg turun tangan eh di kritik lagi. WKWK",1764939493
"it's a bare minimum sebagai pejabat anjr, jangan di romanticizing lah wkwk",1764926724
"sumpaaah ga pernah lihat pak prabowo dan gibran main , jaga dia ya allahğŸ˜­â¤",1764939993
"ketikan guys ketikan, kenapa pada enteng bgt ngehujat",1765069858
"bersyukur guyss, yg bully wapres coba klian aja noh yg jd wapres bakal kaya gitu ga?",1764934469
dia turun langsung aja udh menangğŸ˜­ğŸ˜­,1765078525
"jgn di hujat lah, dia juga kan perdana jadi wapres ğŸ¥°",1764934782
"ga sanggup baca komenan di X, sakit hati bgt bacanya",1764931131
"SEBENARNYA GW TINGGAL DI NEGARA APASIH INI, GA RAKYATNYA JUGA SAMA AJA ANJ.",1764950715
"paham ngga sih kalian, wapres melalukan hal sesederhana ini tuh bikin korban2 disana lega setidaknya mereka ngerasa diperhatikan. Plisslah, ngga semua pejabat mau unyel2an sama rakyat gitu. Jujur aku kalau lihat POV korbanpun jadi sedikit tenang kalau lihat keluhan kita dicatet, ada harapan di pertimbangkan ketimbang masukan lewat kuping yg pasti cepet lupanya",1764973437
,1764985900
Allahu Akbar yah allah subbe naullah tabakaullah Allahu Akbar yah allah cobaan apa ini yah allah terimakasih Algoritma dan tiktok terima kasih amin ya,1765123056
"orang g suka tp aku ttp suka
sebab beliau mau belajr dan mendengar",1764983642
"sumpah yaa di indo itu hebat banget kalau ngehujat ğŸ˜¢ mirisss banget ,",1765082411
lebih bagus ini dri pada rompiğŸ˜¹ğŸ˜¹,1765079598
,1764981785
"bencana itu sudah makanan untuk warga Indonesia, mosok kebutuhan primer pengungsi tidak tau",1765076423
"dia punya anak buah banyak, kerahin buat cek kebutuhan setiap tempat, analisa kebutuhan seluruhnya, ambil keputusan
kalo datengin satu-satu lama juga penanganannya ğŸ˜®â€ğŸ’¨",1764991484
"""Tidak perlu menjelaskan tentang dirimu kepada siapa pun, karena yang menyukaimu tidak butuh itu. Dan yang membencimu tidak akan percaya itu.""
~Ali bin Abi Thalib",1764989855
"yaa kalo gasuka silahkan, tapi jangan buta dengan kebaikan wapres kita",1764982529
affiliate,1765083233
"kayak gini aja pada kagum, ya bener ini bare minimum, keluhan rakyat dicatat. buat apa langsung bilang makasih? makasih itu diucapkan kalau emang sudah ada bukti nyata bahwa seluruh keluhan yang dicatat itu diberikan solusi dan bantuan sama yang bersangkutan. ya bener kata komen orang2 di sini, indonesia emang lebih baik ganti rakyat aja, ganti ke rakyat yang lebih kritis dan ga glorifying pemerintah yang kerja because that's their damn job.",1764935384
ad ada aja kelakuan satu per satu,1765098905
bayangin catatan nya kena air,1764987479
"muncul salah, ga muncul salahğŸ¥°",1765085841
buku saku lagi pramuka kah?ğŸ¤£,1764931594
"Yang kalian pikirkan waktu menghujat seseorang yang bahkan sedang menjalankam tugasnya dengan baik,apa sih? Kalian merasa keren'kah? bahagia?atau merasa beban kalian berkurang?",1765119260
netizen bisanya nyinyir doang,1764969273
ngga pake rompi tah mas??,1765339746
wapres aja pake baju biasa tetap merakyat sehat selalu mas gibran,1765147877
bukan saatnya mencela. saling jaga saling bantu. jangan lupa donasi.,1765101489
catat abis tuh buangğŸ˜¹,1765099309
yg komen termul semua mana smpe sejt lagi likenyağŸ—¿,1765124484
padahal ada teknologi recorder,1764924060
"serba salah anj kyknya,smuaÂ² keliatan jelek d mata pembenci",1764930366
"Heran bgt netijen maunya apa sih ya Allah, doâ€™ain yg baik baik ajalahğŸ˜”",1765096263
"mau wapres gmn aja ttp salah geis di mata anak abah, jd pls gausa lawanğŸ™ğŸ¼",1764937420
"jujuuurrr, sepatunye @sepatukanky",1765064043
"jangan dicatet doang pak, kami tunggu hasilnyağŸ˜…",1764953524
ğŸ¥°ğŸ¥°ğŸ¥°,1765178240
kikpanya,1765104477
"Kalau kritik dan puji harus adil ya ges, klo yang dilakukan bagus dipuji/diapresiasi, klo yang dilakukan tidak bagus/tidak seharusnya dikritik, jangan semuanya dihujat ğŸ—¿",1764985485
"nahh,yg kek gini kami mau pakğŸ˜Œ",1765102512
Ya allah aku sedih banget,1765067976
stop deh buzzer gibran,1764938555
knp di hujat ? karna tidak mengatas namakan rakyat,1765083524
"Semangat Pak Wapres, semoga yg hujat Bapak sehat selalu ya, dan Bapak makin sabar dan makin bersinar ğŸŒ·",1764994894
GK tega,1765268113
"Bare minimum bare minimum, lu pada liat pejabat laen begini gak? selain angkat karung beras sama nunjuk2 pinggir sungai sambil pake rompi ğŸ™‚ğŸ™ğŸ»",1765040460
ganti Irwandi jadi wapres daripada kayak gini,1765121434
emg harusnya ganti rakyat si wkwkw semua yang dilakuin serba salahhh. susah kalo udah pembenci mah mau ngelakuin 100000 kebaikan gabakal terlihat.,1764930267
salah mulu anjr jd gibranğŸ˜­,1765081724
"mencatat
yg mau ikut arisan daster siapa aja...",1765087340
dulu mengayomi se solo sekarang seindonesiağŸ¥° sehat sehat pak wapresğŸ¥°,1765086524
pencatat kotak amal masjid inimah,1764933980
Kyk ibu sherly,1764950072
ngak mau muji ngak mau hujat semoga sama sama sehat aja biar tetep kerja pak Gibran semangat juga buat kalian,1764984809
SEHAT SELALU PAK GIBRAN KAMI INGIN MELIHAT ANDA MEMBANGUN INDONESIA INI MENJADI LEBIH MAJU,1764993475
"rakyat oh rakyat.. wapres aktif salah, wapres g aktif lebih salah lagi, kalian tuh maunya apa sih",1765017760
Innalillahi Wainna Ilaihi Rojiun,1764993688
"bener emang harusnya ganti rakyat, ada aja yang julit anjir ğŸ˜­",1764954073
"kalo sampe hal begini di masalahin, lu pada overhate dah sumpah",1765066741
kalau anis bisanya apağŸ˜,1764932623
"???? hasil eksploitasi alam 10-20 tahun ini bisalah di jadikan dana untuk daerah terdampak di cuaca ekstrem saat ini.
bernegara ada bernegara tiada
.",1765069625
Kalian Emang Nggk Punya Hati ğŸ¥º,1764943217
"ngeliat komentarÂ² keknya mereka ngga pernah dipuji sama org deh. halÂ² sekecil apapun, selagi itu baik APRESIASI WOYğŸ«µğŸ»",1765019819
"Hey guys buat yg nanya ini harusnya tugas kepala daerah, jujur daerah udah ga sanggup tanganin sendiri ğŸ¥¹. Bahkan untuk aceh aja, para bupati udah pada bikin surat pernyataan ga sanggup menangani sendiri dan butuh bantuan pusat. Buat yg blg ini bare minimum, sure youâ€™re entitled to your own opinion tapi menurutku, sekecil apapun atau sebesar apapun effort seseorang, it still deserves appreciation â˜ºï¸",1764952646
halah halah komennya,1764938761
catet doang tar buang trmpat sampah...ngapai....aksi aja yg bener,1765059239
"ngeri yaa indo, sebenernya mah semua pejabat kek gini tapi baru ngeliat wapres kek gini pada denial. huft emang seenggak perhatian itu yaa pejabatÂ² indo sampe rakyatnya digiin aja ngerasa aneh n kebingungan ğŸ˜”",1764937058
#GantiRakyat,1765100527
"masih gak habis fikir sama yg suka ngehujat. ğŸ¥º
kalian udah berbuat apa untuk negeri ini??",1764947846
"Nah siapa bilang kemarin mas wapres plonga plongo,liat sendiri kinerja langsung berbaur ngobrol sama masy....nanti ada katakan pecitraan pula ğŸ˜‚ğŸ‘",1765193967
sehat selalu pak gibran,1765023281
ğŸ˜‚ğŸ˜‚ğŸ˜‚,1765069481
"wapres gini di hujat, yang pergi umroh malah di bela",1764989338
"sakit banget hatiku liat presiden dan wapresiden di hujat sumpa
kayak nya mmg rata2 harus ganti rakyat ajaaaağŸ˜­",1764933653
baru liat wapres kerja ....10 tahun kmren gue ga pernah liat...,1764990006
stop yah gyes ngehujat presiden dan wakil presiden cuman di indo rakyatnya kayak gini loh tapi salut sama presiden dan wapres tetap menjalankan tugas dengan baik sehatÂ²yah pak,1764992215
"klo masi ada embel embel bantuan dari peresiden"" bantuan dari wakil peresiden"" apa lagi bantuan dari dpr"" dah lah pencitraan doang itu bukan benar bener cinta rakyat",1765031644
"Ga pake rompi ga pake masker langsung terjun ke lapangan, masih aja di hujat",1764934205
apa si yg dicatet jd kepoâ€¦,1764930865
ğ™³ğš˜ğšŠ ğšğšğš›ğš‹ğšŠğš’ğš” ğš/ğš” ğ™¼ğšŠğšœ ğ™¶ğš’ğš‹ğš›ğšŠğš—ğŸ¤²ğŸ¤²ğŸ¤²ğ™¹ğšŠğš ğšŠ~ğ™»ğšŠğš–ğš™ğšğš—ğš ğšœğš’ğšŠğš™ ğšğšğš”ğšğš—ğš ğšğ™¸1ğŸ˜ğŸ˜ğŸ˜ğŸ˜ğŸ¤²ğŸ¤²ğŸ¤²,1764976849
"komennya awikwok banget :""v itu emg udah kewajiban dia sbg wapres, gak perlu overproud ğŸ™",1764961465
"Nah gini memang seharusnya.. bukan pejabat yg nanya doang terus lupa, harusnya memang di catet.",1764987529
Dari pada kita punya wakil,1765120258
ğŸ˜§ğŸ˜¨ğŸ˜°ğŸ˜¦ğŸ˜¯ğŸ˜¯,1765256788
ya allah sedih bangetğŸ˜­,1764954315
"at least dri segala hal yang ga di dengar, dia masih mau mendengarkan, disemogakan aja apa yang disampaikan warga diturutin, karna banyak pemerintah yg bilangnya bkl mensejahterakan rakyat ternyata malah korupsiğŸ˜‚",1764948012
Rompi anti peluru nya mana pak gibran??,1764992991
Ilmu pak prabowo nurun k mas gibranâ€¦smngtt trs masâ€¦,1765078767
"klw sdah benci dan sakit hati mw bagaimanapun berbuat baik ke org lain tetap bakal salah d mata pembenci nya...... #wabah
(N)ajis",1765007287
"WARGA TIKTOK KENAPA DAHHHH, KEK HUJATAN GINI KOMEN2 NYA",1764988426
meanwhile in other universe si verrel pake rompi bjir,1764946952
"Iya ini emang udah tugas wapres guys, tugas rakyatnya hanya mencari kesalahan.",1765001795
"Heran banyak yg bilang bare minimum seolah ga perlu bilang trimakasih, padahal sama halnya posisi seorang anak kepada orang tua, ketika orang tua bertanggung jawab ke anak, melindungi anak, memberi yg dibutuhkan, pasti kita sebagai seorang anak akan sangat berterimakasih kepada orang tua walaupun itu bare minimum mreka kepada anak, intinya tugas memanglah tugas, kewajiban tetap kewajiban, tapi tidak semua orang bisa bertanggung jawab akan tugasnya, saya tidak membela pejabat manapun, tp saya miris melihat org2 yg tidak bisa menghargai jerih payah orang lain dengan dalih krn itu tugas nya, pdhal taruhannya nyawa juga turun langsung membantu korban bencana ğŸ˜Œ",1764947389
sebaik ini masih dihujat sama orang-orang yg tiduran sambil ngetik komentar jahat ğŸ˜­ğŸ˜­ğŸ˜­,1765008500
fufu fafa lg nebus kesalahan era bapaknya. emang kalian pikir hutan ditebang itu era menteri nya siapa? dampaknya emang ga lgsg.. nah skrg gong nya. menteri ga akan bisa lolosin perijinan jg klo bukan dr atasnya. ğŸ™‚â€â†”ï¸,1765048136
buzzer semua bejir,1764948447
GUE GA LIAT BELIAU PAKE ROMPI ANTI PELURU ğŸ™‚,1764994745
"kadang suka lucu sama natizen maha benar, yg turun ke lapangan di hujat, ngk turun lapangan di hujat juga, maunya apa natizen yg wahai benar ğŸ˜‘ğŸ˜‘ğŸ˜‘ğŸ˜‘",1764994985
ğŸ”¥ğŸ”¥ğŸ”¥,1764984978
kadang yg salah itu ga selalu pemerintah tau..,1764952417
"Yg pd ngehujat udah pada nyumbang berapa sih, herannn",1765071257
"halah,netijen juga cuma bisa hujat. padahal Gibran juga mau kerja. giliran ga kerja dibilang planga plongo. minimal klo mau kritik gausah pake nada membenci. dia wapres nyatet keluhan warga,sedangkan pemimpin daerah sana malah sibuk menjilat presiden,bahkan ada yang tbtb umroh",1764942730
Prabowo mendidik gibran sangat baik..sekelas prabowo aja msh jdi menhan smpai jadi RI 1 selalu mencatatn hal di buku kecil,1764934173
"RAKYAT STRESSSSS, UDAHLAH INDO GANTI RAKYAT AJA KAYK LU PADA MAMPU AJA JADI PRESIDEN DAN WAPRES KAYAK MEREKA",1765089570
Buzzer kabeh ğŸ¤£ğŸ¤£,1765106895
gak pake Fathom pak? biar AI bangetğŸ™ğŸ»,1764985935
masih ada juga rakyat yg percaya.,1765043754
mending wapres yang sekarang ye warpes yang kemaren kebanyakan maen di belakang layar atau nganggur,1765116624
"gua umur 24, belum pernah nyoblos alias golput, karna gua tau semua pejabat itu akan menjadi tikus pada masanya tampa terkecuali. Tapi sejauh ini saya masih respek sama gibran. saya waktu pilpres golput jadi asli ga mihak siapa siapa.",1764943653
ganti rakyat aj presiden SM wapres isinya salah trs dihujat trs,1765098965
gua buka x sama ig naudzubillah ketikannya semuanya ğŸ˜­ EMG PLING BENER 2026 GANTI RAKYAT KEC GUE!!!,1764933178
"Kerja di hina, gakerja apalagi. Emg kita harus ganti rakyat",1764985709
"yang bilang lelet-lelet, sudah nyumbang kah buat korban bencana?",1764977911
Sehat selalu pak Gibran,1765113979
"jujur aku juga lebihh suka catat d buku catatan harian.. kayanya lebih masuk ke otak dan hati,klo d HP suka lupa",1765080773
"miris bgt, di indo presiden sama wapres dihujat abis abisan",1764938859
dicatat doang utk pencitraan atau lgsg dikerjakan. klo cm utk pencitraan doang mah smua bisaa. yg penting itu tindakan setelah itu ada ga dan bantuannya seperti apa,1765070823
semoga mas Gibran slalu di beri kesehatan slalu...,1765046954
walaupun bukan pendukung mas gibran tapi lama2 kasihan loh dia sama pak Prabowo kayak gak banyak dihargai usahanya.,1764945229
Gaafal?,1765088833
"BUAT PAK PRESIDEN DAN WAKIL NYA PAK SELALU SABAR YA PAK SEMANGAT YA, MAU RAKYATMU BILANG APA TETEP BERUSAHA DI JALUR LURUS INSYAALLAH ALLAH GAK TIDUR PAK KEBAIKAN BAPAK DAN USAHA YANG DILAKUKAN AKAN ADA HASIL NYA PERCAYA PAK",1764941828
netizen ini gmna sih.. wapres skg itu krja loh.. kalian ga inget mantan wapres bapak ny dia dlu kmna ajaa weyyy,1765082399
bare minimum,1765081663
"@remahan: intinya orang kalau udah benci mau kita jadi malaikat tetap dilihat seperti iblis begitu sebaliknya orang kalau udah suka, kita seperti iblis pun dimata mereka ya seperti malaikat. oleh karena itu kita sebagai manusia cuma bisa jadi baik versi diri kita aja jangan nuruti orang lain karena yang benci tetap benci yang suka akan tetap nrima kita.",1764986191
"diem di hujat, gerak juga di hujat.. emang paling bener netijen dgan segala komen nya ğŸ˜­",1764998054
eee itu catatan keluhan kan bukan catatan death note buat nyatet nama warga,1764924095
ganti rakyat aja deh capek juga atmosfer rakyatnya toxic :),1764933761
"biar aku ga suka sama bapaknya tp aku sama mas Gibran, mas Gibran ini kliatan org baik,dia kliatan tulus ,biar Tuhan Saja yg menilai mas Gibran,tetap kerja nyata buat rakyat mas jngan hiraukan pembenci",1764977382
Wapres ku sehat selalu Tuhan memberkati ğŸ™,1765074198
"makanya jadi rakyat jgn apa""ngehujat mulu,turun langsung dikritik ga turun tambah dikritik,tahan aja dulu ketikannya tunggu aksi""lainnya gimana kalo lalai dalam melayani baru deh kritik.",1765129333
mantap pak gibran ğŸ™ğŸ™ğŸ™ğŸ¥°ğŸ¥°,1764989020
pov: pak wapres ayo ayoo keluhanya apaa biar saya catat,1764946471
mas gibran sehat terus yağŸ˜­ğŸ™biar pun banyak rakyat yg membenci mu tapi jangn pernh capek buat berbuat baikğŸ˜­ğŸ™,1764935256
"Itu namanya buku pinter.
Kenapa disebut begitu?
Karena catatan itu sangat penting apalagi setingkat pejabat.
Dan pejabat kita sudah jarang membawa buku saku.Sehingga mudah melupakan janjinya pada rakyat",1764981147
emg harus ganti rakyat sih inimah sebaik ini aja masih dihujat anj kebangetan bngettğŸ™‚ğŸ™‚,1765205331
"sementara di dimensi lain, Verrel pke rompi tempur awokawokğŸ˜¹",1765061612
"Yaa Allah di saat kaya gini seharusnya kita bersatu untuk mendoakan mereka yang terkena bencana, bukan untuk saling menjatuhkanğŸ¥º",1765112469
beliau meniru gaya Kim Jong unâ¤,1765166814
"didengerin salah, ga didengerin nyerocos,, mau nya apasi. dan lg itu tgs dia jg kan jd wapres, siapa tau apa yg dicatet itu bs dia wujudin pelanÂ², please lahhhh",1764930995
"kemarin ada yang bilang masih muda kok jadi wapres kurang pengalaman dll, biarlah yang penting bermanfaat dalam mengemban tugas dari pada yang tua katanya banyak pengalaman tapi gak ada manfaatğŸ˜©",1764937727
"MANUSIA TIDAK LUPUT DARI LUPA
SEMUA MANUSIA PUNYA HAL ITU",1764989105
sehat selalu mas wapres,1765066033
tidak ada rompi dan manggul beras hanya buku kecil mencatat keluahan rakyatğŸ˜¢,1764927042
yg hujat sejauh ini bantu apa? wapres aja d hujat segitunya ğŸ¥ºğŸ¥º. sesempurna apa kalian sampe wakil pemimpin kalian sendiri kalian jelekÂ²an.. ğŸ˜­,1764980561
"di konohoa, nolong dihujat, ga nolong dihujat, coba pikirkan pakai logika",1764932311
"diam diam diiaaamm pusing saya
yg satu jelekin ini yg satu puji ini sisanya pada manasin",1765052707
"intinya orang kalau udah benci mau kita jadi malaikat tetap dilihat seperti iblis begitu sebaliknya orang kalau udah suka, kita seperti iblis pun dimata mereka ya seperti malaikat. oleh karena itu kita sebagai manusia cuma bisa jadi baik versi diri kita aja jangan nuruti orang lain karena yang benci tetap benci yang suka akan tetap nrima kita.",1764984893
anu kenapa jd kayak waiters ğŸ˜­ maff gugup,1765088808
"sehat selalu mas wapres,,, semakin banyak yang menghujat, semakin diangkat derajatmuâ˜º",1764986907
Capres 2029 untuk indonesia mas gibran ğŸ”¥ğŸ”¥,1764995273
"biarpun dihujat sana sini, gua tetap yakin pak Gibran ini orangnya tulus dan bener bener niat jadi wapress. Pak tetap semangat ya semoga Allah melindungi muğŸ¥º",1764988091
hati hati pak Gibran di situ pas seneng pasti ada yang jelekin bapak,1764981416
"Gx kerja di hujat, kerja makin dihujatğŸ¤£ğŸ˜‚ semua akan salah dimata netizen",1764925661
sehat2 pak wakil.. asli dah dia tulus ini gaisss,1765091904
"ğ˜©ğ˜¢ğ˜£ğ˜ªğ˜´ ğ˜¥ğ˜ª ğ˜¤ğ˜¢ğ˜µğ˜¢ğ˜µ, ğ˜­ğ˜±ğ˜¢ ğ˜¯ğ˜ºğ˜ªğ˜®ğ˜±ğ˜¢ğ˜¯, ğ˜«ğ˜¥ğ˜ª ğ˜­ğ˜¶ğ˜±ğ˜¢ ğ˜­ğ˜¢ğ˜© ğ˜´ğ˜¦ğ˜®ğ˜¶ğ˜¢ ğ˜¯ğ˜ºğ˜¢",1765089179
emng hrusnya ganti rakyat anjr bukan ganti presiden/waprea,1764930029
"yg keja dibilang normal, yg gx kerja dikata""in, yg pinter ngomong dipuji"" ğŸ˜ğŸ˜‚",1764988844
,1765008930
"buset wapres dulu keluar hanya di lebaran idul Fitri doang ini keluar Mulu istirahat kek pak, orang"" apa yg kebaikan kamu lakukan bakal di hujat",1764993672
"cuma nyatat gini aja di beritain anjir
âœŒğŸ˜¹",1765088184
ya allah sehat2 pak gibran dia smpai mikirin anak2 juga dikasih banyak mainan supaya bisa bermain dan melupakan musibah yg mereka hadapiğŸ¥º,1764949080
kenap si kalian jahat ke dia ğŸ¥º,1764934254
Pak sehat selalu ya pak ğŸ¥°,1764959527
ğŸ˜‚ğŸ˜‚ğŸ˜‚ğŸ˜‚ğŸ˜‚,1765068636
"selalu skip berita berita di negara sendiri, miris aja liat komen rakyatnya, mending liat geal geol pada akur",1765079992
Verrel : Lah kok ga pake rompi sihh,1765006731
lah mana rompi anti peluru nya ğŸ¤£,1765098858
"KERJA DIBILANG PENCITRAAN, GAK KERJA DIBILANG GAK PEDULI MASYARAKAT. yang gak setuju silahkan berdebat dengan saya",1764943799
"sehat 2 pak wapres,,aku padamu",1764984146
â¤ï¸,1765007330
