emoji,unicode,aliases_all
ğŸ˜€,ğŸ˜€,bahagia
ğŸ˜ƒ,ğŸ˜ƒ,bahagia
ğŸ˜„,ğŸ˜„,bahagia
ğŸ˜,ğŸ˜,bahagia
ğŸ˜†,ğŸ˜†,tertawa
ğŸ˜…,ğŸ˜…,bahagia
ğŸ¤£,ğŸ¤£,tertawa
ğŸ˜‚,ğŸ˜‚,tertawa
ğŸ™‚,ğŸ™‚,bahagia
ğŸ™ƒ,ğŸ™ƒ,netral
ğŸ˜‰,ğŸ˜‰,bahagia
ğŸ˜Š,ğŸ˜Š,bahagia
ğŸ˜‡,ğŸ˜‡,bahagia
ğŸ¥°,ğŸ¥°,dukungan
ğŸ˜,ğŸ˜,bahagia
ğŸ¤©,ğŸ¤©,netral
ğŸ˜˜,ğŸ˜˜,netral
ğŸ˜—,ğŸ˜—,cinta
â˜ºï¸,â˜ºï¸,bahagia
ğŸ˜š,ğŸ˜š,netral
ğŸ˜™,ğŸ˜™,cinta
ğŸ¥²,ğŸ¥²,lega
ğŸ˜‹,ğŸ˜‹,netral
ğŸ˜›,ğŸ˜›,tertawa
ğŸ˜œ,ğŸ˜œ,netral
ğŸ¤ª,ğŸ¤ª,netral
ğŸ˜,ğŸ˜,jijik
ğŸ¤‘,ğŸ¤‘,netral
ğŸ¤—,ğŸ¤—,bahagia
ğŸ¤­,ğŸ¤­,netral
ğŸ¤«,ğŸ¤«,tenang
ğŸ¤”,ğŸ¤”,bingung
ğŸ¤,ğŸ¤,netral
ğŸ¤¨,ğŸ¤¨,ragu
ğŸ˜,ğŸ˜,netral
ğŸ˜‘,ğŸ˜‘,netral
ğŸ˜¶,ğŸ˜¶,tenang
ğŸ˜¶â€ğŸŒ«ï¸,ğŸ˜¶â€ğŸŒ«ï¸,netral
ğŸ˜,ğŸ˜,sinis
ğŸ˜’,ğŸ˜’,netral
ğŸ™„,ğŸ™„,sinis
ğŸ˜¬,ğŸ˜¬,netral
ğŸ˜®â€ğŸ’¨,ğŸ˜®â€ğŸ’¨,lega
ğŸ¤¥,ğŸ¤¥,netral
ğŸ˜Œ,ğŸ˜Œ,lega
ğŸ˜”,ğŸ˜”,sedih
ğŸ˜ª,ğŸ˜ª,lelah
ğŸ¤¤,ğŸ¤¤,netral
ğŸ˜´,ğŸ˜´,lelah
ğŸ˜·,ğŸ˜·,sakit
ğŸ¤’,ğŸ¤’,sakit
ğŸ¤•,ğŸ¤•,sakit
ğŸ¤¢,ğŸ¤¢,jijik
ğŸ¤®,ğŸ¤®,jijik
ğŸ¤§,ğŸ¤§,sakit
ğŸ¥µ,ğŸ¥µ,netral
ğŸ¥¶,ğŸ¥¶,lelah
ğŸ¥´,ğŸ¥´,bingung
ğŸ˜µ,ğŸ˜µ,bingung
ğŸ˜µâ€ğŸ’«,ğŸ˜µâ€ğŸ’«,netral
ğŸ¤¯,ğŸ¤¯,kagum
ğŸ¤ ,ğŸ¤ ,bahagia
ğŸ¥³,ğŸ¥³,bahagia
ğŸ¥¸,ğŸ¥¸,ragu
ğŸ˜,ğŸ˜,bahagia
ğŸ¤“,ğŸ¤“,netral
ğŸ§,ğŸ§,ragu
ğŸ˜•,ğŸ˜•,bingung
ğŸ˜Ÿ,ğŸ˜Ÿ,takut
ğŸ™,ğŸ™,netral
â˜¹ï¸,â˜¹ï¸,netral
ğŸ˜®,ğŸ˜®,terkejut
ğŸ˜¯,ğŸ˜¯,terkejut
ğŸ˜²,ğŸ˜²,kagum
ğŸ˜³,ğŸ˜³,cemas
ğŸ¥º,ğŸ¥º,cemas
ğŸ˜¦,ğŸ˜¦,cemas
ğŸ˜§,ğŸ˜§,netral
ğŸ˜¨,ğŸ˜¨,takut
ğŸ˜°,ğŸ˜°,cemas
ğŸ˜¥,ğŸ˜¥,sedih
ğŸ˜¢,ğŸ˜¢,sedih
ğŸ˜­,ğŸ˜­,sedih
ğŸ˜±,ğŸ˜±,takut
ğŸ˜–,ğŸ˜–,bingung
ğŸ˜£,ğŸ˜£,netral
ğŸ˜,ğŸ˜,sedih
ğŸ˜“,ğŸ˜“,netral
ğŸ˜©,ğŸ˜©,sedih
ğŸ˜«,ğŸ˜«,lelah
ğŸ¥±,ğŸ¥±,netral
ğŸ˜¤,ğŸ˜¤,netral
ğŸ˜¡,ğŸ˜¡,marah
ğŸ˜ ,ğŸ˜ ,marah
ğŸ¤¬,ğŸ¤¬,marah
ğŸ˜ˆ,ğŸ˜ˆ,bahagia
ğŸ‘¿,ğŸ‘¿,marah
ğŸ’€,ğŸ’€,netral
â˜ ï¸,â˜ ï¸,netral
ğŸ’©,ğŸ’©,netral
ğŸ¤¡,ğŸ¤¡,netral
ğŸ‘¹,ğŸ‘¹,netral
ğŸ‘º,ğŸ‘º,netral
ğŸ‘»,ğŸ‘»,netral
ğŸ‘½,ğŸ‘½,netral
ğŸ‘¾,ğŸ‘¾,netral
ğŸ¤–,ğŸ¤–,netral
ğŸ˜º,ğŸ˜º,bahagia
ğŸ˜¸,ğŸ˜¸,bahagia
ğŸ˜¹,ğŸ˜¹,tertawa
ğŸ˜»,ğŸ˜»,cinta
ğŸ˜¼,ğŸ˜¼,netral
ğŸ˜½,ğŸ˜½,cinta
ğŸ™€,ğŸ™€,terkejut
ğŸ˜¿,ğŸ˜¿,sedih
ğŸ˜¾,ğŸ˜¾,marah
ğŸ™ˆ,ğŸ™ˆ,netral
ğŸ™‰,ğŸ™‰,netral
ğŸ™Š,ğŸ™Š,netral
ğŸ’‹,ğŸ’‹,cinta
ğŸ’Œ,ğŸ’Œ,cinta
ğŸ’˜,ğŸ’˜,cinta
ğŸ’,ğŸ’,cinta
ğŸ’–,ğŸ’–,dukungan
ğŸ’—,ğŸ’—,dukungan
ğŸ’“,ğŸ’“,cinta
ğŸ’,ğŸ’,dukungan
ğŸ’•,ğŸ’•,dukungan
ğŸ’Ÿ,ğŸ’Ÿ,cinta
â£ï¸,â£ï¸,cinta
ğŸ’”,ğŸ’”,patah_hati
â¤ï¸â€ğŸ”¥,â¤ï¸â€ğŸ”¥,cinta
â¤ï¸â€ğŸ©¹,â¤ï¸â€ğŸ©¹,patah_hati
â¤ï¸,â¤ï¸,dukungan
ğŸ§¡,ğŸ§¡,cinta
ğŸ’›,ğŸ’›,cinta
ğŸ’š,ğŸ’š,dukungan
ğŸ’™,ğŸ’™,dukungan
ğŸ’œ,ğŸ’œ,dukungan
ğŸ¤,ğŸ¤,cinta
ğŸ–¤,ğŸ–¤,dukungan
ğŸ¤,ğŸ¤,dukungan
ğŸ’¯,ğŸ’¯,netral
ğŸ’¢,ğŸ’¢,marah
ğŸ’¥,ğŸ’¥,netral
ğŸ’«,ğŸ’«,bingung
ğŸ’¦,ğŸ’¦,netral
ğŸ’¨,ğŸ’¨,netral
ğŸ•³ï¸,ğŸ•³ï¸,netral
ğŸ’£,ğŸ’£,netral
ğŸ’¬,ğŸ’¬,netral
ğŸ‘ï¸â€ğŸ—¨ï¸,ğŸ‘ï¸â€ğŸ—¨ï¸,netral
ğŸ—¨ï¸,ğŸ—¨ï¸,netral
ğŸ—¯ï¸,ğŸ—¯ï¸,marah
ğŸ’­,ğŸ’­,bingung
ğŸ’¤,ğŸ’¤,lelah
ğŸ‘‹,ğŸ‘‹,netral
ğŸ¤š,ğŸ¤š,netral
ğŸ–ï¸,ğŸ–ï¸,netral
âœ‹,âœ‹,netral
ğŸ––,ğŸ––,netral
ğŸ‘Œ,ğŸ‘Œ,netral
ğŸ¤Œ,ğŸ¤Œ,netral
ğŸ¤,ğŸ¤,netral
âœŒï¸,âœŒï¸,netral
ğŸ¤,ğŸ¤,netral
ğŸ¤Ÿ,ğŸ¤Ÿ,netral
ğŸ¤˜,ğŸ¤˜,netral
ğŸ¤™,ğŸ¤™,netral
ğŸ‘ˆ,ğŸ‘ˆ,netral
ğŸ‘‰,ğŸ‘‰,netral
ğŸ‘†,ğŸ‘†,netral
ğŸ–•,ğŸ–•,netral
ğŸ‘‡,ğŸ‘‡,netral
â˜ï¸,â˜ï¸,netral
ğŸ‘,ğŸ‘,setuju
ğŸ‘,ğŸ‘,netral
âœŠ,âœŠ,netral
ğŸ‘Š,ğŸ‘Š,netral
ğŸ¤›,ğŸ¤›,netral
ğŸ¤œ,ğŸ¤œ,netral
ğŸ‘,ğŸ‘,bantuan
ğŸ™Œ,ğŸ™Œ,bantuan
ğŸ‘,ğŸ‘,netral
ğŸ¤²,ğŸ¤²,doa
ğŸ¤,ğŸ¤,bantuan
ğŸ™,ğŸ™,doa
âœï¸,âœï¸,netral
ğŸ’…,ğŸ’…,netral
ğŸ¤³,ğŸ¤³,netral
ğŸ’ª,ğŸ’ª,kuat
ğŸ¦¾,ğŸ¦¾,netral
ğŸ¦¿,ğŸ¦¿,netral
ğŸ¦µ,ğŸ¦µ,netral
ğŸ¦¶,ğŸ¦¶,netral
ğŸ‘‚,ğŸ‘‚,netral
ğŸ¦»,ğŸ¦»,netral
ğŸ‘ƒ,ğŸ‘ƒ,netral
ğŸ§ ,ğŸ§ ,netral
ğŸ«€,ğŸ«€,netral
ğŸ«,ğŸ«,lega
ğŸ¦·,ğŸ¦·,netral
ğŸ¦´,ğŸ¦´,netral
ğŸ‘€,ğŸ‘€,netral
ğŸ‘ï¸,ğŸ‘ï¸,netral
ğŸ‘…,ğŸ‘…,netral
ğŸ‘„,ğŸ‘„,netral
ğŸ‘¶,ğŸ‘¶,netral
ğŸ§’,ğŸ§’,netral
ğŸ‘¦,ğŸ‘¦,netral
ğŸ‘§,ğŸ‘§,netral
ğŸ§‘,ğŸ§‘,netral
ğŸ‘±,ğŸ‘±,netral
ğŸ‘¨,ğŸ‘¨,netral
ğŸ§”,ğŸ§”,netral
ğŸ§”â€â™‚ï¸,ğŸ§”â€â™‚ï¸,netral
ğŸ§”â€â™€ï¸,ğŸ§”â€â™€ï¸,netral
ğŸ‘¨â€ğŸ¦°,ğŸ‘¨â€ğŸ¦°,netral
ğŸ‘¨â€ğŸ¦±,ğŸ‘¨â€ğŸ¦±,netral
ğŸ‘¨â€ğŸ¦³,ğŸ‘¨â€ğŸ¦³,netral
ğŸ‘¨â€ğŸ¦²,ğŸ‘¨â€ğŸ¦²,netral
ğŸ‘©,ğŸ‘©,netral
ğŸ‘©â€ğŸ¦°,ğŸ‘©â€ğŸ¦°,netral
ğŸ§‘â€ğŸ¦°,ğŸ§‘â€ğŸ¦°,netral
ğŸ‘©â€ğŸ¦±,ğŸ‘©â€ğŸ¦±,netral
ğŸ§‘â€ğŸ¦±,ğŸ§‘â€ğŸ¦±,netral
ğŸ‘©â€ğŸ¦³,ğŸ‘©â€ğŸ¦³,netral
ğŸ§‘â€ğŸ¦³,ğŸ§‘â€ğŸ¦³,netral
ğŸ‘©â€ğŸ¦²,ğŸ‘©â€ğŸ¦²,netral
ğŸ§‘â€ğŸ¦²,ğŸ§‘â€ğŸ¦²,netral
ğŸ‘±â€â™€ï¸,ğŸ‘±â€â™€ï¸,netral
ğŸ‘±â€â™‚ï¸,ğŸ‘±â€â™‚ï¸,netral
ğŸ§“,ğŸ§“,netral
ğŸ‘´,ğŸ‘´,netral
ğŸ‘µ,ğŸ‘µ,netral
ğŸ™,ğŸ™,marah
ğŸ™â€â™‚ï¸,ğŸ™â€â™‚ï¸,bahagia
ğŸ™â€â™€ï¸,ğŸ™â€â™€ï¸,bahagia
ğŸ™,ğŸ™,bahagia
ğŸ™â€â™‚ï¸,ğŸ™â€â™‚ï¸,bahagia
ğŸ™â€â™€ï¸,ğŸ™â€â™€ï¸,bahagia
ğŸ™…,ğŸ™…,netral
ğŸ™…â€â™‚ï¸,ğŸ™…â€â™‚ï¸,netral
ğŸ™…â€â™€ï¸,ğŸ™…â€â™€ï¸,netral
ğŸ™†,ğŸ™†,netral
ğŸ™†â€â™‚ï¸,ğŸ™†â€â™‚ï¸,netral
ğŸ™†â€â™€ï¸,ğŸ™†â€â™€ï¸,netral
ğŸ’,ğŸ’,netral
ğŸ’â€â™‚ï¸,ğŸ’â€â™‚ï¸,netral
ğŸ’â€â™€ï¸,ğŸ’â€â™€ï¸,netral
ğŸ™‹,ğŸ™‹,bahagia
ğŸ™‹â€â™‚ï¸,ğŸ™‹â€â™‚ï¸,netral
ğŸ™‹â€â™€ï¸,ğŸ™‹â€â™€ï¸,netral
ğŸ§,ğŸ§,netral
ğŸ§â€â™‚ï¸,ğŸ§â€â™‚ï¸,netral
ğŸ§â€â™€ï¸,ğŸ§â€â™€ï¸,netral
ğŸ™‡,ğŸ™‡,netral
ğŸ™‡â€â™‚ï¸,ğŸ™‡â€â™‚ï¸,netral
ğŸ™‡â€â™€ï¸,ğŸ™‡â€â™€ï¸,netral
ğŸ¤¦,ğŸ¤¦,netral
ğŸ¤¦â€â™‚ï¸,ğŸ¤¦â€â™‚ï¸,netral
ğŸ¤¦â€â™€ï¸,ğŸ¤¦â€â™€ï¸,netral
ğŸ¤·,ğŸ¤·,bingung
ğŸ¤·â€â™‚ï¸,ğŸ¤·â€â™‚ï¸,netral
ğŸ¤·â€â™€ï¸,ğŸ¤·â€â™€ï¸,netral
ğŸ§‘â€âš•ï¸,ğŸ§‘â€âš•ï¸,netral
ğŸ‘¨â€âš•ï¸,ğŸ‘¨â€âš•ï¸,netral
ğŸ‘©â€âš•ï¸,ğŸ‘©â€âš•ï¸,netral
ğŸ§‘â€ğŸ“,ğŸ§‘â€ğŸ“,netral
ğŸ‘¨â€ğŸ“,ğŸ‘¨â€ğŸ“,netral
ğŸ‘©â€ğŸ“,ğŸ‘©â€ğŸ“,netral
ğŸ§‘â€ğŸ«,ğŸ§‘â€ğŸ«,netral
ğŸ‘¨â€ğŸ«,ğŸ‘¨â€ğŸ«,netral
ğŸ‘©â€ğŸ«,ğŸ‘©â€ğŸ«,netral
ğŸ§‘â€âš–ï¸,ğŸ§‘â€âš–ï¸,netral
ğŸ‘¨â€âš–ï¸,ğŸ‘¨â€âš–ï¸,netral
ğŸ‘©â€âš–ï¸,ğŸ‘©â€âš–ï¸,netral
ğŸ§‘â€ğŸŒ¾,ğŸ§‘â€ğŸŒ¾,netral
ğŸ‘¨â€ğŸŒ¾,ğŸ‘¨â€ğŸŒ¾,netral
ğŸ‘©â€ğŸŒ¾,ğŸ‘©â€ğŸŒ¾,netral
ğŸ§‘â€ğŸ³,ğŸ§‘â€ğŸ³,netral
ğŸ‘¨â€ğŸ³,ğŸ‘¨â€ğŸ³,netral
ğŸ‘©â€ğŸ³,ğŸ‘©â€ğŸ³,netral
ğŸ§‘â€ğŸ”§,ğŸ§‘â€ğŸ”§,netral
ğŸ‘¨â€ğŸ”§,ğŸ‘¨â€ğŸ”§,netral
ğŸ‘©â€ğŸ”§,ğŸ‘©â€ğŸ”§,netral
ğŸ§‘â€ğŸ­,ğŸ§‘â€ğŸ­,netral
ğŸ‘¨â€ğŸ­,ğŸ‘¨â€ğŸ­,netral
ğŸ‘©â€ğŸ­,ğŸ‘©â€ğŸ­,netral
ğŸ§‘â€ğŸ’¼,ğŸ§‘â€ğŸ’¼,netral
ğŸ‘¨â€ğŸ’¼,ğŸ‘¨â€ğŸ’¼,netral
ğŸ‘©â€ğŸ’¼,ğŸ‘©â€ğŸ’¼,netral
ğŸ§‘â€ğŸ”¬,ğŸ§‘â€ğŸ”¬,netral
ğŸ‘¨â€ğŸ”¬,ğŸ‘¨â€ğŸ”¬,netral
ğŸ‘©â€ğŸ”¬,ğŸ‘©â€ğŸ”¬,netral
ğŸ§‘â€ğŸ’»,ğŸ§‘â€ğŸ’»,netral
ğŸ‘¨â€ğŸ’»,ğŸ‘¨â€ğŸ’»,netral
ğŸ‘©â€ğŸ’»,ğŸ‘©â€ğŸ’»,netral
ğŸ§‘â€ğŸ¤,ğŸ§‘â€ğŸ¤,netral
ğŸ‘¨â€ğŸ¤,ğŸ‘¨â€ğŸ¤,netral
ğŸ‘©â€ğŸ¤,ğŸ‘©â€ğŸ¤,netral
ğŸ§‘â€ğŸ¨,ğŸ§‘â€ğŸ¨,netral
ğŸ‘¨â€ğŸ¨,ğŸ‘¨â€ğŸ¨,netral
ğŸ‘©â€ğŸ¨,ğŸ‘©â€ğŸ¨,netral
ğŸ§‘â€âœˆï¸,ğŸ§‘â€âœˆï¸,netral
ğŸ‘¨â€âœˆï¸,ğŸ‘¨â€âœˆï¸,netral
ğŸ‘©â€âœˆï¸,ğŸ‘©â€âœˆï¸,netral
ğŸ§‘â€ğŸš€,ğŸ§‘â€ğŸš€,netral
ğŸ‘¨â€ğŸš€,ğŸ‘¨â€ğŸš€,netral
ğŸ‘©â€ğŸš€,ğŸ‘©â€ğŸš€,netral
ğŸ§‘â€ğŸš’,ğŸ§‘â€ğŸš’,netral
ğŸ‘¨â€ğŸš’,ğŸ‘¨â€ğŸš’,netral
ğŸ‘©â€ğŸš’,ğŸ‘©â€ğŸš’,netral
ğŸ‘®,ğŸ‘®,netral
ğŸ‘®â€â™‚ï¸,ğŸ‘®â€â™‚ï¸,netral
ğŸ‘®â€â™€ï¸,ğŸ‘®â€â™€ï¸,netral
ğŸ•µï¸,ğŸ•µï¸,netral
ğŸ•µï¸â€â™‚ï¸,ğŸ•µï¸â€â™‚ï¸,netral
ğŸ•µï¸â€â™€ï¸,ğŸ•µï¸â€â™€ï¸,netral
ğŸ’‚,ğŸ’‚,netral
ğŸ’‚â€â™‚ï¸,ğŸ’‚â€â™‚ï¸,netral
ğŸ’‚â€â™€ï¸,ğŸ’‚â€â™€ï¸,netral
ğŸ¥·,ğŸ¥·,netral
ğŸ‘·,ğŸ‘·,netral
ğŸ‘·â€â™‚ï¸,ğŸ‘·â€â™‚ï¸,netral
ğŸ‘·â€â™€ï¸,ğŸ‘·â€â™€ï¸,netral
ğŸ¤´,ğŸ¤´,netral
ğŸ‘¸,ğŸ‘¸,netral
ğŸ‘³,ğŸ‘³,netral
ğŸ‘³â€â™‚ï¸,ğŸ‘³â€â™‚ï¸,netral
ğŸ‘³â€â™€ï¸,ğŸ‘³â€â™€ï¸,netral
ğŸ‘²,ğŸ‘²,netral
ğŸ§•,ğŸ§•,netral
ğŸ¤µ,ğŸ¤µ,netral
ğŸ¤µâ€â™‚ï¸,ğŸ¤µâ€â™‚ï¸,netral
ğŸ¤µâ€â™€ï¸,ğŸ¤µâ€â™€ï¸,netral
ğŸ‘°,ğŸ‘°,netral
ğŸ‘°â€â™‚ï¸,ğŸ‘°â€â™‚ï¸,netral
ğŸ‘°â€â™€ï¸,ğŸ‘°â€â™€ï¸,netral
ğŸ¤°,ğŸ¤°,netral
ğŸ¤±,ğŸ¤±,netral
ğŸ‘©â€ğŸ¼,ğŸ‘©â€ğŸ¼,netral
ğŸ‘¨â€ğŸ¼,ğŸ‘¨â€ğŸ¼,netral
ğŸ§‘â€ğŸ¼,ğŸ§‘â€ğŸ¼,netral
ğŸ‘¼,ğŸ‘¼,netral
ğŸ…,ğŸ…,bahagia
ğŸ¤¶,ğŸ¤¶,netral
ğŸ§‘â€ğŸ„,ğŸ§‘â€ğŸ„,netral
ğŸ¦¸,ğŸ¦¸,netral
ğŸ¦¸â€â™‚ï¸,ğŸ¦¸â€â™‚ï¸,netral
ğŸ¦¸â€â™€ï¸,ğŸ¦¸â€â™€ï¸,netral
ğŸ¦¹,ğŸ¦¹,netral
ğŸ¦¹â€â™‚ï¸,ğŸ¦¹â€â™‚ï¸,netral
ğŸ¦¹â€â™€ï¸,ğŸ¦¹â€â™€ï¸,netral
ğŸ§™,ğŸ§™,netral
ğŸ§™â€â™‚ï¸,ğŸ§™â€â™‚ï¸,netral
ğŸ§™â€â™€ï¸,ğŸ§™â€â™€ï¸,netral
ğŸ§š,ğŸ§š,netral
ğŸ§šâ€â™‚ï¸,ğŸ§šâ€â™‚ï¸,netral
ğŸ§šâ€â™€ï¸,ğŸ§šâ€â™€ï¸,netral
ğŸ§›,ğŸ§›,netral
ğŸ§›â€â™‚ï¸,ğŸ§›â€â™‚ï¸,netral
ğŸ§›â€â™€ï¸,ğŸ§›â€â™€ï¸,netral
ğŸ§œ,ğŸ§œ,netral
ğŸ§œâ€â™‚ï¸,ğŸ§œâ€â™‚ï¸,netral
ğŸ§œâ€â™€ï¸,ğŸ§œâ€â™€ï¸,netral
ğŸ§,ğŸ§,netral
ğŸ§â€â™‚ï¸,ğŸ§â€â™‚ï¸,netral
ğŸ§â€â™€ï¸,ğŸ§â€â™€ï¸,netral
ğŸ§,ğŸ§,netral
ğŸ§â€â™‚ï¸,ğŸ§â€â™‚ï¸,netral
ğŸ§â€â™€ï¸,ğŸ§â€â™€ï¸,netral
ğŸ§Ÿ,ğŸ§Ÿ,netral
ğŸ§Ÿâ€â™‚ï¸,ğŸ§Ÿâ€â™‚ï¸,netral
ğŸ§Ÿâ€â™€ï¸,ğŸ§Ÿâ€â™€ï¸,netral
ğŸ’†,ğŸ’†,netral
ğŸ’†â€â™‚ï¸,ğŸ’†â€â™‚ï¸,netral
ğŸ’†â€â™€ï¸,ğŸ’†â€â™€ï¸,netral
ğŸ’‡,ğŸ’‡,netral
ğŸ’‡â€â™‚ï¸,ğŸ’‡â€â™‚ï¸,netral
ğŸ’‡â€â™€ï¸,ğŸ’‡â€â™€ï¸,netral
ğŸš¶,ğŸš¶,netral
ğŸš¶â€â™‚ï¸,ğŸš¶â€â™‚ï¸,netral
ğŸš¶â€â™€ï¸,ğŸš¶â€â™€ï¸,netral
ğŸ§,ğŸ§,netral
ğŸ§â€â™‚ï¸,ğŸ§â€â™‚ï¸,netral
ğŸ§â€â™€ï¸,ğŸ§â€â™€ï¸,netral
ğŸ§,ğŸ§,netral
ğŸ§â€â™‚ï¸,ğŸ§â€â™‚ï¸,netral
ğŸ§â€â™€ï¸,ğŸ§â€â™€ï¸,netral
ğŸ§‘â€ğŸ¦¯,ğŸ§‘â€ğŸ¦¯,netral
ğŸ‘¨â€ğŸ¦¯,ğŸ‘¨â€ğŸ¦¯,netral
ğŸ‘©â€ğŸ¦¯,ğŸ‘©â€ğŸ¦¯,netral
ğŸ§‘â€ğŸ¦¼,ğŸ§‘â€ğŸ¦¼,netral
ğŸ‘¨â€ğŸ¦¼,ğŸ‘¨â€ğŸ¦¼,netral
ğŸ‘©â€ğŸ¦¼,ğŸ‘©â€ğŸ¦¼,netral
ğŸ§‘â€ğŸ¦½,ğŸ§‘â€ğŸ¦½,netral
ğŸ‘¨â€ğŸ¦½,ğŸ‘¨â€ğŸ¦½,netral
ğŸ‘©â€ğŸ¦½,ğŸ‘©â€ğŸ¦½,netral
ğŸƒ,ğŸƒ,netral
ğŸƒâ€â™‚ï¸,ğŸƒâ€â™‚ï¸,netral
ğŸƒâ€â™€ï¸,ğŸƒâ€â™€ï¸,netral
ğŸ’ƒ,ğŸ’ƒ,bahagia
ğŸ•º,ğŸ•º,netral
ğŸ•´ï¸,ğŸ•´ï¸,netral
ğŸ‘¯,ğŸ‘¯,netral
ğŸ‘¯â€â™‚ï¸,ğŸ‘¯â€â™‚ï¸,bahagia
ğŸ‘¯â€â™€ï¸,ğŸ‘¯â€â™€ï¸,bahagia
ğŸ§–,ğŸ§–,netral
ğŸ§–â€â™‚ï¸,ğŸ§–â€â™‚ï¸,netral
ğŸ§–â€â™€ï¸,ğŸ§–â€â™€ï¸,netral
ğŸ§—,ğŸ§—,netral
ğŸ§—â€â™‚ï¸,ğŸ§—â€â™‚ï¸,netral
ğŸ§—â€â™€ï¸,ğŸ§—â€â™€ï¸,netral
ğŸ¤º,ğŸ¤º,netral
ğŸ‡,ğŸ‡,netral
â›·ï¸,â›·ï¸,netral
ğŸ‚,ğŸ‚,netral
ğŸŒï¸,ğŸŒï¸,netral
ğŸŒï¸â€â™‚ï¸,ğŸŒï¸â€â™‚ï¸,netral
ğŸŒï¸â€â™€ï¸,ğŸŒï¸â€â™€ï¸,netral
ğŸ„,ğŸ„,netral
ğŸ„â€â™‚ï¸,ğŸ„â€â™‚ï¸,netral
ğŸ„â€â™€ï¸,ğŸ„â€â™€ï¸,netral
ğŸš£,ğŸš£,netral
ğŸš£â€â™‚ï¸,ğŸš£â€â™‚ï¸,netral
ğŸš£â€â™€ï¸,ğŸš£â€â™€ï¸,netral
ğŸŠ,ğŸŠ,netral
ğŸŠâ€â™‚ï¸,ğŸŠâ€â™‚ï¸,netral
ğŸŠâ€â™€ï¸,ğŸŠâ€â™€ï¸,netral
â›¹ï¸,â›¹ï¸,netral
â›¹ï¸â€â™‚ï¸,â›¹ï¸â€â™‚ï¸,netral
â›¹ï¸â€â™€ï¸,â›¹ï¸â€â™€ï¸,netral
ğŸ‹ï¸,ğŸ‹ï¸,netral
ğŸ‹ï¸â€â™‚ï¸,ğŸ‹ï¸â€â™‚ï¸,netral
ğŸ‹ï¸â€â™€ï¸,ğŸ‹ï¸â€â™€ï¸,netral
ğŸš´,ğŸš´,netral
ğŸš´â€â™‚ï¸,ğŸš´â€â™‚ï¸,netral
ğŸš´â€â™€ï¸,ğŸš´â€â™€ï¸,netral
ğŸšµ,ğŸšµ,netral
ğŸšµâ€â™‚ï¸,ğŸšµâ€â™‚ï¸,netral
ğŸšµâ€â™€ï¸,ğŸšµâ€â™€ï¸,netral
ğŸ¤¸,ğŸ¤¸,netral
ğŸ¤¸â€â™‚ï¸,ğŸ¤¸â€â™‚ï¸,netral
ğŸ¤¸â€â™€ï¸,ğŸ¤¸â€â™€ï¸,netral
ğŸ¤¼,ğŸ¤¼,netral
ğŸ¤¼â€â™‚ï¸,ğŸ¤¼â€â™‚ï¸,netral
ğŸ¤¼â€â™€ï¸,ğŸ¤¼â€â™€ï¸,netral
ğŸ¤½,ğŸ¤½,netral
ğŸ¤½â€â™‚ï¸,ğŸ¤½â€â™‚ï¸,netral
ğŸ¤½â€â™€ï¸,ğŸ¤½â€â™€ï¸,netral
ğŸ¤¾,ğŸ¤¾,netral
ğŸ¤¾â€â™‚ï¸,ğŸ¤¾â€â™‚ï¸,netral
ğŸ¤¾â€â™€ï¸,ğŸ¤¾â€â™€ï¸,netral
ğŸ¤¹,ğŸ¤¹,netral
ğŸ¤¹â€â™‚ï¸,ğŸ¤¹â€â™‚ï¸,netral
ğŸ¤¹â€â™€ï¸,ğŸ¤¹â€â™€ï¸,netral
ğŸ§˜,ğŸ§˜,netral
ğŸ§˜â€â™‚ï¸,ğŸ§˜â€â™‚ï¸,netral
ğŸ§˜â€â™€ï¸,ğŸ§˜â€â™€ï¸,netral
ğŸ›€,ğŸ›€,netral
ğŸ›Œ,ğŸ›Œ,lelah
ğŸ§‘â€ğŸ¤â€ğŸ§‘,ğŸ§‘â€ğŸ¤â€ğŸ§‘,netral
ğŸ‘­,ğŸ‘­,netral
ğŸ‘«,ğŸ‘«,netral
ğŸ‘¬,ğŸ‘¬,netral
ğŸ’,ğŸ’,cinta
ğŸ‘©â€â¤ï¸â€ğŸ’‹â€ğŸ‘¨,ğŸ‘©â€â¤ï¸â€ğŸ’‹â€ğŸ‘¨,cinta
ğŸ‘¨â€â¤ï¸â€ğŸ’‹â€ğŸ‘¨,ğŸ‘¨â€â¤ï¸â€ğŸ’‹â€ğŸ‘¨,cinta
ğŸ‘©â€â¤ï¸â€ğŸ’‹â€ğŸ‘©,ğŸ‘©â€â¤ï¸â€ğŸ’‹â€ğŸ‘©,cinta
ğŸ’‘,ğŸ’‘,cinta
ğŸ‘©â€â¤ï¸â€ğŸ‘¨,ğŸ‘©â€â¤ï¸â€ğŸ‘¨,cinta
ğŸ‘¨â€â¤ï¸â€ğŸ‘¨,ğŸ‘¨â€â¤ï¸â€ğŸ‘¨,cinta
ğŸ‘©â€â¤ï¸â€ğŸ‘©,ğŸ‘©â€â¤ï¸â€ğŸ‘©,cinta
ğŸ‘ª,ğŸ‘ª,netral
ğŸ‘¨â€ğŸ‘©â€ğŸ‘¦,ğŸ‘¨â€ğŸ‘©â€ğŸ‘¦,netral
ğŸ‘¨â€ğŸ‘©â€ğŸ‘§,ğŸ‘¨â€ğŸ‘©â€ğŸ‘§,netral
ğŸ‘¨â€ğŸ‘©â€ğŸ‘§â€ğŸ‘¦,ğŸ‘¨â€ğŸ‘©â€ğŸ‘§â€ğŸ‘¦,netral
ğŸ‘¨â€ğŸ‘©â€ğŸ‘¦â€ğŸ‘¦,ğŸ‘¨â€ğŸ‘©â€ğŸ‘¦â€ğŸ‘¦,netral
ğŸ‘¨â€ğŸ‘©â€ğŸ‘§â€ğŸ‘§,ğŸ‘¨â€ğŸ‘©â€ğŸ‘§â€ğŸ‘§,netral
ğŸ‘¨â€ğŸ‘¨â€ğŸ‘¦,ğŸ‘¨â€ğŸ‘¨â€ğŸ‘¦,netral
ğŸ‘¨â€ğŸ‘¨â€ğŸ‘§,ğŸ‘¨â€ğŸ‘¨â€ğŸ‘§,netral
ğŸ‘¨â€ğŸ‘¨â€ğŸ‘§â€ğŸ‘¦,ğŸ‘¨â€ğŸ‘¨â€ğŸ‘§â€ğŸ‘¦,netral
ğŸ‘¨â€ğŸ‘¨â€ğŸ‘¦â€ğŸ‘¦,ğŸ‘¨â€ğŸ‘¨â€ğŸ‘¦â€ğŸ‘¦,netral
ğŸ‘¨â€ğŸ‘¨â€ğŸ‘§â€ğŸ‘§,ğŸ‘¨â€ğŸ‘¨â€ğŸ‘§â€ğŸ‘§,netral
ğŸ‘©â€ğŸ‘©â€ğŸ‘¦,ğŸ‘©â€ğŸ‘©â€ğŸ‘¦,netral
ğŸ‘©â€ğŸ‘©â€ğŸ‘§,ğŸ‘©â€ğŸ‘©â€ğŸ‘§,netral
ğŸ‘©â€ğŸ‘©â€ğŸ‘§â€ğŸ‘¦,ğŸ‘©â€ğŸ‘©â€ğŸ‘§â€ğŸ‘¦,netral
ğŸ‘©â€ğŸ‘©â€ğŸ‘¦â€ğŸ‘¦,ğŸ‘©â€ğŸ‘©â€ğŸ‘¦â€ğŸ‘¦,netral
ğŸ‘©â€ğŸ‘©â€ğŸ‘§â€ğŸ‘§,ğŸ‘©â€ğŸ‘©â€ğŸ‘§â€ğŸ‘§,netral
ğŸ‘¨â€ğŸ‘¦,ğŸ‘¨â€ğŸ‘¦,netral
ğŸ‘¨â€ğŸ‘¦â€ğŸ‘¦,ğŸ‘¨â€ğŸ‘¦â€ğŸ‘¦,netral
ğŸ‘¨â€ğŸ‘§,ğŸ‘¨â€ğŸ‘§,netral
ğŸ‘¨â€ğŸ‘§â€ğŸ‘¦,ğŸ‘¨â€ğŸ‘§â€ğŸ‘¦,netral
ğŸ‘¨â€ğŸ‘§â€ğŸ‘§,ğŸ‘¨â€ğŸ‘§â€ğŸ‘§,netral
ğŸ‘©â€ğŸ‘¦,ğŸ‘©â€ğŸ‘¦,netral
ğŸ‘©â€ğŸ‘¦â€ğŸ‘¦,ğŸ‘©â€ğŸ‘¦â€ğŸ‘¦,netral
ğŸ‘©â€ğŸ‘§,ğŸ‘©â€ğŸ‘§,netral
ğŸ‘©â€ğŸ‘§â€ğŸ‘¦,ğŸ‘©â€ğŸ‘§â€ğŸ‘¦,netral
ğŸ‘©â€ğŸ‘§â€ğŸ‘§,ğŸ‘©â€ğŸ‘§â€ğŸ‘§,netral
ğŸ—£ï¸,ğŸ—£ï¸,netral
ğŸ‘¤,ğŸ‘¤,netral
ğŸ‘¥,ğŸ‘¥,netral
ğŸ«‚,ğŸ«‚,bantuan
ğŸ‘£,ğŸ‘£,netral
ğŸ¦°,ğŸ¦°,netral
ğŸ¦±,ğŸ¦±,netral
ğŸ¦³,ğŸ¦³,netral
ğŸ¦²,ğŸ¦²,netral
ğŸµ,ğŸµ,netral
ğŸ’,ğŸ’,netral
ğŸ¦,ğŸ¦,netral
ğŸ¦§,ğŸ¦§,netral
ğŸ¶,ğŸ¶,netral
ğŸ•,ğŸ•,netral
ğŸ¦®,ğŸ¦®,netral
ğŸ•â€ğŸ¦º,ğŸ•â€ğŸ¦º,netral
ğŸ©,ğŸ©,netral
ğŸº,ğŸº,netral
ğŸ¦Š,ğŸ¦Š,netral
ğŸ¦,ğŸ¦,netral
ğŸ±,ğŸ±,netral
ğŸˆ,ğŸˆ,netral
ğŸˆâ€â¬›,ğŸˆâ€â¬›,netral
ğŸ¦,ğŸ¦,netral
ğŸ¯,ğŸ¯,netral
ğŸ…,ğŸ…,netral
ğŸ†,ğŸ†,netral
ğŸ´,ğŸ´,netral
ğŸ,ğŸ,netral
ğŸ¦„,ğŸ¦„,netral
ğŸ¦“,ğŸ¦“,netral
ğŸ¦Œ,ğŸ¦Œ,netral
ğŸ¦¬,ğŸ¦¬,netral
ğŸ®,ğŸ®,netral
ğŸ‚,ğŸ‚,netral
ğŸƒ,ğŸƒ,netral
ğŸ„,ğŸ„,netral
ğŸ·,ğŸ·,netral
ğŸ–,ğŸ–,netral
ğŸ—,ğŸ—,netral
ğŸ½,ğŸ½,netral
ğŸ,ğŸ,netral
ğŸ‘,ğŸ‘,netral
ğŸ,ğŸ,netral
ğŸª,ğŸª,netral
ğŸ«,ğŸ«,netral
ğŸ¦™,ğŸ¦™,netral
ğŸ¦’,ğŸ¦’,netral
ğŸ˜,ğŸ˜,netral
ğŸ¦£,ğŸ¦£,netral
ğŸ¦,ğŸ¦,netral
ğŸ¦›,ğŸ¦›,netral
ğŸ­,ğŸ­,netral
ğŸ,ğŸ,netral
ğŸ€,ğŸ€,netral
ğŸ¹,ğŸ¹,netral
ğŸ°,ğŸ°,netral
ğŸ‡,ğŸ‡,netral
ğŸ¿ï¸,ğŸ¿ï¸,netral
ğŸ¦«,ğŸ¦«,netral
ğŸ¦”,ğŸ¦”,netral
ğŸ¦‡,ğŸ¦‡,netral
ğŸ»,ğŸ»,netral
ğŸ»â€â„ï¸,ğŸ»â€â„ï¸,netral
ğŸ¨,ğŸ¨,netral
ğŸ¼,ğŸ¼,netral
ğŸ¦¥,ğŸ¦¥,netral
ğŸ¦¦,ğŸ¦¦,bahagia
ğŸ¦¨,ğŸ¦¨,netral
ğŸ¦˜,ğŸ¦˜,netral
ğŸ¦¡,ğŸ¦¡,netral
ğŸ¾,ğŸ¾,netral
ğŸ¦ƒ,ğŸ¦ƒ,netral
ğŸ”,ğŸ”,netral
ğŸ“,ğŸ“,netral
ğŸ£,ğŸ£,netral
ğŸ¤,ğŸ¤,netral
ğŸ¥,ğŸ¥,netral
ğŸ¦,ğŸ¦,netral
ğŸ§,ğŸ§,netral
ğŸ•Šï¸,ğŸ•Šï¸,tenang
ğŸ¦…,ğŸ¦…,netral
ğŸ¦†,ğŸ¦†,netral
ğŸ¦¢,ğŸ¦¢,netral
ğŸ¦‰,ğŸ¦‰,netral
ğŸ¦¤,ğŸ¦¤,netral
ğŸª¶,ğŸª¶,netral
ğŸ¦©,ğŸ¦©,netral
ğŸ¦š,ğŸ¦š,netral
ğŸ¦œ,ğŸ¦œ,netral
ğŸ¸,ğŸ¸,netral
ğŸŠ,ğŸŠ,netral
ğŸ¢,ğŸ¢,netral
ğŸ¦,ğŸ¦,netral
ğŸ,ğŸ,netral
ğŸ²,ğŸ²,netral
ğŸ‰,ğŸ‰,netral
ğŸ¦•,ğŸ¦•,netral
ğŸ¦–,ğŸ¦–,netral
ğŸ³,ğŸ³,netral
ğŸ‹,ğŸ‹,netral
ğŸ¬,ğŸ¬,netral
ğŸ¦­,ğŸ¦­,netral
ğŸŸ,ğŸŸ,netral
ğŸ ,ğŸ ,netral
ğŸ¡,ğŸ¡,netral
ğŸ¦ˆ,ğŸ¦ˆ,netral
ğŸ™,ğŸ™,netral
ğŸš,ğŸš,netral
ğŸŒ,ğŸŒ,netral
ğŸ¦‹,ğŸ¦‹,netral
ğŸ›,ğŸ›,netral
ğŸœ,ğŸœ,netral
ğŸ,ğŸ,netral
ğŸª²,ğŸª²,netral
ğŸ,ğŸ,netral
ğŸ¦—,ğŸ¦—,netral
ğŸª³,ğŸª³,netral
ğŸ•·ï¸,ğŸ•·ï¸,netral
ğŸ•¸ï¸,ğŸ•¸ï¸,netral
ğŸ¦‚,ğŸ¦‚,netral
ğŸ¦Ÿ,ğŸ¦Ÿ,sakit
ğŸª°,ğŸª°,netral
ğŸª±,ğŸª±,netral
ğŸ¦ ,ğŸ¦ ,netral
ğŸ’,ğŸ’,netral
ğŸŒ¸,ğŸŒ¸,netral
ğŸ’®,ğŸ’®,netral
ğŸµï¸,ğŸµï¸,netral
ğŸŒ¹,ğŸŒ¹,netral
ğŸ¥€,ğŸ¥€,netral
ğŸŒº,ğŸŒº,netral
ğŸŒ»,ğŸŒ»,netral
ğŸŒ¼,ğŸŒ¼,netral
ğŸŒ·,ğŸŒ·,netral
ğŸŒ±,ğŸŒ±,netral
ğŸª´,ğŸª´,netral
ğŸŒ²,ğŸŒ²,netral
ğŸŒ³,ğŸŒ³,netral
ğŸŒ´,ğŸŒ´,netral
ğŸŒµ,ğŸŒµ,netral
ğŸŒ¾,ğŸŒ¾,netral
ğŸŒ¿,ğŸŒ¿,netral
â˜˜ï¸,â˜˜ï¸,netral
ğŸ€,ğŸ€,netral
ğŸ,ğŸ,netral
ğŸ‚,ğŸ‚,netral
ğŸƒ,ğŸƒ,netral
ğŸ‡,ğŸ‡,netral
ğŸˆ,ğŸˆ,netral
ğŸ‰,ğŸ‰,netral
ğŸŠ,ğŸŠ,netral
ğŸ‹,ğŸ‹,netral
ğŸŒ,ğŸŒ,netral
ğŸ,ğŸ,netral
ğŸ¥­,ğŸ¥­,netral
ğŸ,ğŸ,netral
ğŸ,ğŸ,netral
ğŸ,ğŸ,netral
ğŸ‘,ğŸ‘,netral
ğŸ’,ğŸ’,netral
ğŸ“,ğŸ“,netral
ğŸ«,ğŸ«,netral
ğŸ¥,ğŸ¥,netral
ğŸ…,ğŸ…,netral
ğŸ«’,ğŸ«’,netral
ğŸ¥¥,ğŸ¥¥,netral
ğŸ¥‘,ğŸ¥‘,netral
ğŸ†,ğŸ†,netral
ğŸ¥”,ğŸ¥”,netral
ğŸ¥•,ğŸ¥•,netral
ğŸŒ½,ğŸŒ½,netral
ğŸŒ¶ï¸,ğŸŒ¶ï¸,netral
ğŸ«‘,ğŸ«‘,netral
ğŸ¥’,ğŸ¥’,netral
ğŸ¥¬,ğŸ¥¬,netral
ğŸ¥¦,ğŸ¥¦,netral
ğŸ§„,ğŸ§„,netral
ğŸ§…,ğŸ§…,netral
ğŸ„,ğŸ„,netral
ğŸ¥œ,ğŸ¥œ,netral
ğŸŒ°,ğŸŒ°,netral
ğŸ,ğŸ,netral
ğŸ¥,ğŸ¥,netral
ğŸ¥–,ğŸ¥–,netral
ğŸ«“,ğŸ«“,netral
ğŸ¥¨,ğŸ¥¨,netral
ğŸ¥¯,ğŸ¥¯,netral
ğŸ¥,ğŸ¥,netral
ğŸ§‡,ğŸ§‡,netral
ğŸ§€,ğŸ§€,netral
ğŸ–,ğŸ–,netral
ğŸ—,ğŸ—,netral
ğŸ¥©,ğŸ¥©,netral
ğŸ¥“,ğŸ¥“,netral
ğŸ”,ğŸ”,netral
ğŸŸ,ğŸŸ,netral
ğŸ•,ğŸ•,netral
ğŸŒ­,ğŸŒ­,netral
ğŸ¥ª,ğŸ¥ª,netral
ğŸŒ®,ğŸŒ®,netral
ğŸŒ¯,ğŸŒ¯,netral
ğŸ«”,ğŸ«”,netral
ğŸ¥™,ğŸ¥™,netral
ğŸ§†,ğŸ§†,netral
ğŸ¥š,ğŸ¥š,netral
ğŸ³,ğŸ³,netral
ğŸ¥˜,ğŸ¥˜,netral
ğŸ²,ğŸ²,netral
ğŸ«•,ğŸ«•,netral
ğŸ¥£,ğŸ¥£,netral
ğŸ¥—,ğŸ¥—,netral
ğŸ¿,ğŸ¿,netral
ğŸ§ˆ,ğŸ§ˆ,netral
ğŸ§‚,ğŸ§‚,netral
ğŸ¥«,ğŸ¥«,netral
ğŸ±,ğŸ±,netral
ğŸ˜,ğŸ˜,netral
ğŸ™,ğŸ™,netral
ğŸš,ğŸš,netral
ğŸ›,ğŸ›,netral
ğŸœ,ğŸœ,netral
ğŸ,ğŸ,netral
ğŸ ,ğŸ ,netral
ğŸ¢,ğŸ¢,netral
ğŸ£,ğŸ£,netral
ğŸ¤,ğŸ¤,netral
ğŸ¥,ğŸ¥,netral
ğŸ¥®,ğŸ¥®,netral
ğŸ¡,ğŸ¡,netral
ğŸ¥Ÿ,ğŸ¥Ÿ,netral
ğŸ¥ ,ğŸ¥ ,netral
ğŸ¥¡,ğŸ¥¡,netral
ğŸ¦€,ğŸ¦€,netral
ğŸ¦,ğŸ¦,netral
ğŸ¦,ğŸ¦,netral
ğŸ¦‘,ğŸ¦‘,netral
ğŸ¦ª,ğŸ¦ª,netral
ğŸ¦,ğŸ¦,netral
ğŸ§,ğŸ§,netral
ğŸ¨,ğŸ¨,netral
ğŸ©,ğŸ©,netral
ğŸª,ğŸª,netral
ğŸ‚,ğŸ‚,bahagia
ğŸ°,ğŸ°,netral
ğŸ§,ğŸ§,netral
ğŸ¥§,ğŸ¥§,netral
ğŸ«,ğŸ«,netral
ğŸ¬,ğŸ¬,netral
ğŸ­,ğŸ­,netral
ğŸ®,ğŸ®,netral
ğŸ¯,ğŸ¯,netral
ğŸ¼,ğŸ¼,netral
ğŸ¥›,ğŸ¥›,netral
â˜•,â˜•,netral
ğŸ«–,ğŸ«–,netral
ğŸµ,ğŸµ,netral
ğŸ¶,ğŸ¶,netral
ğŸ¾,ğŸ¾,netral
ğŸ·,ğŸ·,netral
ğŸ¸,ğŸ¸,netral
ğŸ¹,ğŸ¹,netral
ğŸº,ğŸº,netral
ğŸ»,ğŸ»,netral
ğŸ¥‚,ğŸ¥‚,bahagia
ğŸ¥ƒ,ğŸ¥ƒ,netral
ğŸ¥¤,ğŸ¥¤,netral
ğŸ§‹,ğŸ§‹,netral
ğŸ§ƒ,ğŸ§ƒ,netral
ğŸ§‰,ğŸ§‰,netral
ğŸ§Š,ğŸ§Š,netral
ğŸ¥¢,ğŸ¥¢,netral
ğŸ½ï¸,ğŸ½ï¸,netral
ğŸ´,ğŸ´,netral
ğŸ¥„,ğŸ¥„,netral
ğŸ”ª,ğŸ”ª,netral
ğŸº,ğŸº,netral
ğŸŒ,ğŸŒ,netral
ğŸŒ,ğŸŒ,netral
ğŸŒ,ğŸŒ,netral
ğŸŒ,ğŸŒ,netral
ğŸ—ºï¸,ğŸ—ºï¸,netral
ğŸ—¾,ğŸ—¾,netral
ğŸ§­,ğŸ§­,netral
ğŸ”ï¸,ğŸ”ï¸,netral
â›°ï¸,â›°ï¸,netral
ğŸŒ‹,ğŸŒ‹,netral
ğŸ—»,ğŸ—»,netral
ğŸ•ï¸,ğŸ•ï¸,netral
ğŸ–ï¸,ğŸ–ï¸,netral
ğŸœï¸,ğŸœï¸,netral
ğŸï¸,ğŸï¸,netral
ğŸï¸,ğŸï¸,netral
ğŸŸï¸,ğŸŸï¸,netral
ğŸ›ï¸,ğŸ›ï¸,netral
ğŸ—ï¸,ğŸ—ï¸,netral
ğŸ§±,ğŸ§±,netral
ğŸª¨,ğŸª¨,netral
ğŸªµ,ğŸªµ,netral
ğŸ›–,ğŸ›–,netral
ğŸ˜ï¸,ğŸ˜ï¸,netral
ğŸšï¸,ğŸšï¸,netral
ğŸ ,ğŸ ,netral
ğŸ¡,ğŸ¡,netral
ğŸ¢,ğŸ¢,netral
ğŸ£,ğŸ£,netral
ğŸ¤,ğŸ¤,netral
ğŸ¥,ğŸ¥,sakit
ğŸ¦,ğŸ¦,netral
ğŸ¨,ğŸ¨,netral
ğŸ©,ğŸ©,cinta
ğŸª,ğŸª,netral
ğŸ«,ğŸ«,netral
ğŸ¬,ğŸ¬,netral
ğŸ­,ğŸ­,netral
ğŸ¯,ğŸ¯,netral
ğŸ°,ğŸ°,netral
ğŸ’’,ğŸ’’,cinta
ğŸ—¼,ğŸ—¼,netral
ğŸ—½,ğŸ—½,netral
â›ª,â›ª,netral
ğŸ•Œ,ğŸ•Œ,netral
ğŸ›•,ğŸ›•,netral
ğŸ•,ğŸ•,netral
â›©ï¸,â›©ï¸,netral
ğŸ•‹,ğŸ•‹,netral
â›²,â›²,netral
â›º,â›º,netral
ğŸŒ,ğŸŒ,netral
ğŸŒƒ,ğŸŒƒ,netral
ğŸ™ï¸,ğŸ™ï¸,netral
ğŸŒ„,ğŸŒ„,netral
ğŸŒ…,ğŸŒ…,netral
ğŸŒ†,ğŸŒ†,netral
ğŸŒ‡,ğŸŒ‡,netral
ğŸŒ‰,ğŸŒ‰,netral
â™¨ï¸,â™¨ï¸,netral
ğŸ ,ğŸ ,netral
ğŸ¡,ğŸ¡,netral
ğŸ¢,ğŸ¢,netral
ğŸ’ˆ,ğŸ’ˆ,netral
ğŸª,ğŸª,netral
ğŸš‚,ğŸš‚,netral
ğŸšƒ,ğŸšƒ,netral
ğŸš„,ğŸš„,netral
ğŸš…,ğŸš…,netral
ğŸš†,ğŸš†,netral
ğŸš‡,ğŸš‡,netral
ğŸšˆ,ğŸšˆ,netral
ğŸš‰,ğŸš‰,netral
ğŸšŠ,ğŸšŠ,netral
ğŸš,ğŸš,netral
ğŸš,ğŸš,netral
ğŸš‹,ğŸš‹,netral
ğŸšŒ,ğŸšŒ,netral
ğŸš,ğŸš,netral
ğŸš,ğŸš,netral
ğŸš,ğŸš,netral
ğŸš‘,ğŸš‘,netral
ğŸš’,ğŸš’,netral
ğŸš“,ğŸš“,netral
ğŸš”,ğŸš”,netral
ğŸš•,ğŸš•,netral
ğŸš–,ğŸš–,netral
ğŸš—,ğŸš—,netral
ğŸš˜,ğŸš˜,netral
ğŸš™,ğŸš™,netral
ğŸ›»,ğŸ›»,netral
ğŸšš,ğŸšš,netral
ğŸš›,ğŸš›,netral
ğŸšœ,ğŸšœ,netral
ğŸï¸,ğŸï¸,netral
ğŸï¸,ğŸï¸,netral
ğŸ›µ,ğŸ›µ,netral
ğŸ¦½,ğŸ¦½,netral
ğŸ¦¼,ğŸ¦¼,netral
ğŸ›º,ğŸ›º,netral
ğŸš²,ğŸš²,netral
ğŸ›´,ğŸ›´,netral
ğŸ›¹,ğŸ›¹,netral
ğŸ›¼,ğŸ›¼,netral
ğŸš,ğŸš,netral
ğŸ›£ï¸,ğŸ›£ï¸,netral
ğŸ›¤ï¸,ğŸ›¤ï¸,netral
ğŸ›¢ï¸,ğŸ›¢ï¸,netral
â›½,â›½,netral
ğŸš¨,ğŸš¨,netral
ğŸš¥,ğŸš¥,netral
ğŸš¦,ğŸš¦,netral
ğŸ›‘,ğŸ›‘,netral
ğŸš§,ğŸš§,netral
âš“,âš“,netral
â›µ,â›µ,netral
ğŸ›¶,ğŸ›¶,netral
ğŸš¤,ğŸš¤,netral
ğŸ›³ï¸,ğŸ›³ï¸,netral
â›´ï¸,â›´ï¸,netral
ğŸ›¥ï¸,ğŸ›¥ï¸,netral
ğŸš¢,ğŸš¢,netral
âœˆï¸,âœˆï¸,netral
ğŸ›©ï¸,ğŸ›©ï¸,netral
ğŸ›«,ğŸ›«,netral
ğŸ›¬,ğŸ›¬,netral
ğŸª‚,ğŸª‚,netral
ğŸ’º,ğŸ’º,netral
ğŸš,ğŸš,netral
ğŸšŸ,ğŸšŸ,netral
ğŸš ,ğŸš ,netral
ğŸš¡,ğŸš¡,netral
ğŸ›°ï¸,ğŸ›°ï¸,netral
ğŸš€,ğŸš€,netral
ğŸ›¸,ğŸ›¸,netral
ğŸ›ï¸,ğŸ›ï¸,netral
ğŸ§³,ğŸ§³,netral
âŒ›,âŒ›,netral
â³,â³,netral
âŒš,âŒš,netral
â°,â°,netral
â±ï¸,â±ï¸,netral
â²ï¸,â²ï¸,netral
ğŸ•°ï¸,ğŸ•°ï¸,netral
ğŸ•›,ğŸ•›,netral
ğŸ•§,ğŸ•§,netral
ğŸ•,ğŸ•,netral
ğŸ•œ,ğŸ•œ,netral
ğŸ•‘,ğŸ•‘,netral
ğŸ•,ğŸ•,netral
ğŸ•’,ğŸ•’,netral
ğŸ•,ğŸ•,netral
ğŸ•“,ğŸ•“,netral
ğŸ•Ÿ,ğŸ•Ÿ,netral
ğŸ•”,ğŸ•”,netral
ğŸ• ,ğŸ• ,netral
ğŸ••,ğŸ••,netral
ğŸ•¡,ğŸ•¡,netral
ğŸ•–,ğŸ•–,netral
ğŸ•¢,ğŸ•¢,netral
ğŸ•—,ğŸ•—,netral
ğŸ•£,ğŸ•£,netral
ğŸ•˜,ğŸ•˜,netral
ğŸ•¤,ğŸ•¤,netral
ğŸ•™,ğŸ•™,netral
ğŸ•¥,ğŸ•¥,netral
ğŸ•š,ğŸ•š,netral
ğŸ•¦,ğŸ•¦,netral
ğŸŒ‘,ğŸŒ‘,netral
ğŸŒ’,ğŸŒ’,netral
ğŸŒ“,ğŸŒ“,netral
ğŸŒ”,ğŸŒ”,netral
ğŸŒ•,ğŸŒ•,netral
ğŸŒ–,ğŸŒ–,netral
ğŸŒ—,ğŸŒ—,netral
ğŸŒ˜,ğŸŒ˜,netral
ğŸŒ™,ğŸŒ™,netral
ğŸŒš,ğŸŒš,netral
ğŸŒ›,ğŸŒ›,netral
ğŸŒœ,ğŸŒœ,netral
ğŸŒ¡ï¸,ğŸŒ¡ï¸,sakit
â˜€ï¸,â˜€ï¸,netral
ğŸŒ,ğŸŒ,netral
ğŸŒ,ğŸŒ,netral
ğŸª,ğŸª,netral
â­,â­,netral
ğŸŒŸ,ğŸŒŸ,netral
ğŸŒ ,ğŸŒ ,netral
ğŸŒŒ,ğŸŒŒ,netral
â˜ï¸,â˜ï¸,netral
â›…,â›…,netral
â›ˆï¸,â›ˆï¸,netral
ğŸŒ¤ï¸,ğŸŒ¤ï¸,netral
ğŸŒ¥ï¸,ğŸŒ¥ï¸,netral
ğŸŒ¦ï¸,ğŸŒ¦ï¸,netral
ğŸŒ§ï¸,ğŸŒ§ï¸,netral
ğŸŒ¨ï¸,ğŸŒ¨ï¸,netral
ğŸŒ©ï¸,ğŸŒ©ï¸,netral
ğŸŒªï¸,ğŸŒªï¸,netral
ğŸŒ«ï¸,ğŸŒ«ï¸,netral
ğŸŒ¬ï¸,ğŸŒ¬ï¸,netral
ğŸŒ€,ğŸŒ€,netral
ğŸŒˆ,ğŸŒˆ,netral
ğŸŒ‚,ğŸŒ‚,netral
â˜‚ï¸,â˜‚ï¸,netral
â˜”,â˜”,netral
â›±ï¸,â›±ï¸,netral
âš¡,âš¡,netral
â„ï¸,â„ï¸,netral
â˜ƒï¸,â˜ƒï¸,netral
â›„,â›„,netral
â˜„ï¸,â˜„ï¸,netral
ğŸ”¥,ğŸ”¥,keren
ğŸ’§,ğŸ’§,netral
ğŸŒŠ,ğŸŒŠ,netral
ğŸƒ,ğŸƒ,bahagia
ğŸ„,ğŸ„,bahagia
ğŸ†,ğŸ†,bahagia
ğŸ‡,ğŸ‡,bahagia
ğŸ§¨,ğŸ§¨,netral
âœ¨,âœ¨,api
ğŸˆ,ğŸˆ,bahagia
ğŸ‰,ğŸ‰,bahagia
ğŸŠ,ğŸŠ,bahagia
ğŸ‹,ğŸ‹,bahagia
ğŸ,ğŸ,bahagia
ğŸ,ğŸ,bahagia
ğŸ,ğŸ,bahagia
ğŸ,ğŸ,bahagia
ğŸ‘,ğŸ‘,bahagia
ğŸ§§,ğŸ§§,netral
ğŸ€,ğŸ€,bahagia
ğŸ,ğŸ,bahagia
ğŸ—ï¸,ğŸ—ï¸,bahagia
ğŸŸï¸,ğŸŸï¸,netral
ğŸ«,ğŸ«,netral
ğŸ–ï¸,ğŸ–ï¸,bahagia
ğŸ†,ğŸ†,netral
ğŸ…,ğŸ…,netral
ğŸ¥‡,ğŸ¥‡,netral
ğŸ¥ˆ,ğŸ¥ˆ,netral
ğŸ¥‰,ğŸ¥‰,netral
âš½,âš½,netral
âš¾,âš¾,netral
ğŸ¥,ğŸ¥,netral
ğŸ€,ğŸ€,netral
ğŸ,ğŸ,netral
ğŸˆ,ğŸˆ,netral
ğŸ‰,ğŸ‰,netral
ğŸ¾,ğŸ¾,netral
ğŸ¥,ğŸ¥,netral
ğŸ³,ğŸ³,netral
ğŸ,ğŸ,netral
ğŸ‘,ğŸ‘,netral
ğŸ’,ğŸ’,netral
ğŸ¥,ğŸ¥,netral
ğŸ“,ğŸ“,netral
ğŸ¸,ğŸ¸,netral
ğŸ¥Š,ğŸ¥Š,netral
ğŸ¥‹,ğŸ¥‹,netral
ğŸ¥…,ğŸ¥…,netral
â›³,â›³,netral
â›¸ï¸,â›¸ï¸,netral
ğŸ£,ğŸ£,netral
ğŸ¤¿,ğŸ¤¿,netral
ğŸ½,ğŸ½,netral
ğŸ¿,ğŸ¿,netral
ğŸ›·,ğŸ›·,netral
ğŸ¥Œ,ğŸ¥Œ,netral
ğŸ¯,ğŸ¯,netral
ğŸª€,ğŸª€,netral
ğŸª,ğŸª,netral
ğŸ±,ğŸ±,netral
ğŸ”®,ğŸ”®,netral
ğŸª„,ğŸª„,netral
ğŸ§¿,ğŸ§¿,netral
ğŸ®,ğŸ®,netral
ğŸ•¹ï¸,ğŸ•¹ï¸,netral
ğŸ°,ğŸ°,netral
ğŸ²,ğŸ²,netral
ğŸ§©,ğŸ§©,netral
ğŸ§¸,ğŸ§¸,netral
ğŸª…,ğŸª…,bahagia
ğŸª†,ğŸª†,netral
â™ ï¸,â™ ï¸,netral
â™¥ï¸,â™¥ï¸,dukungan
â™¦ï¸,â™¦ï¸,netral
â™£ï¸,â™£ï¸,netral
â™Ÿï¸,â™Ÿï¸,netral
ğŸƒ,ğŸƒ,netral
ğŸ€„,ğŸ€„,netral
ğŸ´,ğŸ´,netral
ğŸ­,ğŸ­,netral
ğŸ–¼ï¸,ğŸ–¼ï¸,netral
ğŸ¨,ğŸ¨,netral
ğŸ§µ,ğŸ§µ,netral
ğŸª¡,ğŸª¡,netral
ğŸ§¶,ğŸ§¶,netral
ğŸª¢,ğŸª¢,netral
ğŸ‘“,ğŸ‘“,netral
ğŸ•¶ï¸,ğŸ•¶ï¸,netral
ğŸ¥½,ğŸ¥½,netral
ğŸ¥¼,ğŸ¥¼,netral
ğŸ¦º,ğŸ¦º,netral
ğŸ‘”,ğŸ‘”,netral
ğŸ‘•,ğŸ‘•,netral
ğŸ‘–,ğŸ‘–,netral
ğŸ§£,ğŸ§£,netral
ğŸ§¤,ğŸ§¤,netral
ğŸ§¥,ğŸ§¥,netral
ğŸ§¦,ğŸ§¦,netral
ğŸ‘—,ğŸ‘—,netral
ğŸ‘˜,ğŸ‘˜,netral
ğŸ¥»,ğŸ¥»,netral
ğŸ©±,ğŸ©±,netral
ğŸ©²,ğŸ©²,netral
ğŸ©³,ğŸ©³,netral
ğŸ‘™,ğŸ‘™,netral
ğŸ‘š,ğŸ‘š,netral
ğŸ‘›,ğŸ‘›,netral
ğŸ‘œ,ğŸ‘œ,netral
ğŸ‘,ğŸ‘,netral
ğŸ›ï¸,ğŸ›ï¸,netral
ğŸ’,ğŸ’,netral
ğŸ©´,ğŸ©´,netral
ğŸ‘,ğŸ‘,netral
ğŸ‘Ÿ,ğŸ‘Ÿ,netral
ğŸ¥¾,ğŸ¥¾,netral
ğŸ¥¿,ğŸ¥¿,netral
ğŸ‘ ,ğŸ‘ ,netral
ğŸ‘¡,ğŸ‘¡,netral
ğŸ©°,ğŸ©°,netral
ğŸ‘¢,ğŸ‘¢,netral
ğŸ‘‘,ğŸ‘‘,netral
ğŸ‘’,ğŸ‘’,netral
ğŸ©,ğŸ©,netral
ğŸ“,ğŸ“,bahagia
ğŸ§¢,ğŸ§¢,netral
ğŸª–,ğŸª–,netral
â›‘ï¸,â›‘ï¸,netral
ğŸ“¿,ğŸ“¿,netral
ğŸ’„,ğŸ’„,netral
ğŸ’,ğŸ’,cinta
ğŸ’,ğŸ’,cinta
ğŸ”‡,ğŸ”‡,tenang
ğŸ”ˆ,ğŸ”ˆ,netral
ğŸ”‰,ğŸ”‰,netral
ğŸ”Š,ğŸ”Š,netral
ğŸ“¢,ğŸ“¢,netral
ğŸ“£,ğŸ“£,netral
ğŸ“¯,ğŸ“¯,netral
ğŸ””,ğŸ””,netral
ğŸ”•,ğŸ”•,tenang
ğŸ¼,ğŸ¼,netral
ğŸµ,ğŸµ,netral
ğŸ¶,ğŸ¶,netral
ğŸ™ï¸,ğŸ™ï¸,netral
ğŸšï¸,ğŸšï¸,netral
ğŸ›ï¸,ğŸ›ï¸,netral
ğŸ¤,ğŸ¤,netral
ğŸ§,ğŸ§,netral
ğŸ“»,ğŸ“»,netral
ğŸ·,ğŸ·,netral
ğŸª—,ğŸª—,netral
ğŸ¸,ğŸ¸,netral
ğŸ¹,ğŸ¹,netral
ğŸº,ğŸº,netral
ğŸ»,ğŸ»,netral
ğŸª•,ğŸª•,netral
ğŸ¥,ğŸ¥,netral
ğŸª˜,ğŸª˜,netral
ğŸ“±,ğŸ“±,netral
ğŸ“²,ğŸ“²,netral
â˜ï¸,â˜ï¸,netral
ğŸ“,ğŸ“,netral
ğŸ“Ÿ,ğŸ“Ÿ,netral
ğŸ“ ,ğŸ“ ,netral
ğŸ”‹,ğŸ”‹,netral
ğŸ”Œ,ğŸ”Œ,netral
ğŸ’»,ğŸ’»,netral
ğŸ–¥ï¸,ğŸ–¥ï¸,netral
ğŸ–¨ï¸,ğŸ–¨ï¸,netral
âŒ¨ï¸,âŒ¨ï¸,netral
ğŸ–±ï¸,ğŸ–±ï¸,netral
ğŸ–²ï¸,ğŸ–²ï¸,netral
ğŸ’½,ğŸ’½,netral
ğŸ’¾,ğŸ’¾,netral
ğŸ’¿,ğŸ’¿,netral
ğŸ“€,ğŸ“€,netral
ğŸ§®,ğŸ§®,netral
ğŸ¥,ğŸ¥,netral
ğŸï¸,ğŸï¸,netral
ğŸ“½ï¸,ğŸ“½ï¸,netral
ğŸ¬,ğŸ¬,netral
ğŸ“º,ğŸ“º,netral
ğŸ“·,ğŸ“·,netral
ğŸ“¸,ğŸ“¸,netral
ğŸ“¹,ğŸ“¹,netral
ğŸ“¼,ğŸ“¼,netral
ğŸ”,ğŸ”,netral
ğŸ”,ğŸ”,netral
ğŸ•¯ï¸,ğŸ•¯ï¸,netral
ğŸ’¡,ğŸ’¡,netral
ğŸ”¦,ğŸ”¦,netral
ğŸ®,ğŸ®,netral
ğŸª”,ğŸª”,netral
ğŸ“”,ğŸ“”,netral
ğŸ“•,ğŸ“•,netral
ğŸ“–,ğŸ“–,netral
ğŸ“—,ğŸ“—,netral
ğŸ“˜,ğŸ“˜,netral
ğŸ“™,ğŸ“™,netral
ğŸ“š,ğŸ“š,netral
ğŸ““,ğŸ““,netral
ğŸ“’,ğŸ“’,netral
ğŸ“ƒ,ğŸ“ƒ,netral
ğŸ“œ,ğŸ“œ,netral
ğŸ“„,ğŸ“„,netral
ğŸ“°,ğŸ“°,netral
ğŸ—ï¸,ğŸ—ï¸,netral
ğŸ“‘,ğŸ“‘,netral
ğŸ”–,ğŸ”–,netral
ğŸ·ï¸,ğŸ·ï¸,netral
ğŸ’°,ğŸ’°,netral
ğŸª™,ğŸª™,netral
ğŸ’´,ğŸ’´,netral
ğŸ’µ,ğŸ’µ,netral
ğŸ’¶,ğŸ’¶,netral
ğŸ’·,ğŸ’·,netral
ğŸ’¸,ğŸ’¸,netral
ğŸ’³,ğŸ’³,netral
ğŸ§¾,ğŸ§¾,netral
ğŸ’¹,ğŸ’¹,netral
âœ‰ï¸,âœ‰ï¸,netral
ğŸ“§,ğŸ“§,netral
ğŸ“¨,ğŸ“¨,netral
ğŸ“©,ğŸ“©,netral
ğŸ“¤,ğŸ“¤,netral
ğŸ“¥,ğŸ“¥,netral
ğŸ“¦,ğŸ“¦,netral
ğŸ“«,ğŸ“«,netral
ğŸ“ª,ğŸ“ª,netral
ğŸ“¬,ğŸ“¬,netral
ğŸ“­,ğŸ“­,netral
ğŸ“®,ğŸ“®,netral
ğŸ—³ï¸,ğŸ—³ï¸,netral
âœï¸,âœï¸,netral
âœ’ï¸,âœ’ï¸,netral
ğŸ–‹ï¸,ğŸ–‹ï¸,netral
ğŸ–Šï¸,ğŸ–Šï¸,netral
ğŸ–Œï¸,ğŸ–Œï¸,netral
ğŸ–ï¸,ğŸ–ï¸,netral
ğŸ“,ğŸ“,netral
ğŸ’¼,ğŸ’¼,netral
ğŸ“,ğŸ“,netral
ğŸ“‚,ğŸ“‚,netral
ğŸ—‚ï¸,ğŸ—‚ï¸,netral
ğŸ“…,ğŸ“…,netral
ğŸ“†,ğŸ“†,netral
ğŸ—’ï¸,ğŸ—’ï¸,netral
ğŸ—“ï¸,ğŸ—“ï¸,netral
ğŸ“‡,ğŸ“‡,netral
ğŸ“ˆ,ğŸ“ˆ,netral
ğŸ“‰,ğŸ“‰,netral
ğŸ“Š,ğŸ“Š,netral
ğŸ“‹,ğŸ“‹,netral
ğŸ“Œ,ğŸ“Œ,netral
ğŸ“,ğŸ“,netral
ğŸ“,ğŸ“,netral
ğŸ–‡ï¸,ğŸ–‡ï¸,netral
ğŸ“,ğŸ“,netral
ğŸ“,ğŸ“,netral
âœ‚ï¸,âœ‚ï¸,netral
ğŸ—ƒï¸,ğŸ—ƒï¸,netral
ğŸ—„ï¸,ğŸ—„ï¸,netral
ğŸ—‘ï¸,ğŸ—‘ï¸,netral
ğŸ”’,ğŸ”’,netral
ğŸ”“,ğŸ”“,netral
ğŸ”,ğŸ”,netral
ğŸ”,ğŸ”,netral
ğŸ”‘,ğŸ”‘,netral
ğŸ—ï¸,ğŸ—ï¸,netral
ğŸ”¨,ğŸ”¨,netral
ğŸª“,ğŸª“,netral
â›ï¸,â›ï¸,netral
âš’ï¸,âš’ï¸,netral
ğŸ› ï¸,ğŸ› ï¸,netral
ğŸ—¡ï¸,ğŸ—¡ï¸,netral
âš”ï¸,âš”ï¸,netral
ğŸ”«,ğŸ”«,netral
ğŸªƒ,ğŸªƒ,netral
ğŸ¹,ğŸ¹,netral
ğŸ›¡ï¸,ğŸ›¡ï¸,netral
ğŸªš,ğŸªš,netral
ğŸ”§,ğŸ”§,netral
ğŸª›,ğŸª›,netral
ğŸ”©,ğŸ”©,netral
âš™ï¸,âš™ï¸,netral
ğŸ—œï¸,ğŸ—œï¸,netral
âš–ï¸,âš–ï¸,netral
ğŸ¦¯,ğŸ¦¯,netral
ğŸ”—,ğŸ”—,netral
â›“ï¸,â›“ï¸,netral
ğŸª,ğŸª,netral
ğŸ§°,ğŸ§°,netral
ğŸ§²,ğŸ§²,netral
ğŸªœ,ğŸªœ,netral
âš—ï¸,âš—ï¸,netral
ğŸ§ª,ğŸ§ª,netral
ğŸ§«,ğŸ§«,netral
ğŸ§¬,ğŸ§¬,netral
ğŸ”¬,ğŸ”¬,netral
ğŸ”­,ğŸ”­,netral
ğŸ“¡,ğŸ“¡,netral
ğŸ’‰,ğŸ’‰,sakit
ğŸ©¸,ğŸ©¸,netral
ğŸ’Š,ğŸ’Š,sakit
ğŸ©¹,ğŸ©¹,sakit
ğŸ©º,ğŸ©º,netral
ğŸšª,ğŸšª,netral
ğŸ›—,ğŸ›—,netral
ğŸª,ğŸª,netral
ğŸªŸ,ğŸªŸ,netral
ğŸ›ï¸,ğŸ›ï¸,lelah
ğŸ›‹ï¸,ğŸ›‹ï¸,netral
ğŸª‘,ğŸª‘,netral
ğŸš½,ğŸš½,netral
ğŸª ,ğŸª ,netral
ğŸš¿,ğŸš¿,netral
ğŸ›,ğŸ›,netral
ğŸª¤,ğŸª¤,netral
ğŸª’,ğŸª’,netral
ğŸ§´,ğŸ§´,netral
ğŸ§·,ğŸ§·,netral
ğŸ§¹,ğŸ§¹,netral
ğŸ§º,ğŸ§º,netral
ğŸ§»,ğŸ§»,netral
ğŸª£,ğŸª£,netral
ğŸ§¼,ğŸ§¼,netral
ğŸª¥,ğŸª¥,netral
ğŸ§½,ğŸ§½,netral
ğŸ§¯,ğŸ§¯,netral
ğŸ›’,ğŸ›’,netral
ğŸš¬,ğŸš¬,netral
âš°ï¸,âš°ï¸,netral
ğŸª¦,ğŸª¦,netral
âš±ï¸,âš±ï¸,netral
ğŸ—¿,ğŸ—¿,netral
ğŸª§,ğŸª§,netral
ğŸ§,ğŸ§,netral
ğŸš®,ğŸš®,netral
ğŸš°,ğŸš°,netral
â™¿,â™¿,netral
ğŸš¹,ğŸš¹,netral
ğŸšº,ğŸšº,netral
ğŸš»,ğŸš»,netral
ğŸš¼,ğŸš¼,netral
ğŸš¾,ğŸš¾,netral
ğŸ›‚,ğŸ›‚,netral
ğŸ›ƒ,ğŸ›ƒ,netral
ğŸ›„,ğŸ›„,netral
ğŸ›…,ğŸ›…,netral
âš ï¸,âš ï¸,netral
ğŸš¸,ğŸš¸,netral
â›”,â›”,netral
ğŸš«,ğŸš«,netral
ğŸš³,ğŸš³,netral
ğŸš­,ğŸš­,netral
ğŸš¯,ğŸš¯,netral
ğŸš±,ğŸš±,netral
ğŸš·,ğŸš·,netral
ğŸ“µ,ğŸ“µ,netral
ğŸ”,ğŸ”,netral
â˜¢ï¸,â˜¢ï¸,netral
â˜£ï¸,â˜£ï¸,netral
â¬†ï¸,â¬†ï¸,netral
â†—ï¸,â†—ï¸,netral
â¡ï¸,â¡ï¸,netral
â†˜ï¸,â†˜ï¸,netral
â¬‡ï¸,â¬‡ï¸,netral
â†™ï¸,â†™ï¸,netral
â¬…ï¸,â¬…ï¸,netral
â†–ï¸,â†–ï¸,netral
â†•ï¸,â†•ï¸,netral
â†”ï¸,â†”ï¸,netral
â†©ï¸,â†©ï¸,netral
â†ªï¸,â†ªï¸,netral
â¤´ï¸,â¤´ï¸,netral
â¤µï¸,â¤µï¸,netral
ğŸ”ƒ,ğŸ”ƒ,netral
ğŸ”„,ğŸ”„,netral
ğŸ”™,ğŸ”™,netral
ğŸ”š,ğŸ”š,netral
ğŸ”›,ğŸ”›,netral
ğŸ”œ,ğŸ”œ,netral
ğŸ”,ğŸ”,netral
ğŸ›,ğŸ›,netral
âš›ï¸,âš›ï¸,netral
ğŸ•‰ï¸,ğŸ•‰ï¸,netral
âœ¡ï¸,âœ¡ï¸,netral
â˜¸ï¸,â˜¸ï¸,netral
â˜¯ï¸,â˜¯ï¸,netral
âœï¸,âœï¸,netral
â˜¦ï¸,â˜¦ï¸,netral
â˜ªï¸,â˜ªï¸,netral
â˜®ï¸,â˜®ï¸,tenang
ğŸ•,ğŸ•,netral
ğŸ”¯,ğŸ”¯,netral
â™ˆ,â™ˆ,netral
â™‰,â™‰,netral
â™Š,â™Š,netral
â™‹,â™‹,netral
â™Œ,â™Œ,netral
â™,â™,netral
â™,â™,netral
â™,â™,netral
â™,â™,netral
â™‘,â™‘,netral
â™’,â™’,netral
â™“,â™“,netral
â›,â›,netral
ğŸ”€,ğŸ”€,netral
ğŸ”,ğŸ”,netral
ğŸ”‚,ğŸ”‚,netral
â–¶ï¸,â–¶ï¸,netral
â©,â©,netral
â­ï¸,â­ï¸,netral
â¯ï¸,â¯ï¸,netral
â—€ï¸,â—€ï¸,netral
âª,âª,netral
â®ï¸,â®ï¸,netral
ğŸ”¼,ğŸ”¼,netral
â«,â«,netral
ğŸ”½,ğŸ”½,netral
â¬,â¬,netral
â¸ï¸,â¸ï¸,netral
â¹ï¸,â¹ï¸,netral
âºï¸,âºï¸,netral
âï¸,âï¸,netral
ğŸ¦,ğŸ¦,netral
ğŸ”…,ğŸ”…,netral
ğŸ”†,ğŸ”†,netral
ğŸ“¶,ğŸ“¶,netral
ğŸ“³,ğŸ“³,netral
ğŸ“´,ğŸ“´,netral
â™€ï¸,â™€ï¸,netral
â™‚ï¸,â™‚ï¸,netral
âš§ï¸,âš§ï¸,netral
âœ–ï¸,âœ–ï¸,netral
â•,â•,netral
â–,â–,netral
â—,â—,netral
â™¾ï¸,â™¾ï¸,netral
â€¼ï¸,â€¼ï¸,netral
â‰ï¸,â‰ï¸,netral
â“,â“,netral
â”,â”,netral
â•,â•,netral
â—,â—,netral
ã€°ï¸,ã€°ï¸,netral
ğŸ’±,ğŸ’±,netral
ğŸ’²,ğŸ’²,netral
âš•ï¸,âš•ï¸,netral
â™»ï¸,â™»ï¸,netral
âšœï¸,âšœï¸,netral
ğŸ”±,ğŸ”±,netral
ğŸ“›,ğŸ“›,netral
ğŸ”°,ğŸ”°,netral
â­•,â­•,netral
âœ…,âœ…,setuju
â˜‘ï¸,â˜‘ï¸,setuju
âœ”ï¸,âœ”ï¸,netral
âŒ,âŒ,netral
â,â,netral
â°,â°,netral
â¿,â¿,netral
ã€½ï¸,ã€½ï¸,netral
âœ³ï¸,âœ³ï¸,netral
âœ´ï¸,âœ´ï¸,netral
â‡ï¸,â‡ï¸,netral
Â©ï¸,Â©ï¸,netral
Â®ï¸,Â®ï¸,netral
â„¢ï¸,â„¢ï¸,netral
#ï¸âƒ£,#ï¸âƒ£,netral
0ï¸âƒ£,0ï¸âƒ£,netral
1ï¸âƒ£,1ï¸âƒ£,netral
2ï¸âƒ£,2ï¸âƒ£,netral
3ï¸âƒ£,3ï¸âƒ£,netral
4ï¸âƒ£,4ï¸âƒ£,netral
5ï¸âƒ£,5ï¸âƒ£,netral
6ï¸âƒ£,6ï¸âƒ£,netral
7ï¸âƒ£,7ï¸âƒ£,netral
8ï¸âƒ£,8ï¸âƒ£,netral
9ï¸âƒ£,9ï¸âƒ£,netral
ğŸ”Ÿ,ğŸ”Ÿ,netral
ğŸ” ,ğŸ” ,netral
ğŸ”¡,ğŸ”¡,netral
ğŸ”¢,ğŸ”¢,netral
ğŸ”£,ğŸ”£,netral
ğŸ”¤,ğŸ”¤,netral
ğŸ…°ï¸,ğŸ…°ï¸,netral
ğŸ†,ğŸ†,netral
ğŸ…±ï¸,ğŸ…±ï¸,netral
ğŸ†‘,ğŸ†‘,netral
ğŸ†’,ğŸ†’,netral
ğŸ†“,ğŸ†“,netral
â„¹ï¸,â„¹ï¸,netral
ğŸ†”,ğŸ†”,netral
â“‚ï¸,â“‚ï¸,netral
ğŸ†•,ğŸ†•,netral
ğŸ†–,ğŸ†–,netral
ğŸ…¾ï¸,ğŸ…¾ï¸,netral
ğŸ†—,ğŸ†—,netral
ğŸ…¿ï¸,ğŸ…¿ï¸,netral
ğŸ†˜,ğŸ†˜,netral
ğŸ†™,ğŸ†™,netral
ğŸ†š,ğŸ†š,netral
ğŸˆ,ğŸˆ,netral
ğŸˆ‚ï¸,ğŸˆ‚ï¸,netral
ğŸˆ·ï¸,ğŸˆ·ï¸,netral
ğŸˆ¶,ğŸˆ¶,netral
ğŸˆ¯,ğŸˆ¯,netral
ğŸ‰,ğŸ‰,netral
ğŸˆ¹,ğŸˆ¹,netral
ğŸˆš,ğŸˆš,netral
ğŸˆ²,ğŸˆ²,netral
ğŸ‰‘,ğŸ‰‘,netral
ğŸˆ¸,ğŸˆ¸,netral
ğŸˆ´,ğŸˆ´,netral
ğŸˆ³,ğŸˆ³,netral
ãŠ—ï¸,ãŠ—ï¸,netral
ãŠ™ï¸,ãŠ™ï¸,netral
ğŸˆº,ğŸˆº,netral
ğŸˆµ,ğŸˆµ,netral
ğŸ”´,ğŸ”´,netral
ğŸŸ ,ğŸŸ ,netral
ğŸŸ¡,ğŸŸ¡,netral
ğŸŸ¢,ğŸŸ¢,netral
ğŸ”µ,ğŸ”µ,netral
ğŸŸ£,ğŸŸ£,netral
ğŸŸ¤,ğŸŸ¤,netral
âš«,âš«,netral
âšª,âšª,netral
ğŸŸ¥,ğŸŸ¥,netral
ğŸŸ§,ğŸŸ§,netral
ğŸŸ¨,ğŸŸ¨,netral
ğŸŸ©,ğŸŸ©,netral
ğŸŸ¦,ğŸŸ¦,netral
ğŸŸª,ğŸŸª,netral
ğŸŸ«,ğŸŸ«,netral
â¬›,â¬›,netral
â¬œ,â¬œ,netral
â—¼ï¸,â—¼ï¸,netral
â—»ï¸,â—»ï¸,netral
â—¾,â—¾,netral
â—½,â—½,netral
â–ªï¸,â–ªï¸,netral
â–«ï¸,â–«ï¸,netral
ğŸ”¶,ğŸ”¶,netral
ğŸ”·,ğŸ”·,netral
ğŸ”¸,ğŸ”¸,netral
ğŸ”¹,ğŸ”¹,netral
ğŸ”º,ğŸ”º,netral
ğŸ”»,ğŸ”»,netral
ğŸ’ ,ğŸ’ ,netral
ğŸ”˜,ğŸ”˜,netral
ğŸ”³,ğŸ”³,netral
ğŸ”²,ğŸ”²,netral
ğŸ,ğŸ,netral
ğŸš©,ğŸš©,netral
ğŸŒ,ğŸŒ,bahagia
ğŸ´,ğŸ´,netral
ğŸ³ï¸,ğŸ³ï¸,netral
ğŸ³ï¸â€ğŸŒˆ,ğŸ³ï¸â€ğŸŒˆ,netral
ğŸ³ï¸â€âš§ï¸,ğŸ³ï¸â€âš§ï¸,netral
ğŸ´â€â˜ ï¸,ğŸ´â€â˜ ï¸,netral
ğŸ‡¦ğŸ‡¨,ğŸ‡¦ğŸ‡¨,netral
ğŸ‡¦ğŸ‡©,ğŸ‡¦ğŸ‡©,netral
ğŸ‡¦ğŸ‡ª,ğŸ‡¦ğŸ‡ª,netral
ğŸ‡¦ğŸ‡«,ğŸ‡¦ğŸ‡«,netral
ğŸ‡¦ğŸ‡¬,ğŸ‡¦ğŸ‡¬,netral
ğŸ‡¦ğŸ‡®,ğŸ‡¦ğŸ‡®,netral
ğŸ‡¦ğŸ‡±,ğŸ‡¦ğŸ‡±,netral
ğŸ‡¦ğŸ‡²,ğŸ‡¦ğŸ‡²,netral
ğŸ‡¦ğŸ‡´,ğŸ‡¦ğŸ‡´,netral
ğŸ‡¦ğŸ‡¶,ğŸ‡¦ğŸ‡¶,netral
ğŸ‡¦ğŸ‡·,ğŸ‡¦ğŸ‡·,netral
ğŸ‡¦ğŸ‡¸,ğŸ‡¦ğŸ‡¸,netral
ğŸ‡¦ğŸ‡¹,ğŸ‡¦ğŸ‡¹,netral
ğŸ‡¦ğŸ‡º,ğŸ‡¦ğŸ‡º,netral
ğŸ‡¦ğŸ‡¼,ğŸ‡¦ğŸ‡¼,netral
ğŸ‡¦ğŸ‡½,ğŸ‡¦ğŸ‡½,netral
ğŸ‡¦ğŸ‡¿,ğŸ‡¦ğŸ‡¿,netral
ğŸ‡§ğŸ‡¦,ğŸ‡§ğŸ‡¦,netral
ğŸ‡§ğŸ‡§,ğŸ‡§ğŸ‡§,netral
ğŸ‡§ğŸ‡©,ğŸ‡§ğŸ‡©,netral
ğŸ‡§ğŸ‡ª,ğŸ‡§ğŸ‡ª,netral
ğŸ‡§ğŸ‡«,ğŸ‡§ğŸ‡«,netral
ğŸ‡§ğŸ‡¬,ğŸ‡§ğŸ‡¬,netral
ğŸ‡§ğŸ‡­,ğŸ‡§ğŸ‡­,netral
ğŸ‡§ğŸ‡®,ğŸ‡§ğŸ‡®,netral
ğŸ‡§ğŸ‡¯,ğŸ‡§ğŸ‡¯,netral
ğŸ‡§ğŸ‡±,ğŸ‡§ğŸ‡±,netral
ğŸ‡§ğŸ‡²,ğŸ‡§ğŸ‡²,netral
ğŸ‡§ğŸ‡³,ğŸ‡§ğŸ‡³,netral
ğŸ‡§ğŸ‡´,ğŸ‡§ğŸ‡´,netral
ğŸ‡§ğŸ‡¶,ğŸ‡§ğŸ‡¶,netral
ğŸ‡§ğŸ‡·,ğŸ‡§ğŸ‡·,netral
ğŸ‡§ğŸ‡¸,ğŸ‡§ğŸ‡¸,netral
ğŸ‡§ğŸ‡¹,ğŸ‡§ğŸ‡¹,netral
ğŸ‡§ğŸ‡»,ğŸ‡§ğŸ‡»,netral
ğŸ‡§ğŸ‡¼,ğŸ‡§ğŸ‡¼,netral
ğŸ‡§ğŸ‡¾,ğŸ‡§ğŸ‡¾,netral
ğŸ‡§ğŸ‡¿,ğŸ‡§ğŸ‡¿,netral
ğŸ‡¨ğŸ‡¦,ğŸ‡¨ğŸ‡¦,netral
ğŸ‡¨ğŸ‡¨,ğŸ‡¨ğŸ‡¨,netral
ğŸ‡¨ğŸ‡©,ğŸ‡¨ğŸ‡©,netral
ğŸ‡¨ğŸ‡«,ğŸ‡¨ğŸ‡«,netral
ğŸ‡¨ğŸ‡¬,ğŸ‡¨ğŸ‡¬,netral
ğŸ‡¨ğŸ‡­,ğŸ‡¨ğŸ‡­,netral
ğŸ‡¨ğŸ‡®,ğŸ‡¨ğŸ‡®,netral
ğŸ‡¨ğŸ‡°,ğŸ‡¨ğŸ‡°,netral
ğŸ‡¨ğŸ‡±,ğŸ‡¨ğŸ‡±,netral
ğŸ‡¨ğŸ‡²,ğŸ‡¨ğŸ‡²,netral
ğŸ‡¨ğŸ‡³,ğŸ‡¨ğŸ‡³,netral
ğŸ‡¨ğŸ‡´,ğŸ‡¨ğŸ‡´,netral
ğŸ‡¨ğŸ‡µ,ğŸ‡¨ğŸ‡µ,netral
ğŸ‡¨ğŸ‡·,ğŸ‡¨ğŸ‡·,netral
ğŸ‡¨ğŸ‡º,ğŸ‡¨ğŸ‡º,netral
ğŸ‡¨ğŸ‡»,ğŸ‡¨ğŸ‡»,netral
ğŸ‡¨ğŸ‡¼,ğŸ‡¨ğŸ‡¼,netral
ğŸ‡¨ğŸ‡½,ğŸ‡¨ğŸ‡½,netral
ğŸ‡¨ğŸ‡¾,ğŸ‡¨ğŸ‡¾,netral
ğŸ‡¨ğŸ‡¿,ğŸ‡¨ğŸ‡¿,netral
ğŸ‡©ğŸ‡ª,ğŸ‡©ğŸ‡ª,netral
ğŸ‡©ğŸ‡¬,ğŸ‡©ğŸ‡¬,netral
ğŸ‡©ğŸ‡¯,ğŸ‡©ğŸ‡¯,netral
ğŸ‡©ğŸ‡°,ğŸ‡©ğŸ‡°,netral
ğŸ‡©ğŸ‡²,ğŸ‡©ğŸ‡²,netral
ğŸ‡©ğŸ‡´,ğŸ‡©ğŸ‡´,netral
ğŸ‡©ğŸ‡¿,ğŸ‡©ğŸ‡¿,netral
ğŸ‡ªğŸ‡¦,ğŸ‡ªğŸ‡¦,netral
ğŸ‡ªğŸ‡¨,ğŸ‡ªğŸ‡¨,netral
ğŸ‡ªğŸ‡ª,ğŸ‡ªğŸ‡ª,netral
ğŸ‡ªğŸ‡¬,ğŸ‡ªğŸ‡¬,netral
ğŸ‡ªğŸ‡­,ğŸ‡ªğŸ‡­,netral
ğŸ‡ªğŸ‡·,ğŸ‡ªğŸ‡·,netral
ğŸ‡ªğŸ‡¸,ğŸ‡ªğŸ‡¸,netral
ğŸ‡ªğŸ‡¹,ğŸ‡ªğŸ‡¹,netral
ğŸ‡ªğŸ‡º,ğŸ‡ªğŸ‡º,netral
ğŸ‡«ğŸ‡®,ğŸ‡«ğŸ‡®,netral
ğŸ‡«ğŸ‡¯,ğŸ‡«ğŸ‡¯,netral
ğŸ‡«ğŸ‡°,ğŸ‡«ğŸ‡°,netral
ğŸ‡«ğŸ‡²,ğŸ‡«ğŸ‡²,netral
ğŸ‡«ğŸ‡´,ğŸ‡«ğŸ‡´,netral
ğŸ‡«ğŸ‡·,ğŸ‡«ğŸ‡·,netral
ğŸ‡¬ğŸ‡¦,ğŸ‡¬ğŸ‡¦,netral
ğŸ‡¬ğŸ‡§,ğŸ‡¬ğŸ‡§,netral
ğŸ‡¬ğŸ‡©,ğŸ‡¬ğŸ‡©,netral
ğŸ‡¬ğŸ‡ª,ğŸ‡¬ğŸ‡ª,netral
ğŸ‡¬ğŸ‡«,ğŸ‡¬ğŸ‡«,netral
ğŸ‡¬ğŸ‡¬,ğŸ‡¬ğŸ‡¬,netral
ğŸ‡¬ğŸ‡­,ğŸ‡¬ğŸ‡­,netral
ğŸ‡¬ğŸ‡®,ğŸ‡¬ğŸ‡®,netral
ğŸ‡¬ğŸ‡±,ğŸ‡¬ğŸ‡±,netral
ğŸ‡¬ğŸ‡²,ğŸ‡¬ğŸ‡²,netral
ğŸ‡¬ğŸ‡³,ğŸ‡¬ğŸ‡³,netral
ğŸ‡¬ğŸ‡µ,ğŸ‡¬ğŸ‡µ,netral
ğŸ‡¬ğŸ‡¶,ğŸ‡¬ğŸ‡¶,netral
ğŸ‡¬ğŸ‡·,ğŸ‡¬ğŸ‡·,netral
ğŸ‡¬ğŸ‡¸,ğŸ‡¬ğŸ‡¸,netral
ğŸ‡¬ğŸ‡¹,ğŸ‡¬ğŸ‡¹,netral
ğŸ‡¬ğŸ‡º,ğŸ‡¬ğŸ‡º,netral
ğŸ‡¬ğŸ‡¼,ğŸ‡¬ğŸ‡¼,netral
ğŸ‡¬ğŸ‡¾,ğŸ‡¬ğŸ‡¾,netral
ğŸ‡­ğŸ‡°,ğŸ‡­ğŸ‡°,netral
ğŸ‡­ğŸ‡²,ğŸ‡­ğŸ‡²,netral
ğŸ‡­ğŸ‡³,ğŸ‡­ğŸ‡³,netral
ğŸ‡­ğŸ‡·,ğŸ‡­ğŸ‡·,netral
ğŸ‡­ğŸ‡¹,ğŸ‡­ğŸ‡¹,netral
ğŸ‡­ğŸ‡º,ğŸ‡­ğŸ‡º,netral
ğŸ‡®ğŸ‡¨,ğŸ‡®ğŸ‡¨,netral
ğŸ‡®ğŸ‡©,ğŸ‡®ğŸ‡©,netral
ğŸ‡®ğŸ‡ª,ğŸ‡®ğŸ‡ª,netral
ğŸ‡®ğŸ‡±,ğŸ‡®ğŸ‡±,netral
ğŸ‡®ğŸ‡²,ğŸ‡®ğŸ‡²,netral
ğŸ‡®ğŸ‡³,ğŸ‡®ğŸ‡³,netral
ğŸ‡®ğŸ‡´,ğŸ‡®ğŸ‡´,netral
ğŸ‡®ğŸ‡¶,ğŸ‡®ğŸ‡¶,netral
ğŸ‡®ğŸ‡·,ğŸ‡®ğŸ‡·,netral
ğŸ‡®ğŸ‡¸,ğŸ‡®ğŸ‡¸,netral
ğŸ‡®ğŸ‡¹,ğŸ‡®ğŸ‡¹,netral
ğŸ‡¯ğŸ‡ª,ğŸ‡¯ğŸ‡ª,netral
ğŸ‡¯ğŸ‡²,ğŸ‡¯ğŸ‡²,netral
ğŸ‡¯ğŸ‡´,ğŸ‡¯ğŸ‡´,netral
ğŸ‡¯ğŸ‡µ,ğŸ‡¯ğŸ‡µ,netral
ğŸ‡°ğŸ‡ª,ğŸ‡°ğŸ‡ª,netral
ğŸ‡°ğŸ‡¬,ğŸ‡°ğŸ‡¬,netral
ğŸ‡°ğŸ‡­,ğŸ‡°ğŸ‡­,netral
ğŸ‡°ğŸ‡®,ğŸ‡°ğŸ‡®,netral
ğŸ‡°ğŸ‡²,ğŸ‡°ğŸ‡²,netral
ğŸ‡°ğŸ‡³,ğŸ‡°ğŸ‡³,netral
ğŸ‡°ğŸ‡µ,ğŸ‡°ğŸ‡µ,netral
ğŸ‡°ğŸ‡·,ğŸ‡°ğŸ‡·,netral
ğŸ‡°ğŸ‡¼,ğŸ‡°ğŸ‡¼,netral
ğŸ‡°ğŸ‡¾,ğŸ‡°ğŸ‡¾,netral
ğŸ‡°ğŸ‡¿,ğŸ‡°ğŸ‡¿,netral
ğŸ‡±ğŸ‡¦,ğŸ‡±ğŸ‡¦,netral
ğŸ‡±ğŸ‡§,ğŸ‡±ğŸ‡§,netral
ğŸ‡±ğŸ‡¨,ğŸ‡±ğŸ‡¨,netral
ğŸ‡±ğŸ‡®,ğŸ‡±ğŸ‡®,netral
ğŸ‡±ğŸ‡°,ğŸ‡±ğŸ‡°,netral
ğŸ‡±ğŸ‡·,ğŸ‡±ğŸ‡·,netral
ğŸ‡±ğŸ‡¸,ğŸ‡±ğŸ‡¸,netral
ğŸ‡±ğŸ‡¹,ğŸ‡±ğŸ‡¹,netral
ğŸ‡±ğŸ‡º,ğŸ‡±ğŸ‡º,netral
ğŸ‡±ğŸ‡»,ğŸ‡±ğŸ‡»,netral
ğŸ‡±ğŸ‡¾,ğŸ‡±ğŸ‡¾,netral
ğŸ‡²ğŸ‡¦,ğŸ‡²ğŸ‡¦,netral
ğŸ‡²ğŸ‡¨,ğŸ‡²ğŸ‡¨,netral
ğŸ‡²ğŸ‡©,ğŸ‡²ğŸ‡©,netral
ğŸ‡²ğŸ‡ª,ğŸ‡²ğŸ‡ª,netral
ğŸ‡²ğŸ‡«,ğŸ‡²ğŸ‡«,netral
ğŸ‡²ğŸ‡¬,ğŸ‡²ğŸ‡¬,netral
ğŸ‡²ğŸ‡­,ğŸ‡²ğŸ‡­,netral
ğŸ‡²ğŸ‡°,ğŸ‡²ğŸ‡°,netral
ğŸ‡²ğŸ‡±,ğŸ‡²ğŸ‡±,netral
ğŸ‡²ğŸ‡²,ğŸ‡²ğŸ‡²,netral
ğŸ‡²ğŸ‡³,ğŸ‡²ğŸ‡³,netral
ğŸ‡²ğŸ‡´,ğŸ‡²ğŸ‡´,netral
ğŸ‡²ğŸ‡µ,ğŸ‡²ğŸ‡µ,netral
ğŸ‡²ğŸ‡¶,ğŸ‡²ğŸ‡¶,netral
ğŸ‡²ğŸ‡·,ğŸ‡²ğŸ‡·,netral
ğŸ‡²ğŸ‡¸,ğŸ‡²ğŸ‡¸,netral
ğŸ‡²ğŸ‡¹,ğŸ‡²ğŸ‡¹,netral
ğŸ‡²ğŸ‡º,ğŸ‡²ğŸ‡º,netral
ğŸ‡²ğŸ‡»,ğŸ‡²ğŸ‡»,netral
ğŸ‡²ğŸ‡¼,ğŸ‡²ğŸ‡¼,netral
ğŸ‡²ğŸ‡½,ğŸ‡²ğŸ‡½,netral
ğŸ‡²ğŸ‡¾,ğŸ‡²ğŸ‡¾,netral
ğŸ‡²ğŸ‡¿,ğŸ‡²ğŸ‡¿,netral
ğŸ‡³ğŸ‡¦,ğŸ‡³ğŸ‡¦,netral
ğŸ‡³ğŸ‡¨,ğŸ‡³ğŸ‡¨,netral
ğŸ‡³ğŸ‡ª,ğŸ‡³ğŸ‡ª,netral
ğŸ‡³ğŸ‡«,ğŸ‡³ğŸ‡«,netral
ğŸ‡³ğŸ‡¬,ğŸ‡³ğŸ‡¬,netral
ğŸ‡³ğŸ‡®,ğŸ‡³ğŸ‡®,netral
ğŸ‡³ğŸ‡±,ğŸ‡³ğŸ‡±,netral
ğŸ‡³ğŸ‡´,ğŸ‡³ğŸ‡´,netral
ğŸ‡³ğŸ‡µ,ğŸ‡³ğŸ‡µ,netral
ğŸ‡³ğŸ‡·,ğŸ‡³ğŸ‡·,netral
ğŸ‡³ğŸ‡º,ğŸ‡³ğŸ‡º,netral
ğŸ‡³ğŸ‡¿,ğŸ‡³ğŸ‡¿,netral
ğŸ‡´ğŸ‡²,ğŸ‡´ğŸ‡²,netral
ğŸ‡µğŸ‡¦,ğŸ‡µğŸ‡¦,netral
ğŸ‡µğŸ‡ª,ğŸ‡µğŸ‡ª,netral
ğŸ‡µğŸ‡«,ğŸ‡µğŸ‡«,netral
ğŸ‡µğŸ‡¬,ğŸ‡µğŸ‡¬,netral
ğŸ‡µğŸ‡­,ğŸ‡µğŸ‡­,netral
ğŸ‡µğŸ‡°,ğŸ‡µğŸ‡°,netral
ğŸ‡µğŸ‡±,ğŸ‡µğŸ‡±,netral
ğŸ‡µğŸ‡²,ğŸ‡µğŸ‡²,netral
ğŸ‡µğŸ‡³,ğŸ‡µğŸ‡³,netral
ğŸ‡µğŸ‡·,ğŸ‡µğŸ‡·,netral
ğŸ‡µğŸ‡¸,ğŸ‡µğŸ‡¸,netral
ğŸ‡µğŸ‡¹,ğŸ‡µğŸ‡¹,netral
ğŸ‡µğŸ‡¼,ğŸ‡µğŸ‡¼,netral
ğŸ‡µğŸ‡¾,ğŸ‡µğŸ‡¾,netral
ğŸ‡¶ğŸ‡¦,ğŸ‡¶ğŸ‡¦,netral
ğŸ‡·ğŸ‡ª,ğŸ‡·ğŸ‡ª,netral
ğŸ‡·ğŸ‡´,ğŸ‡·ğŸ‡´,netral
ğŸ‡·ğŸ‡¸,ğŸ‡·ğŸ‡¸,netral
ğŸ‡·ğŸ‡º,ğŸ‡·ğŸ‡º,netral
ğŸ‡·ğŸ‡¼,ğŸ‡·ğŸ‡¼,netral
ğŸ‡¸ğŸ‡¦,ğŸ‡¸ğŸ‡¦,netral
ğŸ‡¸ğŸ‡§,ğŸ‡¸ğŸ‡§,netral
ğŸ‡¸ğŸ‡¨,ğŸ‡¸ğŸ‡¨,netral
ğŸ‡¸ğŸ‡©,ğŸ‡¸ğŸ‡©,netral
ğŸ‡¸ğŸ‡ª,ğŸ‡¸ğŸ‡ª,netral
ğŸ‡¸ğŸ‡¬,ğŸ‡¸ğŸ‡¬,netral
ğŸ‡¸ğŸ‡­,ğŸ‡¸ğŸ‡­,netral
ğŸ‡¸ğŸ‡®,ğŸ‡¸ğŸ‡®,netral
ğŸ‡¸ğŸ‡¯,ğŸ‡¸ğŸ‡¯,netral
ğŸ‡¸ğŸ‡°,ğŸ‡¸ğŸ‡°,netral
ğŸ‡¸ğŸ‡±,ğŸ‡¸ğŸ‡±,netral
ğŸ‡¸ğŸ‡²,ğŸ‡¸ğŸ‡²,netral
ğŸ‡¸ğŸ‡³,ğŸ‡¸ğŸ‡³,netral
ğŸ‡¸ğŸ‡´,ğŸ‡¸ğŸ‡´,netral
ğŸ‡¸ğŸ‡·,ğŸ‡¸ğŸ‡·,netral
ğŸ‡¸ğŸ‡¸,ğŸ‡¸ğŸ‡¸,netral
ğŸ‡¸ğŸ‡¹,ğŸ‡¸ğŸ‡¹,netral
ğŸ‡¸ğŸ‡»,ğŸ‡¸ğŸ‡»,netral
ğŸ‡¸ğŸ‡½,ğŸ‡¸ğŸ‡½,netral
ğŸ‡¸ğŸ‡¾,ğŸ‡¸ğŸ‡¾,netral
ğŸ‡¸ğŸ‡¿,ğŸ‡¸ğŸ‡¿,netral
ğŸ‡¹ğŸ‡¦,ğŸ‡¹ğŸ‡¦,netral
ğŸ‡¹ğŸ‡¨,ğŸ‡¹ğŸ‡¨,netral
ğŸ‡¹ğŸ‡©,ğŸ‡¹ğŸ‡©,netral
ğŸ‡¹ğŸ‡«,ğŸ‡¹ğŸ‡«,netral
ğŸ‡¹ğŸ‡¬,ğŸ‡¹ğŸ‡¬,netral
ğŸ‡¹ğŸ‡­,ğŸ‡¹ğŸ‡­,netral
ğŸ‡¹ğŸ‡¯,ğŸ‡¹ğŸ‡¯,netral
ğŸ‡¹ğŸ‡°,ğŸ‡¹ğŸ‡°,netral
ğŸ‡¹ğŸ‡±,ğŸ‡¹ğŸ‡±,netral
ğŸ‡¹ğŸ‡²,ğŸ‡¹ğŸ‡²,netral
ğŸ‡¹ğŸ‡³,ğŸ‡¹ğŸ‡³,netral
ğŸ‡¹ğŸ‡´,ğŸ‡¹ğŸ‡´,netral
ğŸ‡¹ğŸ‡·,ğŸ‡¹ğŸ‡·,netral
ğŸ‡¹ğŸ‡¹,ğŸ‡¹ğŸ‡¹,netral
ğŸ‡¹ğŸ‡»,ğŸ‡¹ğŸ‡»,netral
ğŸ‡¹ğŸ‡¼,ğŸ‡¹ğŸ‡¼,netral
ğŸ‡¹ğŸ‡¿,ğŸ‡¹ğŸ‡¿,netral
ğŸ‡ºğŸ‡¦,ğŸ‡ºğŸ‡¦,netral
ğŸ‡ºğŸ‡¬,ğŸ‡ºğŸ‡¬,netral
ğŸ‡ºğŸ‡²,ğŸ‡ºğŸ‡²,netral
ğŸ‡ºğŸ‡³,ğŸ‡ºğŸ‡³,netral
ğŸ‡ºğŸ‡¸,ğŸ‡ºğŸ‡¸,netral
ğŸ‡ºğŸ‡¾,ğŸ‡ºğŸ‡¾,netral
ğŸ‡ºğŸ‡¿,ğŸ‡ºğŸ‡¿,netral
ğŸ‡»ğŸ‡¦,ğŸ‡»ğŸ‡¦,netral
ğŸ‡»ğŸ‡¨,ğŸ‡»ğŸ‡¨,netral
ğŸ‡»ğŸ‡ª,ğŸ‡»ğŸ‡ª,netral
ğŸ‡»ğŸ‡¬,ğŸ‡»ğŸ‡¬,netral
ğŸ‡»ğŸ‡®,ğŸ‡»ğŸ‡®,netral
ğŸ‡»ğŸ‡³,ğŸ‡»ğŸ‡³,netral
ğŸ‡»ğŸ‡º,ğŸ‡»ğŸ‡º,netral
ğŸ‡¼ğŸ‡«,ğŸ‡¼ğŸ‡«,netral
ğŸ‡¼ğŸ‡¸,ğŸ‡¼ğŸ‡¸,netral
ğŸ‡½ğŸ‡°,ğŸ‡½ğŸ‡°,netral
ğŸ‡¾ğŸ‡ª,ğŸ‡¾ğŸ‡ª,netral
ğŸ‡¾ğŸ‡¹,ğŸ‡¾ğŸ‡¹,netral
ğŸ‡¿ğŸ‡¦,ğŸ‡¿ğŸ‡¦,netral
ğŸ‡¿ğŸ‡²,ğŸ‡¿ğŸ‡²,netral
ğŸ‡¿ğŸ‡¼,ğŸ‡¿ğŸ‡¼,netral
ğŸ´ó §ó ¢ó ¥ó ®ó §ó ¿,ğŸ´ó §ó ¢ó ¥ó ®ó §ó ¿,netral
ğŸ´ó §ó ¢ó ³ó £ó ´ó ¿,ğŸ´ó §ó ¢ó ³ó £ó ´ó ¿,netral
ğŸ´ó §ó ¢ó ·ó ¬ó ³ó ¿,ğŸ´ó §ó ¢ó ·ó ¬ó ³ó ¿,netral
ğŸ‘‹ğŸ»,ğŸ‘‹ğŸ»,netral
ğŸ‘‹ğŸ¼,ğŸ‘‹ğŸ¼,netral
ğŸ‘‹ğŸ½,ğŸ‘‹ğŸ½,netral
ğŸ‘‹ğŸ¾,ğŸ‘‹ğŸ¾,netral
ğŸ‘‹ğŸ¿,ğŸ‘‹ğŸ¿,netral
ğŸ¤šğŸ»,ğŸ¤šğŸ»,netral
ğŸ¤šğŸ¼,ğŸ¤šğŸ¼,netral
ğŸ¤šğŸ½,ğŸ¤šğŸ½,netral
ğŸ¤šğŸ¾,ğŸ¤šğŸ¾,netral
ğŸ¤šğŸ¿,ğŸ¤šğŸ¿,netral
ğŸ–ğŸ»,ğŸ–ğŸ»,netral
ğŸ–ğŸ¼,ğŸ–ğŸ¼,netral
ğŸ–ğŸ½,ğŸ–ğŸ½,netral
ğŸ–ğŸ¾,ğŸ–ğŸ¾,netral
ğŸ–ğŸ¿,ğŸ–ğŸ¿,netral
âœ‹ğŸ»,âœ‹ğŸ»,netral
âœ‹ğŸ¼,âœ‹ğŸ¼,netral
âœ‹ğŸ½,âœ‹ğŸ½,netral
âœ‹ğŸ¾,âœ‹ğŸ¾,netral
âœ‹ğŸ¿,âœ‹ğŸ¿,netral
ğŸ––ğŸ»,ğŸ––ğŸ»,netral
ğŸ––ğŸ¼,ğŸ––ğŸ¼,netral
ğŸ––ğŸ½,ğŸ––ğŸ½,netral
ğŸ––ğŸ¾,ğŸ––ğŸ¾,netral
ğŸ––ğŸ¿,ğŸ––ğŸ¿,netral
ğŸ‘ŒğŸ»,ğŸ‘ŒğŸ»,netral
ğŸ‘ŒğŸ¼,ğŸ‘ŒğŸ¼,netral
ğŸ‘ŒğŸ½,ğŸ‘ŒğŸ½,netral
ğŸ‘ŒğŸ¾,ğŸ‘ŒğŸ¾,netral
ğŸ‘ŒğŸ¿,ğŸ‘ŒğŸ¿,netral
ğŸ¤ŒğŸ»,ğŸ¤ŒğŸ»,netral
ğŸ¤ŒğŸ¼,ğŸ¤ŒğŸ¼,netral
ğŸ¤ŒğŸ½,ğŸ¤ŒğŸ½,netral
ğŸ¤ŒğŸ¾,ğŸ¤ŒğŸ¾,netral
ğŸ¤ŒğŸ¿,ğŸ¤ŒğŸ¿,netral
ğŸ¤ğŸ»,ğŸ¤ğŸ»,netral
ğŸ¤ğŸ¼,ğŸ¤ğŸ¼,netral
ğŸ¤ğŸ½,ğŸ¤ğŸ½,netral
ğŸ¤ğŸ¾,ğŸ¤ğŸ¾,netral
ğŸ¤ğŸ¿,ğŸ¤ğŸ¿,netral
âœŒğŸ»,âœŒğŸ»,netral
âœŒğŸ¼,âœŒğŸ¼,netral
âœŒğŸ½,âœŒğŸ½,netral
âœŒğŸ¾,âœŒğŸ¾,netral
âœŒğŸ¿,âœŒğŸ¿,netral
ğŸ¤ğŸ»,ğŸ¤ğŸ»,netral
ğŸ¤ğŸ¼,ğŸ¤ğŸ¼,netral
ğŸ¤ğŸ½,ğŸ¤ğŸ½,netral
ğŸ¤ğŸ¾,ğŸ¤ğŸ¾,netral
ğŸ¤ğŸ¿,ğŸ¤ğŸ¿,netral
ğŸ¤ŸğŸ»,ğŸ¤ŸğŸ»,cinta
ğŸ¤ŸğŸ¼,ğŸ¤ŸğŸ¼,cinta
ğŸ¤ŸğŸ½,ğŸ¤ŸğŸ½,cinta
ğŸ¤ŸğŸ¾,ğŸ¤ŸğŸ¾,cinta
ğŸ¤ŸğŸ¿,ğŸ¤ŸğŸ¿,cinta
ğŸ¤˜ğŸ»,ğŸ¤˜ğŸ»,netral
ğŸ¤˜ğŸ¼,ğŸ¤˜ğŸ¼,netral
ğŸ¤˜ğŸ½,ğŸ¤˜ğŸ½,netral
ğŸ¤˜ğŸ¾,ğŸ¤˜ğŸ¾,netral
ğŸ¤˜ğŸ¿,ğŸ¤˜ğŸ¿,netral
ğŸ¤™ğŸ»,ğŸ¤™ğŸ»,netral
ğŸ¤™ğŸ¼,ğŸ¤™ğŸ¼,netral
ğŸ¤™ğŸ½,ğŸ¤™ğŸ½,netral
ğŸ¤™ğŸ¾,ğŸ¤™ğŸ¾,netral
ğŸ¤™ğŸ¿,ğŸ¤™ğŸ¿,netral
ğŸ‘ˆğŸ»,ğŸ‘ˆğŸ»,netral
ğŸ‘ˆğŸ¼,ğŸ‘ˆğŸ¼,netral
ğŸ‘ˆğŸ½,ğŸ‘ˆğŸ½,netral
ğŸ‘ˆğŸ¾,ğŸ‘ˆğŸ¾,netral
ğŸ‘ˆğŸ¿,ğŸ‘ˆğŸ¿,netral
ğŸ‘‰ğŸ»,ğŸ‘‰ğŸ»,netral
ğŸ‘‰ğŸ¼,ğŸ‘‰ğŸ¼,netral
ğŸ‘‰ğŸ½,ğŸ‘‰ğŸ½,netral
ğŸ‘‰ğŸ¾,ğŸ‘‰ğŸ¾,netral
ğŸ‘‰ğŸ¿,ğŸ‘‰ğŸ¿,netral
ğŸ‘†ğŸ»,ğŸ‘†ğŸ»,netral
ğŸ‘†ğŸ¼,ğŸ‘†ğŸ¼,netral
ğŸ‘†ğŸ½,ğŸ‘†ğŸ½,netral
ğŸ‘†ğŸ¾,ğŸ‘†ğŸ¾,netral
ğŸ‘†ğŸ¿,ğŸ‘†ğŸ¿,netral
ğŸ–•ğŸ»,ğŸ–•ğŸ»,netral
ğŸ–•ğŸ¼,ğŸ–•ğŸ¼,netral
ğŸ–•ğŸ½,ğŸ–•ğŸ½,netral
ğŸ–•ğŸ¾,ğŸ–•ğŸ¾,netral
ğŸ–•ğŸ¿,ğŸ–•ğŸ¿,netral
ğŸ‘‡ğŸ»,ğŸ‘‡ğŸ»,netral
ğŸ‘‡ğŸ¼,ğŸ‘‡ğŸ¼,netral
ğŸ‘‡ğŸ½,ğŸ‘‡ğŸ½,netral
ğŸ‘‡ğŸ¾,ğŸ‘‡ğŸ¾,netral
ğŸ‘‡ğŸ¿,ğŸ‘‡ğŸ¿,netral
â˜ğŸ»,â˜ğŸ»,netral
â˜ğŸ¼,â˜ğŸ¼,netral
â˜ğŸ½,â˜ğŸ½,netral
â˜ğŸ¾,â˜ğŸ¾,netral
â˜ğŸ¿,â˜ğŸ¿,netral
ğŸ‘ğŸ»,ğŸ‘ğŸ»,setuju
ğŸ‘ğŸ¼,ğŸ‘ğŸ¼,setuju
ğŸ‘ğŸ½,ğŸ‘ğŸ½,netral
ğŸ‘ğŸ¾,ğŸ‘ğŸ¾,netral
ğŸ‘ğŸ¿,ğŸ‘ğŸ¿,netral
ğŸ‘ğŸ»,ğŸ‘ğŸ»,netral
ğŸ‘ğŸ¼,ğŸ‘ğŸ¼,netral
ğŸ‘ğŸ½,ğŸ‘ğŸ½,netral
ğŸ‘ğŸ¾,ğŸ‘ğŸ¾,netral
ğŸ‘ğŸ¿,ğŸ‘ğŸ¿,netral
âœŠğŸ»,âœŠğŸ»,netral
âœŠğŸ¼,âœŠğŸ¼,netral
âœŠğŸ½,âœŠğŸ½,netral
âœŠğŸ¾,âœŠğŸ¾,netral
âœŠğŸ¿,âœŠğŸ¿,netral
ğŸ‘ŠğŸ»,ğŸ‘ŠğŸ»,netral
ğŸ‘ŠğŸ¼,ğŸ‘ŠğŸ¼,netral
ğŸ‘ŠğŸ½,ğŸ‘ŠğŸ½,netral
ğŸ‘ŠğŸ¾,ğŸ‘ŠğŸ¾,netral
ğŸ‘ŠğŸ¿,ğŸ‘ŠğŸ¿,netral
ğŸ¤›ğŸ»,ğŸ¤›ğŸ»,netral
ğŸ¤›ğŸ¼,ğŸ¤›ğŸ¼,netral
ğŸ¤›ğŸ½,ğŸ¤›ğŸ½,netral
ğŸ¤›ğŸ¾,ğŸ¤›ğŸ¾,netral
ğŸ¤›ğŸ¿,ğŸ¤›ğŸ¿,netral
ğŸ¤œğŸ»,ğŸ¤œğŸ»,netral
ğŸ¤œğŸ¼,ğŸ¤œğŸ¼,netral
ğŸ¤œğŸ½,ğŸ¤œğŸ½,netral
ğŸ¤œğŸ¾,ğŸ¤œğŸ¾,netral
ğŸ¤œğŸ¿,ğŸ¤œğŸ¿,netral
ğŸ‘ğŸ»,ğŸ‘ğŸ»,bantuan
ğŸ‘ğŸ¼,ğŸ‘ğŸ¼,bantuan
ğŸ‘ğŸ½,ğŸ‘ğŸ½,netral
ğŸ‘ğŸ¾,ğŸ‘ğŸ¾,netral
ğŸ‘ğŸ¿,ğŸ‘ğŸ¿,netral
ğŸ™ŒğŸ»,ğŸ™ŒğŸ»,bantuan
ğŸ™ŒğŸ¼,ğŸ™ŒğŸ¼,bahagia
ğŸ™ŒğŸ½,ğŸ™ŒğŸ½,bahagia
ğŸ™ŒğŸ¾,ğŸ™ŒğŸ¾,bahagia
ğŸ™ŒğŸ¿,ğŸ™ŒğŸ¿,bahagia
ğŸ‘ğŸ»,ğŸ‘ğŸ»,netral
ğŸ‘ğŸ¼,ğŸ‘ğŸ¼,netral
ğŸ‘ğŸ½,ğŸ‘ğŸ½,netral
ğŸ‘ğŸ¾,ğŸ‘ğŸ¾,netral
ğŸ‘ğŸ¿,ğŸ‘ğŸ¿,netral
ğŸ¤²ğŸ»,ğŸ¤²ğŸ»,doa
ğŸ¤²ğŸ¼,ğŸ¤²ğŸ¼,doa
ğŸ¤²ğŸ½,ğŸ¤²ğŸ½,netral
ğŸ¤²ğŸ¾,ğŸ¤²ğŸ¾,netral
ğŸ¤²ğŸ¿,ğŸ¤²ğŸ¿,netral
ğŸ™ğŸ»,ğŸ™ğŸ»,doa
ğŸ™ğŸ¼,ğŸ™ğŸ¼,doa
ğŸ™ğŸ½,ğŸ™ğŸ½,harap
ğŸ™ğŸ¾,ğŸ™ğŸ¾,harap
ğŸ™ğŸ¿,ğŸ™ğŸ¿,harap
âœğŸ»,âœğŸ»,netral
âœğŸ¼,âœğŸ¼,netral
âœğŸ½,âœğŸ½,netral
âœğŸ¾,âœğŸ¾,netral
âœğŸ¿,âœğŸ¿,netral
ğŸ’…ğŸ»,ğŸ’…ğŸ»,netral
ğŸ’…ğŸ¼,ğŸ’…ğŸ¼,netral
ğŸ’…ğŸ½,ğŸ’…ğŸ½,netral
ğŸ’…ğŸ¾,ğŸ’…ğŸ¾,netral
ğŸ’…ğŸ¿,ğŸ’…ğŸ¿,netral
ğŸ¤³ğŸ»,ğŸ¤³ğŸ»,netral
ğŸ¤³ğŸ¼,ğŸ¤³ğŸ¼,netral
ğŸ¤³ğŸ½,ğŸ¤³ğŸ½,netral
ğŸ¤³ğŸ¾,ğŸ¤³ğŸ¾,netral
ğŸ¤³ğŸ¿,ğŸ¤³ğŸ¿,netral
ğŸ’ªğŸ»,ğŸ’ªğŸ»,kuat
ğŸ’ªğŸ¼,ğŸ’ªğŸ¼,netral
ğŸ’ªğŸ½,ğŸ’ªğŸ½,netral
ğŸ’ªğŸ¾,ğŸ’ªğŸ¾,netral
ğŸ’ªğŸ¿,ğŸ’ªğŸ¿,netral
ğŸ¦µğŸ»,ğŸ¦µğŸ»,netral
ğŸ¦µğŸ¼,ğŸ¦µğŸ¼,netral
ğŸ¦µğŸ½,ğŸ¦µğŸ½,netral
ğŸ¦µğŸ¾,ğŸ¦µğŸ¾,netral
ğŸ¦µğŸ¿,ğŸ¦µğŸ¿,netral
ğŸ¦¶ğŸ»,ğŸ¦¶ğŸ»,netral
ğŸ¦¶ğŸ¼,ğŸ¦¶ğŸ¼,netral
ğŸ¦¶ğŸ½,ğŸ¦¶ğŸ½,netral
ğŸ¦¶ğŸ¾,ğŸ¦¶ğŸ¾,netral
ğŸ¦¶ğŸ¿,ğŸ¦¶ğŸ¿,netral
ğŸ‘‚ğŸ»,ğŸ‘‚ğŸ»,netral
ğŸ‘‚ğŸ¼,ğŸ‘‚ğŸ¼,netral
ğŸ‘‚ğŸ½,ğŸ‘‚ğŸ½,netral
ğŸ‘‚ğŸ¾,ğŸ‘‚ğŸ¾,netral
ğŸ‘‚ğŸ¿,ğŸ‘‚ğŸ¿,netral
ğŸ¦»ğŸ»,ğŸ¦»ğŸ»,netral
ğŸ¦»ğŸ¼,ğŸ¦»ğŸ¼,netral
ğŸ¦»ğŸ½,ğŸ¦»ğŸ½,netral
ğŸ¦»ğŸ¾,ğŸ¦»ğŸ¾,netral
ğŸ¦»ğŸ¿,ğŸ¦»ğŸ¿,netral
ğŸ‘ƒğŸ»,ğŸ‘ƒğŸ»,netral
ğŸ‘ƒğŸ¼,ğŸ‘ƒğŸ¼,netral
ğŸ‘ƒğŸ½,ğŸ‘ƒğŸ½,netral
ğŸ‘ƒğŸ¾,ğŸ‘ƒğŸ¾,netral
ğŸ‘ƒğŸ¿,ğŸ‘ƒğŸ¿,netral
ğŸ‘¶ğŸ»,ğŸ‘¶ğŸ»,netral
ğŸ‘¶ğŸ¼,ğŸ‘¶ğŸ¼,netral
ğŸ‘¶ğŸ½,ğŸ‘¶ğŸ½,netral
ğŸ‘¶ğŸ¾,ğŸ‘¶ğŸ¾,netral
ğŸ‘¶ğŸ¿,ğŸ‘¶ğŸ¿,netral
ğŸ§’ğŸ»,ğŸ§’ğŸ»,netral
ğŸ§’ğŸ¼,ğŸ§’ğŸ¼,netral
ğŸ§’ğŸ½,ğŸ§’ğŸ½,netral
ğŸ§’ğŸ¾,ğŸ§’ğŸ¾,netral
ğŸ§’ğŸ¿,ğŸ§’ğŸ¿,netral
ğŸ‘¦ğŸ»,ğŸ‘¦ğŸ»,netral
ğŸ‘¦ğŸ¼,ğŸ‘¦ğŸ¼,netral
ğŸ‘¦ğŸ½,ğŸ‘¦ğŸ½,netral
ğŸ‘¦ğŸ¾,ğŸ‘¦ğŸ¾,netral
ğŸ‘¦ğŸ¿,ğŸ‘¦ğŸ¿,netral
ğŸ‘§ğŸ»,ğŸ‘§ğŸ»,netral
ğŸ‘§ğŸ¼,ğŸ‘§ğŸ¼,netral
ğŸ‘§ğŸ½,ğŸ‘§ğŸ½,netral
ğŸ‘§ğŸ¾,ğŸ‘§ğŸ¾,netral
ğŸ‘§ğŸ¿,ğŸ‘§ğŸ¿,netral
ğŸ§‘ğŸ»,ğŸ§‘ğŸ»,netral
ğŸ§‘ğŸ¼,ğŸ§‘ğŸ¼,netral
ğŸ§‘ğŸ½,ğŸ§‘ğŸ½,netral
ğŸ§‘ğŸ¾,ğŸ§‘ğŸ¾,netral
ğŸ§‘ğŸ¿,ğŸ§‘ğŸ¿,netral
ğŸ‘±ğŸ»,ğŸ‘±ğŸ»,netral
ğŸ‘±ğŸ¼,ğŸ‘±ğŸ¼,netral
ğŸ‘±ğŸ½,ğŸ‘±ğŸ½,netral
ğŸ‘±ğŸ¾,ğŸ‘±ğŸ¾,netral
ğŸ‘±ğŸ¿,ğŸ‘±ğŸ¿,netral
ğŸ‘¨ğŸ»,ğŸ‘¨ğŸ»,netral
ğŸ‘¨ğŸ¼,ğŸ‘¨ğŸ¼,netral
ğŸ‘¨ğŸ½,ğŸ‘¨ğŸ½,netral
ğŸ‘¨ğŸ¾,ğŸ‘¨ğŸ¾,netral
ğŸ‘¨ğŸ¿,ğŸ‘¨ğŸ¿,netral
ğŸ§”ğŸ»,ğŸ§”ğŸ»,netral
ğŸ§”ğŸ¼,ğŸ§”ğŸ¼,netral
ğŸ§”ğŸ½,ğŸ§”ğŸ½,netral
ğŸ§”ğŸ¾,ğŸ§”ğŸ¾,netral
ğŸ§”ğŸ¿,ğŸ§”ğŸ¿,netral
ğŸ§”ğŸ»â€â™‚ï¸,ğŸ§”ğŸ»â€â™‚ï¸,netral
ğŸ§”ğŸ¼â€â™‚ï¸,ğŸ§”ğŸ¼â€â™‚ï¸,netral
ğŸ§”ğŸ½â€â™‚ï¸,ğŸ§”ğŸ½â€â™‚ï¸,netral
ğŸ§”ğŸ¾â€â™‚ï¸,ğŸ§”ğŸ¾â€â™‚ï¸,netral
ğŸ§”ğŸ¿â€â™‚ï¸,ğŸ§”ğŸ¿â€â™‚ï¸,netral
ğŸ§”ğŸ»â€â™€ï¸,ğŸ§”ğŸ»â€â™€ï¸,netral
ğŸ§”ğŸ¼â€â™€ï¸,ğŸ§”ğŸ¼â€â™€ï¸,netral
ğŸ§”ğŸ½â€â™€ï¸,ğŸ§”ğŸ½â€â™€ï¸,netral
ğŸ§”ğŸ¾â€â™€ï¸,ğŸ§”ğŸ¾â€â™€ï¸,netral
ğŸ§”ğŸ¿â€â™€ï¸,ğŸ§”ğŸ¿â€â™€ï¸,netral
ğŸ‘¨ğŸ»â€ğŸ¦°,ğŸ‘¨ğŸ»â€ğŸ¦°,netral
ğŸ‘¨ğŸ¼â€ğŸ¦°,ğŸ‘¨ğŸ¼â€ğŸ¦°,netral
ğŸ‘¨ğŸ½â€ğŸ¦°,ğŸ‘¨ğŸ½â€ğŸ¦°,netral
ğŸ‘¨ğŸ¾â€ğŸ¦°,ğŸ‘¨ğŸ¾â€ğŸ¦°,netral
ğŸ‘¨ğŸ¿â€ğŸ¦°,ğŸ‘¨ğŸ¿â€ğŸ¦°,netral
ğŸ‘¨ğŸ»â€ğŸ¦±,ğŸ‘¨ğŸ»â€ğŸ¦±,netral
ğŸ‘¨ğŸ¼â€ğŸ¦±,ğŸ‘¨ğŸ¼â€ğŸ¦±,netral
ğŸ‘¨ğŸ½â€ğŸ¦±,ğŸ‘¨ğŸ½â€ğŸ¦±,netral
ğŸ‘¨ğŸ¾â€ğŸ¦±,ğŸ‘¨ğŸ¾â€ğŸ¦±,netral
ğŸ‘¨ğŸ¿â€ğŸ¦±,ğŸ‘¨ğŸ¿â€ğŸ¦±,netral
ğŸ‘¨ğŸ»â€ğŸ¦³,ğŸ‘¨ğŸ»â€ğŸ¦³,netral
ğŸ‘¨ğŸ¼â€ğŸ¦³,ğŸ‘¨ğŸ¼â€ğŸ¦³,netral
ğŸ‘¨ğŸ½â€ğŸ¦³,ğŸ‘¨ğŸ½â€ğŸ¦³,netral
ğŸ‘¨ğŸ¾â€ğŸ¦³,ğŸ‘¨ğŸ¾â€ğŸ¦³,netral
ğŸ‘¨ğŸ¿â€ğŸ¦³,ğŸ‘¨ğŸ¿â€ğŸ¦³,netral
ğŸ‘¨ğŸ»â€ğŸ¦²,ğŸ‘¨ğŸ»â€ğŸ¦²,netral
ğŸ‘¨ğŸ¼â€ğŸ¦²,ğŸ‘¨ğŸ¼â€ğŸ¦²,netral
ğŸ‘¨ğŸ½â€ğŸ¦²,ğŸ‘¨ğŸ½â€ğŸ¦²,netral
ğŸ‘¨ğŸ¾â€ğŸ¦²,ğŸ‘¨ğŸ¾â€ğŸ¦²,netral
ğŸ‘¨ğŸ¿â€ğŸ¦²,ğŸ‘¨ğŸ¿â€ğŸ¦²,netral
ğŸ‘©ğŸ»,ğŸ‘©ğŸ»,netral
ğŸ‘©ğŸ¼,ğŸ‘©ğŸ¼,netral
ğŸ‘©ğŸ½,ğŸ‘©ğŸ½,netral
ğŸ‘©ğŸ¾,ğŸ‘©ğŸ¾,netral
ğŸ‘©ğŸ¿,ğŸ‘©ğŸ¿,netral
ğŸ‘©ğŸ»â€ğŸ¦°,ğŸ‘©ğŸ»â€ğŸ¦°,netral
ğŸ‘©ğŸ¼â€ğŸ¦°,ğŸ‘©ğŸ¼â€ğŸ¦°,netral
ğŸ‘©ğŸ½â€ğŸ¦°,ğŸ‘©ğŸ½â€ğŸ¦°,netral
ğŸ‘©ğŸ¾â€ğŸ¦°,ğŸ‘©ğŸ¾â€ğŸ¦°,netral
ğŸ‘©ğŸ¿â€ğŸ¦°,ğŸ‘©ğŸ¿â€ğŸ¦°,netral
ğŸ§‘ğŸ»â€ğŸ¦°,ğŸ§‘ğŸ»â€ğŸ¦°,netral
ğŸ§‘ğŸ¼â€ğŸ¦°,ğŸ§‘ğŸ¼â€ğŸ¦°,netral
ğŸ§‘ğŸ½â€ğŸ¦°,ğŸ§‘ğŸ½â€ğŸ¦°,netral
ğŸ§‘ğŸ¾â€ğŸ¦°,ğŸ§‘ğŸ¾â€ğŸ¦°,netral
ğŸ§‘ğŸ¿â€ğŸ¦°,ğŸ§‘ğŸ¿â€ğŸ¦°,netral
ğŸ‘©ğŸ»â€ğŸ¦±,ğŸ‘©ğŸ»â€ğŸ¦±,netral
ğŸ‘©ğŸ¼â€ğŸ¦±,ğŸ‘©ğŸ¼â€ğŸ¦±,netral
ğŸ‘©ğŸ½â€ğŸ¦±,ğŸ‘©ğŸ½â€ğŸ¦±,netral
ğŸ‘©ğŸ¾â€ğŸ¦±,ğŸ‘©ğŸ¾â€ğŸ¦±,netral
ğŸ‘©ğŸ¿â€ğŸ¦±,ğŸ‘©ğŸ¿â€ğŸ¦±,netral
ğŸ§‘ğŸ»â€ğŸ¦±,ğŸ§‘ğŸ»â€ğŸ¦±,netral
ğŸ§‘ğŸ¼â€ğŸ¦±,ğŸ§‘ğŸ¼â€ğŸ¦±,netral
ğŸ§‘ğŸ½â€ğŸ¦±,ğŸ§‘ğŸ½â€ğŸ¦±,netral
ğŸ§‘ğŸ¾â€ğŸ¦±,ğŸ§‘ğŸ¾â€ğŸ¦±,netral
ğŸ§‘ğŸ¿â€ğŸ¦±,ğŸ§‘ğŸ¿â€ğŸ¦±,netral
ğŸ‘©ğŸ»â€ğŸ¦³,ğŸ‘©ğŸ»â€ğŸ¦³,netral
ğŸ‘©ğŸ¼â€ğŸ¦³,ğŸ‘©ğŸ¼â€ğŸ¦³,netral
ğŸ‘©ğŸ½â€ğŸ¦³,ğŸ‘©ğŸ½â€ğŸ¦³,netral
ğŸ‘©ğŸ¾â€ğŸ¦³,ğŸ‘©ğŸ¾â€ğŸ¦³,netral
ğŸ‘©ğŸ¿â€ğŸ¦³,ğŸ‘©ğŸ¿â€ğŸ¦³,netral
ğŸ§‘ğŸ»â€ğŸ¦³,ğŸ§‘ğŸ»â€ğŸ¦³,netral
ğŸ§‘ğŸ¼â€ğŸ¦³,ğŸ§‘ğŸ¼â€ğŸ¦³,netral
ğŸ§‘ğŸ½â€ğŸ¦³,ğŸ§‘ğŸ½â€ğŸ¦³,netral
ğŸ§‘ğŸ¾â€ğŸ¦³,ğŸ§‘ğŸ¾â€ğŸ¦³,netral
ğŸ§‘ğŸ¿â€ğŸ¦³,ğŸ§‘ğŸ¿â€ğŸ¦³,netral
ğŸ‘©ğŸ»â€ğŸ¦²,ğŸ‘©ğŸ»â€ğŸ¦²,netral
ğŸ‘©ğŸ¼â€ğŸ¦²,ğŸ‘©ğŸ¼â€ğŸ¦²,netral
ğŸ‘©ğŸ½â€ğŸ¦²,ğŸ‘©ğŸ½â€ğŸ¦²,netral
ğŸ‘©ğŸ¾â€ğŸ¦²,ğŸ‘©ğŸ¾â€ğŸ¦²,netral
ğŸ‘©ğŸ¿â€ğŸ¦²,ğŸ‘©ğŸ¿â€ğŸ¦²,netral
ğŸ§‘ğŸ»â€ğŸ¦²,ğŸ§‘ğŸ»â€ğŸ¦²,netral
ğŸ§‘ğŸ¼â€ğŸ¦²,ğŸ§‘ğŸ¼â€ğŸ¦²,netral
ğŸ§‘ğŸ½â€ğŸ¦²,ğŸ§‘ğŸ½â€ğŸ¦²,netral
ğŸ§‘ğŸ¾â€ğŸ¦²,ğŸ§‘ğŸ¾â€ğŸ¦²,netral
ğŸ§‘ğŸ¿â€ğŸ¦²,ğŸ§‘ğŸ¿â€ğŸ¦²,netral
ğŸ‘±ğŸ»â€â™€ï¸,ğŸ‘±ğŸ»â€â™€ï¸,netral
ğŸ‘±ğŸ¼â€â™€ï¸,ğŸ‘±ğŸ¼â€â™€ï¸,netral
ğŸ‘±ğŸ½â€â™€ï¸,ğŸ‘±ğŸ½â€â™€ï¸,netral
ğŸ‘±ğŸ¾â€â™€ï¸,ğŸ‘±ğŸ¾â€â™€ï¸,netral
ğŸ‘±ğŸ¿â€â™€ï¸,ğŸ‘±ğŸ¿â€â™€ï¸,netral
ğŸ‘±ğŸ»â€â™‚ï¸,ğŸ‘±ğŸ»â€â™‚ï¸,netral
ğŸ‘±ğŸ¼â€â™‚ï¸,ğŸ‘±ğŸ¼â€â™‚ï¸,netral
ğŸ‘±ğŸ½â€â™‚ï¸,ğŸ‘±ğŸ½â€â™‚ï¸,netral
ğŸ‘±ğŸ¾â€â™‚ï¸,ğŸ‘±ğŸ¾â€â™‚ï¸,netral
ğŸ‘±ğŸ¿â€â™‚ï¸,ğŸ‘±ğŸ¿â€â™‚ï¸,netral
ğŸ§“ğŸ»,ğŸ§“ğŸ»,netral
ğŸ§“ğŸ¼,ğŸ§“ğŸ¼,netral
ğŸ§“ğŸ½,ğŸ§“ğŸ½,netral
ğŸ§“ğŸ¾,ğŸ§“ğŸ¾,netral
ğŸ§“ğŸ¿,ğŸ§“ğŸ¿,netral
ğŸ‘´ğŸ»,ğŸ‘´ğŸ»,netral
ğŸ‘´ğŸ¼,ğŸ‘´ğŸ¼,netral
ğŸ‘´ğŸ½,ğŸ‘´ğŸ½,netral
ğŸ‘´ğŸ¾,ğŸ‘´ğŸ¾,netral
ğŸ‘´ğŸ¿,ğŸ‘´ğŸ¿,netral
ğŸ‘µğŸ»,ğŸ‘µğŸ»,netral
ğŸ‘µğŸ¼,ğŸ‘µğŸ¼,netral
ğŸ‘µğŸ½,ğŸ‘µğŸ½,netral
ğŸ‘µğŸ¾,ğŸ‘µğŸ¾,netral
ğŸ‘µğŸ¿,ğŸ‘µğŸ¿,netral
ğŸ™ğŸ»,ğŸ™ğŸ»,marah
ğŸ™ğŸ¼,ğŸ™ğŸ¼,marah
ğŸ™ğŸ½,ğŸ™ğŸ½,marah
ğŸ™ğŸ¾,ğŸ™ğŸ¾,marah
ğŸ™ğŸ¿,ğŸ™ğŸ¿,marah
ğŸ™ğŸ»â€â™‚ï¸,ğŸ™ğŸ»â€â™‚ï¸,bahagia
ğŸ™ğŸ¼â€â™‚ï¸,ğŸ™ğŸ¼â€â™‚ï¸,bahagia
ğŸ™ğŸ½â€â™‚ï¸,ğŸ™ğŸ½â€â™‚ï¸,bahagia
ğŸ™ğŸ¾â€â™‚ï¸,ğŸ™ğŸ¾â€â™‚ï¸,bahagia
ğŸ™ğŸ¿â€â™‚ï¸,ğŸ™ğŸ¿â€â™‚ï¸,bahagia
ğŸ™ğŸ»â€â™€ï¸,ğŸ™ğŸ»â€â™€ï¸,bahagia
ğŸ™ğŸ¼â€â™€ï¸,ğŸ™ğŸ¼â€â™€ï¸,bahagia
ğŸ™ğŸ½â€â™€ï¸,ğŸ™ğŸ½â€â™€ï¸,bahagia
ğŸ™ğŸ¾â€â™€ï¸,ğŸ™ğŸ¾â€â™€ï¸,bahagia
ğŸ™ğŸ¿â€â™€ï¸,ğŸ™ğŸ¿â€â™€ï¸,bahagia
ğŸ™ğŸ»,ğŸ™ğŸ»,bahagia
ğŸ™ğŸ¼,ğŸ™ğŸ¼,bahagia
ğŸ™ğŸ½,ğŸ™ğŸ½,bahagia
ğŸ™ğŸ¾,ğŸ™ğŸ¾,bahagia
ğŸ™ğŸ¿,ğŸ™ğŸ¿,bahagia
ğŸ™ğŸ»â€â™‚ï¸,ğŸ™ğŸ»â€â™‚ï¸,bahagia
ğŸ™ğŸ¼â€â™‚ï¸,ğŸ™ğŸ¼â€â™‚ï¸,bahagia
ğŸ™ğŸ½â€â™‚ï¸,ğŸ™ğŸ½â€â™‚ï¸,bahagia
ğŸ™ğŸ¾â€â™‚ï¸,ğŸ™ğŸ¾â€â™‚ï¸,bahagia
ğŸ™ğŸ¿â€â™‚ï¸,ğŸ™ğŸ¿â€â™‚ï¸,bahagia
ğŸ™ğŸ»â€â™€ï¸,ğŸ™ğŸ»â€â™€ï¸,bahagia
ğŸ™ğŸ¼â€â™€ï¸,ğŸ™ğŸ¼â€â™€ï¸,bahagia
ğŸ™ğŸ½â€â™€ï¸,ğŸ™ğŸ½â€â™€ï¸,bahagia
ğŸ™ğŸ¾â€â™€ï¸,ğŸ™ğŸ¾â€â™€ï¸,bahagia
ğŸ™ğŸ¿â€â™€ï¸,ğŸ™ğŸ¿â€â™€ï¸,bahagia
ğŸ™…ğŸ»,ğŸ™…ğŸ»,netral
ğŸ™…ğŸ¼,ğŸ™…ğŸ¼,netral
ğŸ™…ğŸ½,ğŸ™…ğŸ½,netral
ğŸ™…ğŸ¾,ğŸ™…ğŸ¾,netral
ğŸ™…ğŸ¿,ğŸ™…ğŸ¿,netral
ğŸ™…ğŸ»â€â™‚ï¸,ğŸ™…ğŸ»â€â™‚ï¸,netral
ğŸ™…ğŸ¼â€â™‚ï¸,ğŸ™…ğŸ¼â€â™‚ï¸,netral
ğŸ™…ğŸ½â€â™‚ï¸,ğŸ™…ğŸ½â€â™‚ï¸,netral
ğŸ™…ğŸ¾â€â™‚ï¸,ğŸ™…ğŸ¾â€â™‚ï¸,netral
ğŸ™…ğŸ¿â€â™‚ï¸,ğŸ™…ğŸ¿â€â™‚ï¸,netral
ğŸ™…ğŸ»â€â™€ï¸,ğŸ™…ğŸ»â€â™€ï¸,netral
ğŸ™…ğŸ¼â€â™€ï¸,ğŸ™…ğŸ¼â€â™€ï¸,netral
ğŸ™…ğŸ½â€â™€ï¸,ğŸ™…ğŸ½â€â™€ï¸,netral
ğŸ™…ğŸ¾â€â™€ï¸,ğŸ™…ğŸ¾â€â™€ï¸,netral
ğŸ™…ğŸ¿â€â™€ï¸,ğŸ™…ğŸ¿â€â™€ï¸,netral
ğŸ™†ğŸ»,ğŸ™†ğŸ»,netral
ğŸ™†ğŸ¼,ğŸ™†ğŸ¼,netral
ğŸ™†ğŸ½,ğŸ™†ğŸ½,netral
ğŸ™†ğŸ¾,ğŸ™†ğŸ¾,netral
ğŸ™†ğŸ¿,ğŸ™†ğŸ¿,netral
ğŸ™†ğŸ»â€â™‚ï¸,ğŸ™†ğŸ»â€â™‚ï¸,netral
ğŸ™†ğŸ¼â€â™‚ï¸,ğŸ™†ğŸ¼â€â™‚ï¸,netral
ğŸ™†ğŸ½â€â™‚ï¸,ğŸ™†ğŸ½â€â™‚ï¸,netral
ğŸ™†ğŸ¾â€â™‚ï¸,ğŸ™†ğŸ¾â€â™‚ï¸,netral
ğŸ™†ğŸ¿â€â™‚ï¸,ğŸ™†ğŸ¿â€â™‚ï¸,netral
ğŸ™†ğŸ»â€â™€ï¸,ğŸ™†ğŸ»â€â™€ï¸,netral
ğŸ™†ğŸ¼â€â™€ï¸,ğŸ™†ğŸ¼â€â™€ï¸,netral
ğŸ™†ğŸ½â€â™€ï¸,ğŸ™†ğŸ½â€â™€ï¸,netral
ğŸ™†ğŸ¾â€â™€ï¸,ğŸ™†ğŸ¾â€â™€ï¸,netral
ğŸ™†ğŸ¿â€â™€ï¸,ğŸ™†ğŸ¿â€â™€ï¸,netral
ğŸ’ğŸ»,ğŸ’ğŸ»,netral
ğŸ’ğŸ¼,ğŸ’ğŸ¼,netral
ğŸ’ğŸ½,ğŸ’ğŸ½,netral
ğŸ’ğŸ¾,ğŸ’ğŸ¾,netral
ğŸ’ğŸ¿,ğŸ’ğŸ¿,netral
ğŸ’ğŸ»â€â™‚ï¸,ğŸ’ğŸ»â€â™‚ï¸,netral
ğŸ’ğŸ¼â€â™‚ï¸,ğŸ’ğŸ¼â€â™‚ï¸,netral
ğŸ’ğŸ½â€â™‚ï¸,ğŸ’ğŸ½â€â™‚ï¸,netral
ğŸ’ğŸ¾â€â™‚ï¸,ğŸ’ğŸ¾â€â™‚ï¸,netral
ğŸ’ğŸ¿â€â™‚ï¸,ğŸ’ğŸ¿â€â™‚ï¸,netral
ğŸ’ğŸ»â€â™€ï¸,ğŸ’ğŸ»â€â™€ï¸,netral
ğŸ’ğŸ¼â€â™€ï¸,ğŸ’ğŸ¼â€â™€ï¸,netral
ğŸ’ğŸ½â€â™€ï¸,ğŸ’ğŸ½â€â™€ï¸,netral
ğŸ’ğŸ¾â€â™€ï¸,ğŸ’ğŸ¾â€â™€ï¸,netral
ğŸ’ğŸ¿â€â™€ï¸,ğŸ’ğŸ¿â€â™€ï¸,netral
ğŸ™‹ğŸ»,ğŸ™‹ğŸ»,bahagia
ğŸ™‹ğŸ¼,ğŸ™‹ğŸ¼,bahagia
ğŸ™‹ğŸ½,ğŸ™‹ğŸ½,bahagia
ğŸ™‹ğŸ¾,ğŸ™‹ğŸ¾,bahagia
ğŸ™‹ğŸ¿,ğŸ™‹ğŸ¿,bahagia
ğŸ™‹ğŸ»â€â™‚ï¸,ğŸ™‹ğŸ»â€â™‚ï¸,netral
ğŸ™‹ğŸ¼â€â™‚ï¸,ğŸ™‹ğŸ¼â€â™‚ï¸,netral
ğŸ™‹ğŸ½â€â™‚ï¸,ğŸ™‹ğŸ½â€â™‚ï¸,netral
ğŸ™‹ğŸ¾â€â™‚ï¸,ğŸ™‹ğŸ¾â€â™‚ï¸,netral
ğŸ™‹ğŸ¿â€â™‚ï¸,ğŸ™‹ğŸ¿â€â™‚ï¸,netral
ğŸ™‹ğŸ»â€â™€ï¸,ğŸ™‹ğŸ»â€â™€ï¸,netral
ğŸ™‹ğŸ¼â€â™€ï¸,ğŸ™‹ğŸ¼â€â™€ï¸,netral
ğŸ™‹ğŸ½â€â™€ï¸,ğŸ™‹ğŸ½â€â™€ï¸,netral
ğŸ™‹ğŸ¾â€â™€ï¸,ğŸ™‹ğŸ¾â€â™€ï¸,netral
ğŸ™‹ğŸ¿â€â™€ï¸,ğŸ™‹ğŸ¿â€â™€ï¸,netral
ğŸ§ğŸ»,ğŸ§ğŸ»,netral
ğŸ§ğŸ¼,ğŸ§ğŸ¼,netral
ğŸ§ğŸ½,ğŸ§ğŸ½,netral
ğŸ§ğŸ¾,ğŸ§ğŸ¾,netral
ğŸ§ğŸ¿,ğŸ§ğŸ¿,netral
ğŸ§ğŸ»â€â™‚ï¸,ğŸ§ğŸ»â€â™‚ï¸,netral
ğŸ§ğŸ¼â€â™‚ï¸,ğŸ§ğŸ¼â€â™‚ï¸,netral
ğŸ§ğŸ½â€â™‚ï¸,ğŸ§ğŸ½â€â™‚ï¸,netral
ğŸ§ğŸ¾â€â™‚ï¸,ğŸ§ğŸ¾â€â™‚ï¸,netral
ğŸ§ğŸ¿â€â™‚ï¸,ğŸ§ğŸ¿â€â™‚ï¸,netral
ğŸ§ğŸ»â€â™€ï¸,ğŸ§ğŸ»â€â™€ï¸,netral
ğŸ§ğŸ¼â€â™€ï¸,ğŸ§ğŸ¼â€â™€ï¸,netral
ğŸ§ğŸ½â€â™€ï¸,ğŸ§ğŸ½â€â™€ï¸,netral
ğŸ§ğŸ¾â€â™€ï¸,ğŸ§ğŸ¾â€â™€ï¸,netral
ğŸ§ğŸ¿â€â™€ï¸,ğŸ§ğŸ¿â€â™€ï¸,netral
ğŸ™‡ğŸ»,ğŸ™‡ğŸ»,netral
ğŸ™‡ğŸ¼,ğŸ™‡ğŸ¼,netral
ğŸ™‡ğŸ½,ğŸ™‡ğŸ½,netral
ğŸ™‡ğŸ¾,ğŸ™‡ğŸ¾,netral
ğŸ™‡ğŸ¿,ğŸ™‡ğŸ¿,netral
ğŸ™‡ğŸ»â€â™‚ï¸,ğŸ™‡ğŸ»â€â™‚ï¸,netral
ğŸ™‡ğŸ¼â€â™‚ï¸,ğŸ™‡ğŸ¼â€â™‚ï¸,netral
ğŸ™‡ğŸ½â€â™‚ï¸,ğŸ™‡ğŸ½â€â™‚ï¸,netral
ğŸ™‡ğŸ¾â€â™‚ï¸,ğŸ™‡ğŸ¾â€â™‚ï¸,netral
ğŸ™‡ğŸ¿â€â™‚ï¸,ğŸ™‡ğŸ¿â€â™‚ï¸,netral
ğŸ™‡ğŸ»â€â™€ï¸,ğŸ™‡ğŸ»â€â™€ï¸,netral
ğŸ™‡ğŸ¼â€â™€ï¸,ğŸ™‡ğŸ¼â€â™€ï¸,netral
ğŸ™‡ğŸ½â€â™€ï¸,ğŸ™‡ğŸ½â€â™€ï¸,netral
ğŸ™‡ğŸ¾â€â™€ï¸,ğŸ™‡ğŸ¾â€â™€ï¸,netral
ğŸ™‡ğŸ¿â€â™€ï¸,ğŸ™‡ğŸ¿â€â™€ï¸,netral
ğŸ¤¦ğŸ»,ğŸ¤¦ğŸ»,lelah
ğŸ¤¦ğŸ¼,ğŸ¤¦ğŸ¼,lelah
ğŸ¤¦ğŸ½,ğŸ¤¦ğŸ½,netral
ğŸ¤¦ğŸ¾,ğŸ¤¦ğŸ¾,lelah
ğŸ¤¦ğŸ¿,ğŸ¤¦ğŸ¿,lelah
ğŸ¤¦ğŸ»â€â™‚ï¸,ğŸ¤¦ğŸ»â€â™‚ï¸,netral
ğŸ¤¦ğŸ¼â€â™‚ï¸,ğŸ¤¦ğŸ¼â€â™‚ï¸,netral
ğŸ¤¦ğŸ½â€â™‚ï¸,ğŸ¤¦ğŸ½â€â™‚ï¸,netral
ğŸ¤¦ğŸ¾â€â™‚ï¸,ğŸ¤¦ğŸ¾â€â™‚ï¸,netral
ğŸ¤¦ğŸ¿â€â™‚ï¸,ğŸ¤¦ğŸ¿â€â™‚ï¸,netral
ğŸ¤¦ğŸ»â€â™€ï¸,ğŸ¤¦ğŸ»â€â™€ï¸,netral
ğŸ¤¦ğŸ¼â€â™€ï¸,ğŸ¤¦ğŸ¼â€â™€ï¸,netral
ğŸ¤¦ğŸ½â€â™€ï¸,ğŸ¤¦ğŸ½â€â™€ï¸,netral
ğŸ¤¦ğŸ¾â€â™€ï¸,ğŸ¤¦ğŸ¾â€â™€ï¸,netral
ğŸ¤¦ğŸ¿â€â™€ï¸,ğŸ¤¦ğŸ¿â€â™€ï¸,netral
ğŸ¤·ğŸ»,ğŸ¤·ğŸ»,bingung
ğŸ¤·ğŸ¼,ğŸ¤·ğŸ¼,bingung
ğŸ¤·ğŸ½,ğŸ¤·ğŸ½,bingung
ğŸ¤·ğŸ¾,ğŸ¤·ğŸ¾,bingung
ğŸ¤·ğŸ¿,ğŸ¤·ğŸ¿,bingung
ğŸ¤·ğŸ»â€â™‚ï¸,ğŸ¤·ğŸ»â€â™‚ï¸,netral
ğŸ¤·ğŸ¼â€â™‚ï¸,ğŸ¤·ğŸ¼â€â™‚ï¸,netral
ğŸ¤·ğŸ½â€â™‚ï¸,ğŸ¤·ğŸ½â€â™‚ï¸,netral
ğŸ¤·ğŸ¾â€â™‚ï¸,ğŸ¤·ğŸ¾â€â™‚ï¸,netral
ğŸ¤·ğŸ¿â€â™‚ï¸,ğŸ¤·ğŸ¿â€â™‚ï¸,netral
ğŸ¤·ğŸ»â€â™€ï¸,ğŸ¤·ğŸ»â€â™€ï¸,netral
ğŸ¤·ğŸ¼â€â™€ï¸,ğŸ¤·ğŸ¼â€â™€ï¸,netral
ğŸ¤·ğŸ½â€â™€ï¸,ğŸ¤·ğŸ½â€â™€ï¸,netral
ğŸ¤·ğŸ¾â€â™€ï¸,ğŸ¤·ğŸ¾â€â™€ï¸,netral
ğŸ¤·ğŸ¿â€â™€ï¸,ğŸ¤·ğŸ¿â€â™€ï¸,netral
ğŸ§‘ğŸ»â€âš•ï¸,ğŸ§‘ğŸ»â€âš•ï¸,netral
ğŸ§‘ğŸ¼â€âš•ï¸,ğŸ§‘ğŸ¼â€âš•ï¸,netral
ğŸ§‘ğŸ½â€âš•ï¸,ğŸ§‘ğŸ½â€âš•ï¸,netral
ğŸ§‘ğŸ¾â€âš•ï¸,ğŸ§‘ğŸ¾â€âš•ï¸,netral
ğŸ§‘ğŸ¿â€âš•ï¸,ğŸ§‘ğŸ¿â€âš•ï¸,netral
ğŸ‘¨ğŸ»â€âš•ï¸,ğŸ‘¨ğŸ»â€âš•ï¸,netral
ğŸ‘¨ğŸ¼â€âš•ï¸,ğŸ‘¨ğŸ¼â€âš•ï¸,netral
ğŸ‘¨ğŸ½â€âš•ï¸,ğŸ‘¨ğŸ½â€âš•ï¸,netral
ğŸ‘¨ğŸ¾â€âš•ï¸,ğŸ‘¨ğŸ¾â€âš•ï¸,netral
ğŸ‘¨ğŸ¿â€âš•ï¸,ğŸ‘¨ğŸ¿â€âš•ï¸,netral
ğŸ‘©ğŸ»â€âš•ï¸,ğŸ‘©ğŸ»â€âš•ï¸,netral
ğŸ‘©ğŸ¼â€âš•ï¸,ğŸ‘©ğŸ¼â€âš•ï¸,netral
ğŸ‘©ğŸ½â€âš•ï¸,ğŸ‘©ğŸ½â€âš•ï¸,netral
ğŸ‘©ğŸ¾â€âš•ï¸,ğŸ‘©ğŸ¾â€âš•ï¸,netral
ğŸ‘©ğŸ¿â€âš•ï¸,ğŸ‘©ğŸ¿â€âš•ï¸,netral
ğŸ§‘ğŸ»â€ğŸ“,ğŸ§‘ğŸ»â€ğŸ“,netral
ğŸ§‘ğŸ¼â€ğŸ“,ğŸ§‘ğŸ¼â€ğŸ“,netral
ğŸ§‘ğŸ½â€ğŸ“,ğŸ§‘ğŸ½â€ğŸ“,netral
ğŸ§‘ğŸ¾â€ğŸ“,ğŸ§‘ğŸ¾â€ğŸ“,netral
ğŸ§‘ğŸ¿â€ğŸ“,ğŸ§‘ğŸ¿â€ğŸ“,netral
ğŸ‘¨ğŸ»â€ğŸ“,ğŸ‘¨ğŸ»â€ğŸ“,netral
ğŸ‘¨ğŸ¼â€ğŸ“,ğŸ‘¨ğŸ¼â€ğŸ“,netral
ğŸ‘¨ğŸ½â€ğŸ“,ğŸ‘¨ğŸ½â€ğŸ“,netral
ğŸ‘¨ğŸ¾â€ğŸ“,ğŸ‘¨ğŸ¾â€ğŸ“,netral
ğŸ‘¨ğŸ¿â€ğŸ“,ğŸ‘¨ğŸ¿â€ğŸ“,netral
ğŸ‘©ğŸ»â€ğŸ“,ğŸ‘©ğŸ»â€ğŸ“,netral
ğŸ‘©ğŸ¼â€ğŸ“,ğŸ‘©ğŸ¼â€ğŸ“,netral
ğŸ‘©ğŸ½â€ğŸ“,ğŸ‘©ğŸ½â€ğŸ“,netral
ğŸ‘©ğŸ¾â€ğŸ“,ğŸ‘©ğŸ¾â€ğŸ“,netral
ğŸ‘©ğŸ¿â€ğŸ“,ğŸ‘©ğŸ¿â€ğŸ“,netral
ğŸ§‘ğŸ»â€ğŸ«,ğŸ§‘ğŸ»â€ğŸ«,netral
ğŸ§‘ğŸ¼â€ğŸ«,ğŸ§‘ğŸ¼â€ğŸ«,netral
ğŸ§‘ğŸ½â€ğŸ«,ğŸ§‘ğŸ½â€ğŸ«,netral
ğŸ§‘ğŸ¾â€ğŸ«,ğŸ§‘ğŸ¾â€ğŸ«,netral
ğŸ§‘ğŸ¿â€ğŸ«,ğŸ§‘ğŸ¿â€ğŸ«,netral
ğŸ‘¨ğŸ»â€ğŸ«,ğŸ‘¨ğŸ»â€ğŸ«,netral
ğŸ‘¨ğŸ¼â€ğŸ«,ğŸ‘¨ğŸ¼â€ğŸ«,netral
ğŸ‘¨ğŸ½â€ğŸ«,ğŸ‘¨ğŸ½â€ğŸ«,netral
ğŸ‘¨ğŸ¾â€ğŸ«,ğŸ‘¨ğŸ¾â€ğŸ«,netral
ğŸ‘¨ğŸ¿â€ğŸ«,ğŸ‘¨ğŸ¿â€ğŸ«,netral
ğŸ‘©ğŸ»â€ğŸ«,ğŸ‘©ğŸ»â€ğŸ«,netral
ğŸ‘©ğŸ¼â€ğŸ«,ğŸ‘©ğŸ¼â€ğŸ«,netral
ğŸ‘©ğŸ½â€ğŸ«,ğŸ‘©ğŸ½â€ğŸ«,netral
ğŸ‘©ğŸ¾â€ğŸ«,ğŸ‘©ğŸ¾â€ğŸ«,netral
ğŸ‘©ğŸ¿â€ğŸ«,ğŸ‘©ğŸ¿â€ğŸ«,netral
ğŸ§‘ğŸ»â€âš–ï¸,ğŸ§‘ğŸ»â€âš–ï¸,netral
ğŸ§‘ğŸ¼â€âš–ï¸,ğŸ§‘ğŸ¼â€âš–ï¸,netral
ğŸ§‘ğŸ½â€âš–ï¸,ğŸ§‘ğŸ½â€âš–ï¸,netral
ğŸ§‘ğŸ¾â€âš–ï¸,ğŸ§‘ğŸ¾â€âš–ï¸,netral
ğŸ§‘ğŸ¿â€âš–ï¸,ğŸ§‘ğŸ¿â€âš–ï¸,netral
ğŸ‘¨ğŸ»â€âš–ï¸,ğŸ‘¨ğŸ»â€âš–ï¸,netral
ğŸ‘¨ğŸ¼â€âš–ï¸,ğŸ‘¨ğŸ¼â€âš–ï¸,netral
ğŸ‘¨ğŸ½â€âš–ï¸,ğŸ‘¨ğŸ½â€âš–ï¸,netral
ğŸ‘¨ğŸ¾â€âš–ï¸,ğŸ‘¨ğŸ¾â€âš–ï¸,netral
ğŸ‘¨ğŸ¿â€âš–ï¸,ğŸ‘¨ğŸ¿â€âš–ï¸,netral
ğŸ‘©ğŸ»â€âš–ï¸,ğŸ‘©ğŸ»â€âš–ï¸,netral
ğŸ‘©ğŸ¼â€âš–ï¸,ğŸ‘©ğŸ¼â€âš–ï¸,netral
ğŸ‘©ğŸ½â€âš–ï¸,ğŸ‘©ğŸ½â€âš–ï¸,netral
ğŸ‘©ğŸ¾â€âš–ï¸,ğŸ‘©ğŸ¾â€âš–ï¸,netral
ğŸ‘©ğŸ¿â€âš–ï¸,ğŸ‘©ğŸ¿â€âš–ï¸,netral
ğŸ§‘ğŸ»â€ğŸŒ¾,ğŸ§‘ğŸ»â€ğŸŒ¾,netral
ğŸ§‘ğŸ¼â€ğŸŒ¾,ğŸ§‘ğŸ¼â€ğŸŒ¾,netral
ğŸ§‘ğŸ½â€ğŸŒ¾,ğŸ§‘ğŸ½â€ğŸŒ¾,netral
ğŸ§‘ğŸ¾â€ğŸŒ¾,ğŸ§‘ğŸ¾â€ğŸŒ¾,netral
ğŸ§‘ğŸ¿â€ğŸŒ¾,ğŸ§‘ğŸ¿â€ğŸŒ¾,netral
ğŸ‘¨ğŸ»â€ğŸŒ¾,ğŸ‘¨ğŸ»â€ğŸŒ¾,netral
ğŸ‘¨ğŸ¼â€ğŸŒ¾,ğŸ‘¨ğŸ¼â€ğŸŒ¾,netral
ğŸ‘¨ğŸ½â€ğŸŒ¾,ğŸ‘¨ğŸ½â€ğŸŒ¾,netral
ğŸ‘¨ğŸ¾â€ğŸŒ¾,ğŸ‘¨ğŸ¾â€ğŸŒ¾,netral
ğŸ‘¨ğŸ¿â€ğŸŒ¾,ğŸ‘¨ğŸ¿â€ğŸŒ¾,netral
ğŸ‘©ğŸ»â€ğŸŒ¾,ğŸ‘©ğŸ»â€ğŸŒ¾,netral
ğŸ‘©ğŸ¼â€ğŸŒ¾,ğŸ‘©ğŸ¼â€ğŸŒ¾,netral
ğŸ‘©ğŸ½â€ğŸŒ¾,ğŸ‘©ğŸ½â€ğŸŒ¾,netral
ğŸ‘©ğŸ¾â€ğŸŒ¾,ğŸ‘©ğŸ¾â€ğŸŒ¾,netral
ğŸ‘©ğŸ¿â€ğŸŒ¾,ğŸ‘©ğŸ¿â€ğŸŒ¾,netral
ğŸ§‘ğŸ»â€ğŸ³,ğŸ§‘ğŸ»â€ğŸ³,netral
ğŸ§‘ğŸ¼â€ğŸ³,ğŸ§‘ğŸ¼â€ğŸ³,netral
ğŸ§‘ğŸ½â€ğŸ³,ğŸ§‘ğŸ½â€ğŸ³,netral
ğŸ§‘ğŸ¾â€ğŸ³,ğŸ§‘ğŸ¾â€ğŸ³,netral
ğŸ§‘ğŸ¿â€ğŸ³,ğŸ§‘ğŸ¿â€ğŸ³,netral
ğŸ‘¨ğŸ»â€ğŸ³,ğŸ‘¨ğŸ»â€ğŸ³,netral
ğŸ‘¨ğŸ¼â€ğŸ³,ğŸ‘¨ğŸ¼â€ğŸ³,netral
ğŸ‘¨ğŸ½â€ğŸ³,ğŸ‘¨ğŸ½â€ğŸ³,netral
ğŸ‘¨ğŸ¾â€ğŸ³,ğŸ‘¨ğŸ¾â€ğŸ³,netral
ğŸ‘¨ğŸ¿â€ğŸ³,ğŸ‘¨ğŸ¿â€ğŸ³,netral
ğŸ‘©ğŸ»â€ğŸ³,ğŸ‘©ğŸ»â€ğŸ³,netral
ğŸ‘©ğŸ¼â€ğŸ³,ğŸ‘©ğŸ¼â€ğŸ³,netral
ğŸ‘©ğŸ½â€ğŸ³,ğŸ‘©ğŸ½â€ğŸ³,netral
ğŸ‘©ğŸ¾â€ğŸ³,ğŸ‘©ğŸ¾â€ğŸ³,netral
ğŸ‘©ğŸ¿â€ğŸ³,ğŸ‘©ğŸ¿â€ğŸ³,netral
ğŸ§‘ğŸ»â€ğŸ”§,ğŸ§‘ğŸ»â€ğŸ”§,netral
ğŸ§‘ğŸ¼â€ğŸ”§,ğŸ§‘ğŸ¼â€ğŸ”§,netral
ğŸ§‘ğŸ½â€ğŸ”§,ğŸ§‘ğŸ½â€ğŸ”§,netral
ğŸ§‘ğŸ¾â€ğŸ”§,ğŸ§‘ğŸ¾â€ğŸ”§,netral
ğŸ§‘ğŸ¿â€ğŸ”§,ğŸ§‘ğŸ¿â€ğŸ”§,netral
ğŸ‘¨ğŸ»â€ğŸ”§,ğŸ‘¨ğŸ»â€ğŸ”§,netral
ğŸ‘¨ğŸ¼â€ğŸ”§,ğŸ‘¨ğŸ¼â€ğŸ”§,netral
ğŸ‘¨ğŸ½â€ğŸ”§,ğŸ‘¨ğŸ½â€ğŸ”§,netral
ğŸ‘¨ğŸ¾â€ğŸ”§,ğŸ‘¨ğŸ¾â€ğŸ”§,netral
ğŸ‘¨ğŸ¿â€ğŸ”§,ğŸ‘¨ğŸ¿â€ğŸ”§,netral
ğŸ‘©ğŸ»â€ğŸ”§,ğŸ‘©ğŸ»â€ğŸ”§,netral
ğŸ‘©ğŸ¼â€ğŸ”§,ğŸ‘©ğŸ¼â€ğŸ”§,netral
ğŸ‘©ğŸ½â€ğŸ”§,ğŸ‘©ğŸ½â€ğŸ”§,netral
ğŸ‘©ğŸ¾â€ğŸ”§,ğŸ‘©ğŸ¾â€ğŸ”§,netral
ğŸ‘©ğŸ¿â€ğŸ”§,ğŸ‘©ğŸ¿â€ğŸ”§,netral
ğŸ§‘ğŸ»â€ğŸ­,ğŸ§‘ğŸ»â€ğŸ­,netral
ğŸ§‘ğŸ¼â€ğŸ­,ğŸ§‘ğŸ¼â€ğŸ­,netral
ğŸ§‘ğŸ½â€ğŸ­,ğŸ§‘ğŸ½â€ğŸ­,netral
ğŸ§‘ğŸ¾â€ğŸ­,ğŸ§‘ğŸ¾â€ğŸ­,netral
ğŸ§‘ğŸ¿â€ğŸ­,ğŸ§‘ğŸ¿â€ğŸ­,netral
ğŸ‘¨ğŸ»â€ğŸ­,ğŸ‘¨ğŸ»â€ğŸ­,netral
ğŸ‘¨ğŸ¼â€ğŸ­,ğŸ‘¨ğŸ¼â€ğŸ­,netral
ğŸ‘¨ğŸ½â€ğŸ­,ğŸ‘¨ğŸ½â€ğŸ­,netral
ğŸ‘¨ğŸ¾â€ğŸ­,ğŸ‘¨ğŸ¾â€ğŸ­,netral
ğŸ‘¨ğŸ¿â€ğŸ­,ğŸ‘¨ğŸ¿â€ğŸ­,netral
ğŸ‘©ğŸ»â€ğŸ­,ğŸ‘©ğŸ»â€ğŸ­,netral
ğŸ‘©ğŸ¼â€ğŸ­,ğŸ‘©ğŸ¼â€ğŸ­,netral
ğŸ‘©ğŸ½â€ğŸ­,ğŸ‘©ğŸ½â€ğŸ­,netral
ğŸ‘©ğŸ¾â€ğŸ­,ğŸ‘©ğŸ¾â€ğŸ­,netral
ğŸ‘©ğŸ¿â€ğŸ­,ğŸ‘©ğŸ¿â€ğŸ­,netral
ğŸ§‘ğŸ»â€ğŸ’¼,ğŸ§‘ğŸ»â€ğŸ’¼,netral
ğŸ§‘ğŸ¼â€ğŸ’¼,ğŸ§‘ğŸ¼â€ğŸ’¼,netral
ğŸ§‘ğŸ½â€ğŸ’¼,ğŸ§‘ğŸ½â€ğŸ’¼,netral
ğŸ§‘ğŸ¾â€ğŸ’¼,ğŸ§‘ğŸ¾â€ğŸ’¼,netral
ğŸ§‘ğŸ¿â€ğŸ’¼,ğŸ§‘ğŸ¿â€ğŸ’¼,netral
ğŸ‘¨ğŸ»â€ğŸ’¼,ğŸ‘¨ğŸ»â€ğŸ’¼,netral
ğŸ‘¨ğŸ¼â€ğŸ’¼,ğŸ‘¨ğŸ¼â€ğŸ’¼,netral
ğŸ‘¨ğŸ½â€ğŸ’¼,ğŸ‘¨ğŸ½â€ğŸ’¼,netral
ğŸ‘¨ğŸ¾â€ğŸ’¼,ğŸ‘¨ğŸ¾â€ğŸ’¼,netral
ğŸ‘¨ğŸ¿â€ğŸ’¼,ğŸ‘¨ğŸ¿â€ğŸ’¼,netral
ğŸ‘©ğŸ»â€ğŸ’¼,ğŸ‘©ğŸ»â€ğŸ’¼,netral
ğŸ‘©ğŸ¼â€ğŸ’¼,ğŸ‘©ğŸ¼â€ğŸ’¼,netral
ğŸ‘©ğŸ½â€ğŸ’¼,ğŸ‘©ğŸ½â€ğŸ’¼,netral
ğŸ‘©ğŸ¾â€ğŸ’¼,ğŸ‘©ğŸ¾â€ğŸ’¼,netral
ğŸ‘©ğŸ¿â€ğŸ’¼,ğŸ‘©ğŸ¿â€ğŸ’¼,netral
ğŸ§‘ğŸ»â€ğŸ”¬,ğŸ§‘ğŸ»â€ğŸ”¬,netral
ğŸ§‘ğŸ¼â€ğŸ”¬,ğŸ§‘ğŸ¼â€ğŸ”¬,netral
ğŸ§‘ğŸ½â€ğŸ”¬,ğŸ§‘ğŸ½â€ğŸ”¬,netral
ğŸ§‘ğŸ¾â€ğŸ”¬,ğŸ§‘ğŸ¾â€ğŸ”¬,netral
ğŸ§‘ğŸ¿â€ğŸ”¬,ğŸ§‘ğŸ¿â€ğŸ”¬,netral
ğŸ‘¨ğŸ»â€ğŸ”¬,ğŸ‘¨ğŸ»â€ğŸ”¬,netral
ğŸ‘¨ğŸ¼â€ğŸ”¬,ğŸ‘¨ğŸ¼â€ğŸ”¬,netral
ğŸ‘¨ğŸ½â€ğŸ”¬,ğŸ‘¨ğŸ½â€ğŸ”¬,netral
ğŸ‘¨ğŸ¾â€ğŸ”¬,ğŸ‘¨ğŸ¾â€ğŸ”¬,netral
ğŸ‘¨ğŸ¿â€ğŸ”¬,ğŸ‘¨ğŸ¿â€ğŸ”¬,netral
ğŸ‘©ğŸ»â€ğŸ”¬,ğŸ‘©ğŸ»â€ğŸ”¬,netral
ğŸ‘©ğŸ¼â€ğŸ”¬,ğŸ‘©ğŸ¼â€ğŸ”¬,netral
ğŸ‘©ğŸ½â€ğŸ”¬,ğŸ‘©ğŸ½â€ğŸ”¬,netral
ğŸ‘©ğŸ¾â€ğŸ”¬,ğŸ‘©ğŸ¾â€ğŸ”¬,netral
ğŸ‘©ğŸ¿â€ğŸ”¬,ğŸ‘©ğŸ¿â€ğŸ”¬,netral
ğŸ§‘ğŸ»â€ğŸ’»,ğŸ§‘ğŸ»â€ğŸ’»,netral
ğŸ§‘ğŸ¼â€ğŸ’»,ğŸ§‘ğŸ¼â€ğŸ’»,netral
ğŸ§‘ğŸ½â€ğŸ’»,ğŸ§‘ğŸ½â€ğŸ’»,netral
ğŸ§‘ğŸ¾â€ğŸ’»,ğŸ§‘ğŸ¾â€ğŸ’»,netral
ğŸ§‘ğŸ¿â€ğŸ’»,ğŸ§‘ğŸ¿â€ğŸ’»,netral
ğŸ‘¨ğŸ»â€ğŸ’»,ğŸ‘¨ğŸ»â€ğŸ’»,netral
ğŸ‘¨ğŸ¼â€ğŸ’»,ğŸ‘¨ğŸ¼â€ğŸ’»,netral
ğŸ‘¨ğŸ½â€ğŸ’»,ğŸ‘¨ğŸ½â€ğŸ’»,netral
ğŸ‘¨ğŸ¾â€ğŸ’»,ğŸ‘¨ğŸ¾â€ğŸ’»,netral
ğŸ‘¨ğŸ¿â€ğŸ’»,ğŸ‘¨ğŸ¿â€ğŸ’»,netral
ğŸ‘©ğŸ»â€ğŸ’»,ğŸ‘©ğŸ»â€ğŸ’»,netral
ğŸ‘©ğŸ¼â€ğŸ’»,ğŸ‘©ğŸ¼â€ğŸ’»,netral
ğŸ‘©ğŸ½â€ğŸ’»,ğŸ‘©ğŸ½â€ğŸ’»,netral
ğŸ‘©ğŸ¾â€ğŸ’»,ğŸ‘©ğŸ¾â€ğŸ’»,netral
ğŸ‘©ğŸ¿â€ğŸ’»,ğŸ‘©ğŸ¿â€ğŸ’»,netral
ğŸ§‘ğŸ»â€ğŸ¤,ğŸ§‘ğŸ»â€ğŸ¤,netral
ğŸ§‘ğŸ¼â€ğŸ¤,ğŸ§‘ğŸ¼â€ğŸ¤,netral
ğŸ§‘ğŸ½â€ğŸ¤,ğŸ§‘ğŸ½â€ğŸ¤,netral
ğŸ§‘ğŸ¾â€ğŸ¤,ğŸ§‘ğŸ¾â€ğŸ¤,netral
ğŸ§‘ğŸ¿â€ğŸ¤,ğŸ§‘ğŸ¿â€ğŸ¤,netral
ğŸ‘¨ğŸ»â€ğŸ¤,ğŸ‘¨ğŸ»â€ğŸ¤,netral
ğŸ‘¨ğŸ¼â€ğŸ¤,ğŸ‘¨ğŸ¼â€ğŸ¤,netral
ğŸ‘¨ğŸ½â€ğŸ¤,ğŸ‘¨ğŸ½â€ğŸ¤,netral
ğŸ‘¨ğŸ¾â€ğŸ¤,ğŸ‘¨ğŸ¾â€ğŸ¤,netral
ğŸ‘¨ğŸ¿â€ğŸ¤,ğŸ‘¨ğŸ¿â€ğŸ¤,netral
ğŸ‘©ğŸ»â€ğŸ¤,ğŸ‘©ğŸ»â€ğŸ¤,netral
ğŸ‘©ğŸ¼â€ğŸ¤,ğŸ‘©ğŸ¼â€ğŸ¤,netral
ğŸ‘©ğŸ½â€ğŸ¤,ğŸ‘©ğŸ½â€ğŸ¤,netral
ğŸ‘©ğŸ¾â€ğŸ¤,ğŸ‘©ğŸ¾â€ğŸ¤,netral
ğŸ‘©ğŸ¿â€ğŸ¤,ğŸ‘©ğŸ¿â€ğŸ¤,netral
ğŸ§‘ğŸ»â€ğŸ¨,ğŸ§‘ğŸ»â€ğŸ¨,netral
ğŸ§‘ğŸ¼â€ğŸ¨,ğŸ§‘ğŸ¼â€ğŸ¨,netral
ğŸ§‘ğŸ½â€ğŸ¨,ğŸ§‘ğŸ½â€ğŸ¨,netral
ğŸ§‘ğŸ¾â€ğŸ¨,ğŸ§‘ğŸ¾â€ğŸ¨,netral
ğŸ§‘ğŸ¿â€ğŸ¨,ğŸ§‘ğŸ¿â€ğŸ¨,netral
ğŸ‘¨ğŸ»â€ğŸ¨,ğŸ‘¨ğŸ»â€ğŸ¨,netral
ğŸ‘¨ğŸ¼â€ğŸ¨,ğŸ‘¨ğŸ¼â€ğŸ¨,netral
ğŸ‘¨ğŸ½â€ğŸ¨,ğŸ‘¨ğŸ½â€ğŸ¨,netral
ğŸ‘¨ğŸ¾â€ğŸ¨,ğŸ‘¨ğŸ¾â€ğŸ¨,netral
ğŸ‘¨ğŸ¿â€ğŸ¨,ğŸ‘¨ğŸ¿â€ğŸ¨,netral
ğŸ‘©ğŸ»â€ğŸ¨,ğŸ‘©ğŸ»â€ğŸ¨,netral
ğŸ‘©ğŸ¼â€ğŸ¨,ğŸ‘©ğŸ¼â€ğŸ¨,netral
ğŸ‘©ğŸ½â€ğŸ¨,ğŸ‘©ğŸ½â€ğŸ¨,netral
ğŸ‘©ğŸ¾â€ğŸ¨,ğŸ‘©ğŸ¾â€ğŸ¨,netral
ğŸ‘©ğŸ¿â€ğŸ¨,ğŸ‘©ğŸ¿â€ğŸ¨,netral
ğŸ§‘ğŸ»â€âœˆï¸,ğŸ§‘ğŸ»â€âœˆï¸,netral
ğŸ§‘ğŸ¼â€âœˆï¸,ğŸ§‘ğŸ¼â€âœˆï¸,netral
ğŸ§‘ğŸ½â€âœˆï¸,ğŸ§‘ğŸ½â€âœˆï¸,netral
ğŸ§‘ğŸ¾â€âœˆï¸,ğŸ§‘ğŸ¾â€âœˆï¸,netral
ğŸ§‘ğŸ¿â€âœˆï¸,ğŸ§‘ğŸ¿â€âœˆï¸,netral
ğŸ‘¨ğŸ»â€âœˆï¸,ğŸ‘¨ğŸ»â€âœˆï¸,netral
ğŸ‘¨ğŸ¼â€âœˆï¸,ğŸ‘¨ğŸ¼â€âœˆï¸,netral
ğŸ‘¨ğŸ½â€âœˆï¸,ğŸ‘¨ğŸ½â€âœˆï¸,netral
ğŸ‘¨ğŸ¾â€âœˆï¸,ğŸ‘¨ğŸ¾â€âœˆï¸,netral
ğŸ‘¨ğŸ¿â€âœˆï¸,ğŸ‘¨ğŸ¿â€âœˆï¸,netral
ğŸ‘©ğŸ»â€âœˆï¸,ğŸ‘©ğŸ»â€âœˆï¸,netral
ğŸ‘©ğŸ¼â€âœˆï¸,ğŸ‘©ğŸ¼â€âœˆï¸,netral
ğŸ‘©ğŸ½â€âœˆï¸,ğŸ‘©ğŸ½â€âœˆï¸,netral
ğŸ‘©ğŸ¾â€âœˆï¸,ğŸ‘©ğŸ¾â€âœˆï¸,netral
ğŸ‘©ğŸ¿â€âœˆï¸,ğŸ‘©ğŸ¿â€âœˆï¸,netral
ğŸ§‘ğŸ»â€ğŸš€,ğŸ§‘ğŸ»â€ğŸš€,netral
ğŸ§‘ğŸ¼â€ğŸš€,ğŸ§‘ğŸ¼â€ğŸš€,netral
ğŸ§‘ğŸ½â€ğŸš€,ğŸ§‘ğŸ½â€ğŸš€,netral
ğŸ§‘ğŸ¾â€ğŸš€,ğŸ§‘ğŸ¾â€ğŸš€,netral
ğŸ§‘ğŸ¿â€ğŸš€,ğŸ§‘ğŸ¿â€ğŸš€,netral
ğŸ‘¨ğŸ»â€ğŸš€,ğŸ‘¨ğŸ»â€ğŸš€,netral
ğŸ‘¨ğŸ¼â€ğŸš€,ğŸ‘¨ğŸ¼â€ğŸš€,netral
ğŸ‘¨ğŸ½â€ğŸš€,ğŸ‘¨ğŸ½â€ğŸš€,netral
ğŸ‘¨ğŸ¾â€ğŸš€,ğŸ‘¨ğŸ¾â€ğŸš€,netral
ğŸ‘¨ğŸ¿â€ğŸš€,ğŸ‘¨ğŸ¿â€ğŸš€,netral
ğŸ‘©ğŸ»â€ğŸš€,ğŸ‘©ğŸ»â€ğŸš€,netral
ğŸ‘©ğŸ¼â€ğŸš€,ğŸ‘©ğŸ¼â€ğŸš€,netral
ğŸ‘©ğŸ½â€ğŸš€,ğŸ‘©ğŸ½â€ğŸš€,netral
ğŸ‘©ğŸ¾â€ğŸš€,ğŸ‘©ğŸ¾â€ğŸš€,netral
ğŸ‘©ğŸ¿â€ğŸš€,ğŸ‘©ğŸ¿â€ğŸš€,netral
ğŸ§‘ğŸ»â€ğŸš’,ğŸ§‘ğŸ»â€ğŸš’,netral
ğŸ§‘ğŸ¼â€ğŸš’,ğŸ§‘ğŸ¼â€ğŸš’,netral
ğŸ§‘ğŸ½â€ğŸš’,ğŸ§‘ğŸ½â€ğŸš’,netral
ğŸ§‘ğŸ¾â€ğŸš’,ğŸ§‘ğŸ¾â€ğŸš’,netral
ğŸ§‘ğŸ¿â€ğŸš’,ğŸ§‘ğŸ¿â€ğŸš’,netral
ğŸ‘¨ğŸ»â€ğŸš’,ğŸ‘¨ğŸ»â€ğŸš’,netral
ğŸ‘¨ğŸ¼â€ğŸš’,ğŸ‘¨ğŸ¼â€ğŸš’,netral
ğŸ‘¨ğŸ½â€ğŸš’,ğŸ‘¨ğŸ½â€ğŸš’,netral
ğŸ‘¨ğŸ¾â€ğŸš’,ğŸ‘¨ğŸ¾â€ğŸš’,netral
ğŸ‘¨ğŸ¿â€ğŸš’,ğŸ‘¨ğŸ¿â€ğŸš’,netral
ğŸ‘©ğŸ»â€ğŸš’,ğŸ‘©ğŸ»â€ğŸš’,netral
ğŸ‘©ğŸ¼â€ğŸš’,ğŸ‘©ğŸ¼â€ğŸš’,netral
ğŸ‘©ğŸ½â€ğŸš’,ğŸ‘©ğŸ½â€ğŸš’,netral
ğŸ‘©ğŸ¾â€ğŸš’,ğŸ‘©ğŸ¾â€ğŸš’,netral
ğŸ‘©ğŸ¿â€ğŸš’,ğŸ‘©ğŸ¿â€ğŸš’,netral
ğŸ‘®ğŸ»,ğŸ‘®ğŸ»,netral
ğŸ‘®ğŸ¼,ğŸ‘®ğŸ¼,netral
ğŸ‘®ğŸ½,ğŸ‘®ğŸ½,netral
ğŸ‘®ğŸ¾,ğŸ‘®ğŸ¾,netral
ğŸ‘®ğŸ¿,ğŸ‘®ğŸ¿,netral
ğŸ‘®ğŸ»â€â™‚ï¸,ğŸ‘®ğŸ»â€â™‚ï¸,netral
ğŸ‘®ğŸ¼â€â™‚ï¸,ğŸ‘®ğŸ¼â€â™‚ï¸,netral
ğŸ‘®ğŸ½â€â™‚ï¸,ğŸ‘®ğŸ½â€â™‚ï¸,netral
ğŸ‘®ğŸ¾â€â™‚ï¸,ğŸ‘®ğŸ¾â€â™‚ï¸,netral
ğŸ‘®ğŸ¿â€â™‚ï¸,ğŸ‘®ğŸ¿â€â™‚ï¸,netral
ğŸ‘®ğŸ»â€â™€ï¸,ğŸ‘®ğŸ»â€â™€ï¸,netral
ğŸ‘®ğŸ¼â€â™€ï¸,ğŸ‘®ğŸ¼â€â™€ï¸,netral
ğŸ‘®ğŸ½â€â™€ï¸,ğŸ‘®ğŸ½â€â™€ï¸,netral
ğŸ‘®ğŸ¾â€â™€ï¸,ğŸ‘®ğŸ¾â€â™€ï¸,netral
ğŸ‘®ğŸ¿â€â™€ï¸,ğŸ‘®ğŸ¿â€â™€ï¸,netral
ğŸ•µğŸ»,ğŸ•µğŸ»,netral
ğŸ•µğŸ¼,ğŸ•µğŸ¼,netral
ğŸ•µğŸ½,ğŸ•µğŸ½,netral
ğŸ•µğŸ¾,ğŸ•µğŸ¾,netral
ğŸ•µğŸ¿,ğŸ•µğŸ¿,netral
ğŸ•µğŸ»â€â™‚ï¸,ğŸ•µğŸ»â€â™‚ï¸,netral
ğŸ•µğŸ¼â€â™‚ï¸,ğŸ•µğŸ¼â€â™‚ï¸,netral
ğŸ•µğŸ½â€â™‚ï¸,ğŸ•µğŸ½â€â™‚ï¸,netral
ğŸ•µğŸ¾â€â™‚ï¸,ğŸ•µğŸ¾â€â™‚ï¸,netral
ğŸ•µğŸ¿â€â™‚ï¸,ğŸ•µğŸ¿â€â™‚ï¸,netral
ğŸ•µğŸ»â€â™€ï¸,ğŸ•µğŸ»â€â™€ï¸,netral
ğŸ•µğŸ¼â€â™€ï¸,ğŸ•µğŸ¼â€â™€ï¸,netral
ğŸ•µğŸ½â€â™€ï¸,ğŸ•µğŸ½â€â™€ï¸,netral
ğŸ•µğŸ¾â€â™€ï¸,ğŸ•µğŸ¾â€â™€ï¸,netral
ğŸ•µğŸ¿â€â™€ï¸,ğŸ•µğŸ¿â€â™€ï¸,netral
ğŸ’‚ğŸ»,ğŸ’‚ğŸ»,netral
ğŸ’‚ğŸ¼,ğŸ’‚ğŸ¼,netral
ğŸ’‚ğŸ½,ğŸ’‚ğŸ½,netral
ğŸ’‚ğŸ¾,ğŸ’‚ğŸ¾,netral
ğŸ’‚ğŸ¿,ğŸ’‚ğŸ¿,netral
ğŸ’‚ğŸ»â€â™‚ï¸,ğŸ’‚ğŸ»â€â™‚ï¸,netral
ğŸ’‚ğŸ¼â€â™‚ï¸,ğŸ’‚ğŸ¼â€â™‚ï¸,netral
ğŸ’‚ğŸ½â€â™‚ï¸,ğŸ’‚ğŸ½â€â™‚ï¸,netral
ğŸ’‚ğŸ¾â€â™‚ï¸,ğŸ’‚ğŸ¾â€â™‚ï¸,netral
ğŸ’‚ğŸ¿â€â™‚ï¸,ğŸ’‚ğŸ¿â€â™‚ï¸,netral
ğŸ’‚ğŸ»â€â™€ï¸,ğŸ’‚ğŸ»â€â™€ï¸,netral
ğŸ’‚ğŸ¼â€â™€ï¸,ğŸ’‚ğŸ¼â€â™€ï¸,netral
ğŸ’‚ğŸ½â€â™€ï¸,ğŸ’‚ğŸ½â€â™€ï¸,netral
ğŸ’‚ğŸ¾â€â™€ï¸,ğŸ’‚ğŸ¾â€â™€ï¸,netral
ğŸ’‚ğŸ¿â€â™€ï¸,ğŸ’‚ğŸ¿â€â™€ï¸,netral
ğŸ¥·ğŸ»,ğŸ¥·ğŸ»,netral
ğŸ¥·ğŸ¼,ğŸ¥·ğŸ¼,netral
ğŸ¥·ğŸ½,ğŸ¥·ğŸ½,netral
ğŸ¥·ğŸ¾,ğŸ¥·ğŸ¾,netral
ğŸ¥·ğŸ¿,ğŸ¥·ğŸ¿,netral
ğŸ‘·ğŸ»,ğŸ‘·ğŸ»,netral
ğŸ‘·ğŸ¼,ğŸ‘·ğŸ¼,netral
ğŸ‘·ğŸ½,ğŸ‘·ğŸ½,netral
ğŸ‘·ğŸ¾,ğŸ‘·ğŸ¾,netral
ğŸ‘·ğŸ¿,ğŸ‘·ğŸ¿,netral
ğŸ‘·ğŸ»â€â™‚ï¸,ğŸ‘·ğŸ»â€â™‚ï¸,netral
ğŸ‘·ğŸ¼â€â™‚ï¸,ğŸ‘·ğŸ¼â€â™‚ï¸,netral
ğŸ‘·ğŸ½â€â™‚ï¸,ğŸ‘·ğŸ½â€â™‚ï¸,netral
ğŸ‘·ğŸ¾â€â™‚ï¸,ğŸ‘·ğŸ¾â€â™‚ï¸,netral
ğŸ‘·ğŸ¿â€â™‚ï¸,ğŸ‘·ğŸ¿â€â™‚ï¸,netral
ğŸ‘·ğŸ»â€â™€ï¸,ğŸ‘·ğŸ»â€â™€ï¸,netral
ğŸ‘·ğŸ¼â€â™€ï¸,ğŸ‘·ğŸ¼â€â™€ï¸,netral
ğŸ‘·ğŸ½â€â™€ï¸,ğŸ‘·ğŸ½â€â™€ï¸,netral
ğŸ‘·ğŸ¾â€â™€ï¸,ğŸ‘·ğŸ¾â€â™€ï¸,netral
ğŸ‘·ğŸ¿â€â™€ï¸,ğŸ‘·ğŸ¿â€â™€ï¸,netral
ğŸ¤´ğŸ»,ğŸ¤´ğŸ»,netral
ğŸ¤´ğŸ¼,ğŸ¤´ğŸ¼,netral
ğŸ¤´ğŸ½,ğŸ¤´ğŸ½,netral
ğŸ¤´ğŸ¾,ğŸ¤´ğŸ¾,netral
ğŸ¤´ğŸ¿,ğŸ¤´ğŸ¿,netral
ğŸ‘¸ğŸ»,ğŸ‘¸ğŸ»,netral
ğŸ‘¸ğŸ¼,ğŸ‘¸ğŸ¼,netral
ğŸ‘¸ğŸ½,ğŸ‘¸ğŸ½,netral
ğŸ‘¸ğŸ¾,ğŸ‘¸ğŸ¾,netral
ğŸ‘¸ğŸ¿,ğŸ‘¸ğŸ¿,netral
ğŸ‘³ğŸ»,ğŸ‘³ğŸ»,netral
ğŸ‘³ğŸ¼,ğŸ‘³ğŸ¼,netral
ğŸ‘³ğŸ½,ğŸ‘³ğŸ½,netral
ğŸ‘³ğŸ¾,ğŸ‘³ğŸ¾,netral
ğŸ‘³ğŸ¿,ğŸ‘³ğŸ¿,netral
ğŸ‘³ğŸ»â€â™‚ï¸,ğŸ‘³ğŸ»â€â™‚ï¸,netral
ğŸ‘³ğŸ¼â€â™‚ï¸,ğŸ‘³ğŸ¼â€â™‚ï¸,netral
ğŸ‘³ğŸ½â€â™‚ï¸,ğŸ‘³ğŸ½â€â™‚ï¸,netral
ğŸ‘³ğŸ¾â€â™‚ï¸,ğŸ‘³ğŸ¾â€â™‚ï¸,netral
ğŸ‘³ğŸ¿â€â™‚ï¸,ğŸ‘³ğŸ¿â€â™‚ï¸,netral
ğŸ‘³ğŸ»â€â™€ï¸,ğŸ‘³ğŸ»â€â™€ï¸,netral
ğŸ‘³ğŸ¼â€â™€ï¸,ğŸ‘³ğŸ¼â€â™€ï¸,netral
ğŸ‘³ğŸ½â€â™€ï¸,ğŸ‘³ğŸ½â€â™€ï¸,netral
ğŸ‘³ğŸ¾â€â™€ï¸,ğŸ‘³ğŸ¾â€â™€ï¸,netral
ğŸ‘³ğŸ¿â€â™€ï¸,ğŸ‘³ğŸ¿â€â™€ï¸,netral
ğŸ‘²ğŸ»,ğŸ‘²ğŸ»,netral
ğŸ‘²ğŸ¼,ğŸ‘²ğŸ¼,netral
ğŸ‘²ğŸ½,ğŸ‘²ğŸ½,netral
ğŸ‘²ğŸ¾,ğŸ‘²ğŸ¾,netral
ğŸ‘²ğŸ¿,ğŸ‘²ğŸ¿,netral
ğŸ§•ğŸ»,ğŸ§•ğŸ»,netral
ğŸ§•ğŸ¼,ğŸ§•ğŸ¼,netral
ğŸ§•ğŸ½,ğŸ§•ğŸ½,netral
ğŸ§•ğŸ¾,ğŸ§•ğŸ¾,netral
ğŸ§•ğŸ¿,ğŸ§•ğŸ¿,netral
ğŸ¤µğŸ»,ğŸ¤µğŸ»,netral
ğŸ¤µğŸ¼,ğŸ¤µğŸ¼,netral
ğŸ¤µğŸ½,ğŸ¤µğŸ½,netral
ğŸ¤µğŸ¾,ğŸ¤µğŸ¾,netral
ğŸ¤µğŸ¿,ğŸ¤µğŸ¿,netral
ğŸ¤µğŸ»â€â™‚ï¸,ğŸ¤µğŸ»â€â™‚ï¸,netral
ğŸ¤µğŸ¼â€â™‚ï¸,ğŸ¤µğŸ¼â€â™‚ï¸,netral
ğŸ¤µğŸ½â€â™‚ï¸,ğŸ¤µğŸ½â€â™‚ï¸,netral
ğŸ¤µğŸ¾â€â™‚ï¸,ğŸ¤µğŸ¾â€â™‚ï¸,netral
ğŸ¤µğŸ¿â€â™‚ï¸,ğŸ¤µğŸ¿â€â™‚ï¸,netral
ğŸ¤µğŸ»â€â™€ï¸,ğŸ¤µğŸ»â€â™€ï¸,netral
ğŸ¤µğŸ¼â€â™€ï¸,ğŸ¤µğŸ¼â€â™€ï¸,netral
ğŸ¤µğŸ½â€â™€ï¸,ğŸ¤µğŸ½â€â™€ï¸,netral
ğŸ¤µğŸ¾â€â™€ï¸,ğŸ¤µğŸ¾â€â™€ï¸,netral
ğŸ¤µğŸ¿â€â™€ï¸,ğŸ¤µğŸ¿â€â™€ï¸,netral
ğŸ‘°ğŸ»,ğŸ‘°ğŸ»,netral
ğŸ‘°ğŸ¼,ğŸ‘°ğŸ¼,netral
ğŸ‘°ğŸ½,ğŸ‘°ğŸ½,netral
ğŸ‘°ğŸ¾,ğŸ‘°ğŸ¾,netral
ğŸ‘°ğŸ¿,ğŸ‘°ğŸ¿,netral
ğŸ‘°ğŸ»â€â™‚ï¸,ğŸ‘°ğŸ»â€â™‚ï¸,netral
ğŸ‘°ğŸ¼â€â™‚ï¸,ğŸ‘°ğŸ¼â€â™‚ï¸,netral
ğŸ‘°ğŸ½â€â™‚ï¸,ğŸ‘°ğŸ½â€â™‚ï¸,netral
ğŸ‘°ğŸ¾â€â™‚ï¸,ğŸ‘°ğŸ¾â€â™‚ï¸,netral
ğŸ‘°ğŸ¿â€â™‚ï¸,ğŸ‘°ğŸ¿â€â™‚ï¸,netral
ğŸ‘°ğŸ»â€â™€ï¸,ğŸ‘°ğŸ»â€â™€ï¸,netral
ğŸ‘°ğŸ¼â€â™€ï¸,ğŸ‘°ğŸ¼â€â™€ï¸,netral
ğŸ‘°ğŸ½â€â™€ï¸,ğŸ‘°ğŸ½â€â™€ï¸,netral
ğŸ‘°ğŸ¾â€â™€ï¸,ğŸ‘°ğŸ¾â€â™€ï¸,netral
ğŸ‘°ğŸ¿â€â™€ï¸,ğŸ‘°ğŸ¿â€â™€ï¸,netral
ğŸ¤°ğŸ»,ğŸ¤°ğŸ»,netral
ğŸ¤°ğŸ¼,ğŸ¤°ğŸ¼,netral
ğŸ¤°ğŸ½,ğŸ¤°ğŸ½,netral
ğŸ¤°ğŸ¾,ğŸ¤°ğŸ¾,netral
ğŸ¤°ğŸ¿,ğŸ¤°ğŸ¿,netral
ğŸ¤±ğŸ»,ğŸ¤±ğŸ»,netral
ğŸ¤±ğŸ¼,ğŸ¤±ğŸ¼,netral
ğŸ¤±ğŸ½,ğŸ¤±ğŸ½,netral
ğŸ¤±ğŸ¾,ğŸ¤±ğŸ¾,netral
ğŸ¤±ğŸ¿,ğŸ¤±ğŸ¿,netral
ğŸ‘©ğŸ»â€ğŸ¼,ğŸ‘©ğŸ»â€ğŸ¼,netral
ğŸ‘©ğŸ¼â€ğŸ¼,ğŸ‘©ğŸ¼â€ğŸ¼,netral
ğŸ‘©ğŸ½â€ğŸ¼,ğŸ‘©ğŸ½â€ğŸ¼,netral
ğŸ‘©ğŸ¾â€ğŸ¼,ğŸ‘©ğŸ¾â€ğŸ¼,netral
ğŸ‘©ğŸ¿â€ğŸ¼,ğŸ‘©ğŸ¿â€ğŸ¼,netral
ğŸ‘¨ğŸ»â€ğŸ¼,ğŸ‘¨ğŸ»â€ğŸ¼,netral
ğŸ‘¨ğŸ¼â€ğŸ¼,ğŸ‘¨ğŸ¼â€ğŸ¼,netral
ğŸ‘¨ğŸ½â€ğŸ¼,ğŸ‘¨ğŸ½â€ğŸ¼,netral
ğŸ‘¨ğŸ¾â€ğŸ¼,ğŸ‘¨ğŸ¾â€ğŸ¼,netral
ğŸ‘¨ğŸ¿â€ğŸ¼,ğŸ‘¨ğŸ¿â€ğŸ¼,netral
ğŸ§‘ğŸ»â€ğŸ¼,ğŸ§‘ğŸ»â€ğŸ¼,netral
ğŸ§‘ğŸ¼â€ğŸ¼,ğŸ§‘ğŸ¼â€ğŸ¼,netral
ğŸ§‘ğŸ½â€ğŸ¼,ğŸ§‘ğŸ½â€ğŸ¼,netral
ğŸ§‘ğŸ¾â€ğŸ¼,ğŸ§‘ğŸ¾â€ğŸ¼,netral
ğŸ§‘ğŸ¿â€ğŸ¼,ğŸ§‘ğŸ¿â€ğŸ¼,netral
ğŸ‘¼ğŸ»,ğŸ‘¼ğŸ»,netral
ğŸ‘¼ğŸ¼,ğŸ‘¼ğŸ¼,netral
ğŸ‘¼ğŸ½,ğŸ‘¼ğŸ½,netral
ğŸ‘¼ğŸ¾,ğŸ‘¼ğŸ¾,netral
ğŸ‘¼ğŸ¿,ğŸ‘¼ğŸ¿,netral
ğŸ…ğŸ»,ğŸ…ğŸ»,bahagia
ğŸ…ğŸ¼,ğŸ…ğŸ¼,bahagia
ğŸ…ğŸ½,ğŸ…ğŸ½,bahagia
ğŸ…ğŸ¾,ğŸ…ğŸ¾,bahagia
ğŸ…ğŸ¿,ğŸ…ğŸ¿,bahagia
ğŸ¤¶ğŸ»,ğŸ¤¶ğŸ»,netral
ğŸ¤¶ğŸ¼,ğŸ¤¶ğŸ¼,netral
ğŸ¤¶ğŸ½,ğŸ¤¶ğŸ½,netral
ğŸ¤¶ğŸ¾,ğŸ¤¶ğŸ¾,netral
ğŸ¤¶ğŸ¿,ğŸ¤¶ğŸ¿,netral
ğŸ§‘ğŸ»â€ğŸ„,ğŸ§‘ğŸ»â€ğŸ„,netral
ğŸ§‘ğŸ¼â€ğŸ„,ğŸ§‘ğŸ¼â€ğŸ„,netral
ğŸ§‘ğŸ½â€ğŸ„,ğŸ§‘ğŸ½â€ğŸ„,netral
ğŸ§‘ğŸ¾â€ğŸ„,ğŸ§‘ğŸ¾â€ğŸ„,netral
ğŸ§‘ğŸ¿â€ğŸ„,ğŸ§‘ğŸ¿â€ğŸ„,netral
ğŸ¦¸ğŸ»,ğŸ¦¸ğŸ»,netral
ğŸ¦¸ğŸ¼,ğŸ¦¸ğŸ¼,netral
ğŸ¦¸ğŸ½,ğŸ¦¸ğŸ½,netral
ğŸ¦¸ğŸ¾,ğŸ¦¸ğŸ¾,netral
ğŸ¦¸ğŸ¿,ğŸ¦¸ğŸ¿,netral
ğŸ¦¸ğŸ»â€â™‚ï¸,ğŸ¦¸ğŸ»â€â™‚ï¸,netral
ğŸ¦¸ğŸ¼â€â™‚ï¸,ğŸ¦¸ğŸ¼â€â™‚ï¸,netral
ğŸ¦¸ğŸ½â€â™‚ï¸,ğŸ¦¸ğŸ½â€â™‚ï¸,netral
ğŸ¦¸ğŸ¾â€â™‚ï¸,ğŸ¦¸ğŸ¾â€â™‚ï¸,netral
ğŸ¦¸ğŸ¿â€â™‚ï¸,ğŸ¦¸ğŸ¿â€â™‚ï¸,netral
ğŸ¦¸ğŸ»â€â™€ï¸,ğŸ¦¸ğŸ»â€â™€ï¸,netral
ğŸ¦¸ğŸ¼â€â™€ï¸,ğŸ¦¸ğŸ¼â€â™€ï¸,netral
ğŸ¦¸ğŸ½â€â™€ï¸,ğŸ¦¸ğŸ½â€â™€ï¸,netral
ğŸ¦¸ğŸ¾â€â™€ï¸,ğŸ¦¸ğŸ¾â€â™€ï¸,netral
ğŸ¦¸ğŸ¿â€â™€ï¸,ğŸ¦¸ğŸ¿â€â™€ï¸,netral
ğŸ¦¹ğŸ»,ğŸ¦¹ğŸ»,netral
ğŸ¦¹ğŸ¼,ğŸ¦¹ğŸ¼,netral
ğŸ¦¹ğŸ½,ğŸ¦¹ğŸ½,netral
ğŸ¦¹ğŸ¾,ğŸ¦¹ğŸ¾,netral
ğŸ¦¹ğŸ¿,ğŸ¦¹ğŸ¿,netral
ğŸ¦¹ğŸ»â€â™‚ï¸,ğŸ¦¹ğŸ»â€â™‚ï¸,netral
ğŸ¦¹ğŸ¼â€â™‚ï¸,ğŸ¦¹ğŸ¼â€â™‚ï¸,netral
ğŸ¦¹ğŸ½â€â™‚ï¸,ğŸ¦¹ğŸ½â€â™‚ï¸,netral
ğŸ¦¹ğŸ¾â€â™‚ï¸,ğŸ¦¹ğŸ¾â€â™‚ï¸,netral
ğŸ¦¹ğŸ¿â€â™‚ï¸,ğŸ¦¹ğŸ¿â€â™‚ï¸,netral
ğŸ¦¹ğŸ»â€â™€ï¸,ğŸ¦¹ğŸ»â€â™€ï¸,netral
ğŸ¦¹ğŸ¼â€â™€ï¸,ğŸ¦¹ğŸ¼â€â™€ï¸,netral
ğŸ¦¹ğŸ½â€â™€ï¸,ğŸ¦¹ğŸ½â€â™€ï¸,netral
ğŸ¦¹ğŸ¾â€â™€ï¸,ğŸ¦¹ğŸ¾â€â™€ï¸,netral
ğŸ¦¹ğŸ¿â€â™€ï¸,ğŸ¦¹ğŸ¿â€â™€ï¸,netral
ğŸ§™ğŸ»,ğŸ§™ğŸ»,netral
ğŸ§™ğŸ¼,ğŸ§™ğŸ¼,netral
ğŸ§™ğŸ½,ğŸ§™ğŸ½,netral
ğŸ§™ğŸ¾,ğŸ§™ğŸ¾,netral
ğŸ§™ğŸ¿,ğŸ§™ğŸ¿,netral
ğŸ§™ğŸ»â€â™‚ï¸,ğŸ§™ğŸ»â€â™‚ï¸,netral
ğŸ§™ğŸ¼â€â™‚ï¸,ğŸ§™ğŸ¼â€â™‚ï¸,netral
ğŸ§™ğŸ½â€â™‚ï¸,ğŸ§™ğŸ½â€â™‚ï¸,netral
ğŸ§™ğŸ¾â€â™‚ï¸,ğŸ§™ğŸ¾â€â™‚ï¸,netral
ğŸ§™ğŸ¿â€â™‚ï¸,ğŸ§™ğŸ¿â€â™‚ï¸,netral
ğŸ§™ğŸ»â€â™€ï¸,ğŸ§™ğŸ»â€â™€ï¸,netral
ğŸ§™ğŸ¼â€â™€ï¸,ğŸ§™ğŸ¼â€â™€ï¸,netral
ğŸ§™ğŸ½â€â™€ï¸,ğŸ§™ğŸ½â€â™€ï¸,netral
ğŸ§™ğŸ¾â€â™€ï¸,ğŸ§™ğŸ¾â€â™€ï¸,netral
ğŸ§™ğŸ¿â€â™€ï¸,ğŸ§™ğŸ¿â€â™€ï¸,netral
ğŸ§šğŸ»,ğŸ§šğŸ»,netral
ğŸ§šğŸ¼,ğŸ§šğŸ¼,netral
ğŸ§šğŸ½,ğŸ§šğŸ½,netral
ğŸ§šğŸ¾,ğŸ§šğŸ¾,netral
ğŸ§šğŸ¿,ğŸ§šğŸ¿,netral
ğŸ§šğŸ»â€â™‚ï¸,ğŸ§šğŸ»â€â™‚ï¸,netral
ğŸ§šğŸ¼â€â™‚ï¸,ğŸ§šğŸ¼â€â™‚ï¸,netral
ğŸ§šğŸ½â€â™‚ï¸,ğŸ§šğŸ½â€â™‚ï¸,netral
ğŸ§šğŸ¾â€â™‚ï¸,ğŸ§šğŸ¾â€â™‚ï¸,netral
ğŸ§šğŸ¿â€â™‚ï¸,ğŸ§šğŸ¿â€â™‚ï¸,netral
ğŸ§šğŸ»â€â™€ï¸,ğŸ§šğŸ»â€â™€ï¸,netral
ğŸ§šğŸ¼â€â™€ï¸,ğŸ§šğŸ¼â€â™€ï¸,netral
ğŸ§šğŸ½â€â™€ï¸,ğŸ§šğŸ½â€â™€ï¸,netral
ğŸ§šğŸ¾â€â™€ï¸,ğŸ§šğŸ¾â€â™€ï¸,netral
ğŸ§šğŸ¿â€â™€ï¸,ğŸ§šğŸ¿â€â™€ï¸,netral
ğŸ§›ğŸ»,ğŸ§›ğŸ»,netral
ğŸ§›ğŸ¼,ğŸ§›ğŸ¼,netral
ğŸ§›ğŸ½,ğŸ§›ğŸ½,netral
ğŸ§›ğŸ¾,ğŸ§›ğŸ¾,netral
ğŸ§›ğŸ¿,ğŸ§›ğŸ¿,netral
ğŸ§›ğŸ»â€â™‚ï¸,ğŸ§›ğŸ»â€â™‚ï¸,netral
ğŸ§›ğŸ¼â€â™‚ï¸,ğŸ§›ğŸ¼â€â™‚ï¸,netral
ğŸ§›ğŸ½â€â™‚ï¸,ğŸ§›ğŸ½â€â™‚ï¸,netral
ğŸ§›ğŸ¾â€â™‚ï¸,ğŸ§›ğŸ¾â€â™‚ï¸,netral
ğŸ§›ğŸ¿â€â™‚ï¸,ğŸ§›ğŸ¿â€â™‚ï¸,netral
ğŸ§›ğŸ»â€â™€ï¸,ğŸ§›ğŸ»â€â™€ï¸,netral
ğŸ§›ğŸ¼â€â™€ï¸,ğŸ§›ğŸ¼â€â™€ï¸,netral
ğŸ§›ğŸ½â€â™€ï¸,ğŸ§›ğŸ½â€â™€ï¸,netral
ğŸ§›ğŸ¾â€â™€ï¸,ğŸ§›ğŸ¾â€â™€ï¸,netral
ğŸ§›ğŸ¿â€â™€ï¸,ğŸ§›ğŸ¿â€â™€ï¸,netral
ğŸ§œğŸ»,ğŸ§œğŸ»,netral
ğŸ§œğŸ¼,ğŸ§œğŸ¼,netral
ğŸ§œğŸ½,ğŸ§œğŸ½,netral
ğŸ§œğŸ¾,ğŸ§œğŸ¾,netral
ğŸ§œğŸ¿,ğŸ§œğŸ¿,netral
ğŸ§œğŸ»â€â™‚ï¸,ğŸ§œğŸ»â€â™‚ï¸,netral
ğŸ§œğŸ¼â€â™‚ï¸,ğŸ§œğŸ¼â€â™‚ï¸,netral
ğŸ§œğŸ½â€â™‚ï¸,ğŸ§œğŸ½â€â™‚ï¸,netral
ğŸ§œğŸ¾â€â™‚ï¸,ğŸ§œğŸ¾â€â™‚ï¸,netral
ğŸ§œğŸ¿â€â™‚ï¸,ğŸ§œğŸ¿â€â™‚ï¸,netral
ğŸ§œğŸ»â€â™€ï¸,ğŸ§œğŸ»â€â™€ï¸,netral
ğŸ§œğŸ¼â€â™€ï¸,ğŸ§œğŸ¼â€â™€ï¸,netral
ğŸ§œğŸ½â€â™€ï¸,ğŸ§œğŸ½â€â™€ï¸,netral
ğŸ§œğŸ¾â€â™€ï¸,ğŸ§œğŸ¾â€â™€ï¸,netral
ğŸ§œğŸ¿â€â™€ï¸,ğŸ§œğŸ¿â€â™€ï¸,netral
ğŸ§ğŸ»,ğŸ§ğŸ»,netral
ğŸ§ğŸ¼,ğŸ§ğŸ¼,netral
ğŸ§ğŸ½,ğŸ§ğŸ½,netral
ğŸ§ğŸ¾,ğŸ§ğŸ¾,netral
ğŸ§ğŸ¿,ğŸ§ğŸ¿,netral
ğŸ§ğŸ»â€â™‚ï¸,ğŸ§ğŸ»â€â™‚ï¸,netral
ğŸ§ğŸ¼â€â™‚ï¸,ğŸ§ğŸ¼â€â™‚ï¸,netral
ğŸ§ğŸ½â€â™‚ï¸,ğŸ§ğŸ½â€â™‚ï¸,netral
ğŸ§ğŸ¾â€â™‚ï¸,ğŸ§ğŸ¾â€â™‚ï¸,netral
ğŸ§ğŸ¿â€â™‚ï¸,ğŸ§ğŸ¿â€â™‚ï¸,netral
ğŸ§ğŸ»â€â™€ï¸,ğŸ§ğŸ»â€â™€ï¸,netral
ğŸ§ğŸ¼â€â™€ï¸,ğŸ§ğŸ¼â€â™€ï¸,netral
ğŸ§ğŸ½â€â™€ï¸,ğŸ§ğŸ½â€â™€ï¸,netral
ğŸ§ğŸ¾â€â™€ï¸,ğŸ§ğŸ¾â€â™€ï¸,netral
ğŸ§ğŸ¿â€â™€ï¸,ğŸ§ğŸ¿â€â™€ï¸,netral
ğŸ’†ğŸ»,ğŸ’†ğŸ»,netral
ğŸ’†ğŸ¼,ğŸ’†ğŸ¼,netral
ğŸ’†ğŸ½,ğŸ’†ğŸ½,netral
ğŸ’†ğŸ¾,ğŸ’†ğŸ¾,netral
ğŸ’†ğŸ¿,ğŸ’†ğŸ¿,netral
ğŸ’†ğŸ»â€â™‚ï¸,ğŸ’†ğŸ»â€â™‚ï¸,netral
ğŸ’†ğŸ¼â€â™‚ï¸,ğŸ’†ğŸ¼â€â™‚ï¸,netral
ğŸ’†ğŸ½â€â™‚ï¸,ğŸ’†ğŸ½â€â™‚ï¸,netral
ğŸ’†ğŸ¾â€â™‚ï¸,ğŸ’†ğŸ¾â€â™‚ï¸,netral
ğŸ’†ğŸ¿â€â™‚ï¸,ğŸ’†ğŸ¿â€â™‚ï¸,netral
ğŸ’†ğŸ»â€â™€ï¸,ğŸ’†ğŸ»â€â™€ï¸,netral
ğŸ’†ğŸ¼â€â™€ï¸,ğŸ’†ğŸ¼â€â™€ï¸,netral
ğŸ’†ğŸ½â€â™€ï¸,ğŸ’†ğŸ½â€â™€ï¸,netral
ğŸ’†ğŸ¾â€â™€ï¸,ğŸ’†ğŸ¾â€â™€ï¸,netral
ğŸ’†ğŸ¿â€â™€ï¸,ğŸ’†ğŸ¿â€â™€ï¸,netral
ğŸ’‡ğŸ»,ğŸ’‡ğŸ»,netral
ğŸ’‡ğŸ¼,ğŸ’‡ğŸ¼,netral
ğŸ’‡ğŸ½,ğŸ’‡ğŸ½,netral
ğŸ’‡ğŸ¾,ğŸ’‡ğŸ¾,netral
ğŸ’‡ğŸ¿,ğŸ’‡ğŸ¿,netral
ğŸ’‡ğŸ»â€â™‚ï¸,ğŸ’‡ğŸ»â€â™‚ï¸,netral
ğŸ’‡ğŸ¼â€â™‚ï¸,ğŸ’‡ğŸ¼â€â™‚ï¸,netral
ğŸ’‡ğŸ½â€â™‚ï¸,ğŸ’‡ğŸ½â€â™‚ï¸,netral
ğŸ’‡ğŸ¾â€â™‚ï¸,ğŸ’‡ğŸ¾â€â™‚ï¸,netral
ğŸ’‡ğŸ¿â€â™‚ï¸,ğŸ’‡ğŸ¿â€â™‚ï¸,netral
ğŸ’‡ğŸ»â€â™€ï¸,ğŸ’‡ğŸ»â€â™€ï¸,netral
ğŸ’‡ğŸ¼â€â™€ï¸,ğŸ’‡ğŸ¼â€â™€ï¸,netral
ğŸ’‡ğŸ½â€â™€ï¸,ğŸ’‡ğŸ½â€â™€ï¸,netral
ğŸ’‡ğŸ¾â€â™€ï¸,ğŸ’‡ğŸ¾â€â™€ï¸,netral
ğŸ’‡ğŸ¿â€â™€ï¸,ğŸ’‡ğŸ¿â€â™€ï¸,netral
ğŸš¶ğŸ»,ğŸš¶ğŸ»,netral
ğŸš¶ğŸ¼,ğŸš¶ğŸ¼,netral
ğŸš¶ğŸ½,ğŸš¶ğŸ½,netral
ğŸš¶ğŸ¾,ğŸš¶ğŸ¾,netral
ğŸš¶ğŸ¿,ğŸš¶ğŸ¿,netral
ğŸš¶ğŸ»â€â™‚ï¸,ğŸš¶ğŸ»â€â™‚ï¸,netral
ğŸš¶ğŸ¼â€â™‚ï¸,ğŸš¶ğŸ¼â€â™‚ï¸,netral
ğŸš¶ğŸ½â€â™‚ï¸,ğŸš¶ğŸ½â€â™‚ï¸,netral
ğŸš¶ğŸ¾â€â™‚ï¸,ğŸš¶ğŸ¾â€â™‚ï¸,netral
ğŸš¶ğŸ¿â€â™‚ï¸,ğŸš¶ğŸ¿â€â™‚ï¸,netral
ğŸš¶ğŸ»â€â™€ï¸,ğŸš¶ğŸ»â€â™€ï¸,netral
ğŸš¶ğŸ¼â€â™€ï¸,ğŸš¶ğŸ¼â€â™€ï¸,netral
ğŸš¶ğŸ½â€â™€ï¸,ğŸš¶ğŸ½â€â™€ï¸,netral
ğŸš¶ğŸ¾â€â™€ï¸,ğŸš¶ğŸ¾â€â™€ï¸,netral
ğŸš¶ğŸ¿â€â™€ï¸,ğŸš¶ğŸ¿â€â™€ï¸,netral
ğŸ§ğŸ»,ğŸ§ğŸ»,netral
ğŸ§ğŸ¼,ğŸ§ğŸ¼,netral
ğŸ§ğŸ½,ğŸ§ğŸ½,netral
ğŸ§ğŸ¾,ğŸ§ğŸ¾,netral
ğŸ§ğŸ¿,ğŸ§ğŸ¿,netral
ğŸ§ğŸ»â€â™‚ï¸,ğŸ§ğŸ»â€â™‚ï¸,netral
ğŸ§ğŸ¼â€â™‚ï¸,ğŸ§ğŸ¼â€â™‚ï¸,netral
ğŸ§ğŸ½â€â™‚ï¸,ğŸ§ğŸ½â€â™‚ï¸,netral
ğŸ§ğŸ¾â€â™‚ï¸,ğŸ§ğŸ¾â€â™‚ï¸,netral
ğŸ§ğŸ¿â€â™‚ï¸,ğŸ§ğŸ¿â€â™‚ï¸,netral
ğŸ§ğŸ»â€â™€ï¸,ğŸ§ğŸ»â€â™€ï¸,netral
ğŸ§ğŸ¼â€â™€ï¸,ğŸ§ğŸ¼â€â™€ï¸,netral
ğŸ§ğŸ½â€â™€ï¸,ğŸ§ğŸ½â€â™€ï¸,netral
ğŸ§ğŸ¾â€â™€ï¸,ğŸ§ğŸ¾â€â™€ï¸,netral
ğŸ§ğŸ¿â€â™€ï¸,ğŸ§ğŸ¿â€â™€ï¸,netral
ğŸ§ğŸ»,ğŸ§ğŸ»,netral
ğŸ§ğŸ¼,ğŸ§ğŸ¼,netral
ğŸ§ğŸ½,ğŸ§ğŸ½,netral
ğŸ§ğŸ¾,ğŸ§ğŸ¾,netral
ğŸ§ğŸ¿,ğŸ§ğŸ¿,netral
ğŸ§ğŸ»â€â™‚ï¸,ğŸ§ğŸ»â€â™‚ï¸,netral
ğŸ§ğŸ¼â€â™‚ï¸,ğŸ§ğŸ¼â€â™‚ï¸,netral
ğŸ§ğŸ½â€â™‚ï¸,ğŸ§ğŸ½â€â™‚ï¸,netral
ğŸ§ğŸ¾â€â™‚ï¸,ğŸ§ğŸ¾â€â™‚ï¸,netral
ğŸ§ğŸ¿â€â™‚ï¸,ğŸ§ğŸ¿â€â™‚ï¸,netral
ğŸ§ğŸ»â€â™€ï¸,ğŸ§ğŸ»â€â™€ï¸,netral
ğŸ§ğŸ¼â€â™€ï¸,ğŸ§ğŸ¼â€â™€ï¸,netral
ğŸ§ğŸ½â€â™€ï¸,ğŸ§ğŸ½â€â™€ï¸,netral
ğŸ§ğŸ¾â€â™€ï¸,ğŸ§ğŸ¾â€â™€ï¸,netral
ğŸ§ğŸ¿â€â™€ï¸,ğŸ§ğŸ¿â€â™€ï¸,netral
ğŸ§‘ğŸ»â€ğŸ¦¯,ğŸ§‘ğŸ»â€ğŸ¦¯,netral
ğŸ§‘ğŸ¼â€ğŸ¦¯,ğŸ§‘ğŸ¼â€ğŸ¦¯,netral
ğŸ§‘ğŸ½â€ğŸ¦¯,ğŸ§‘ğŸ½â€ğŸ¦¯,netral
ğŸ§‘ğŸ¾â€ğŸ¦¯,ğŸ§‘ğŸ¾â€ğŸ¦¯,netral
ğŸ§‘ğŸ¿â€ğŸ¦¯,ğŸ§‘ğŸ¿â€ğŸ¦¯,netral
ğŸ‘¨ğŸ»â€ğŸ¦¯,ğŸ‘¨ğŸ»â€ğŸ¦¯,netral
ğŸ‘¨ğŸ¼â€ğŸ¦¯,ğŸ‘¨ğŸ¼â€ğŸ¦¯,netral
ğŸ‘¨ğŸ½â€ğŸ¦¯,ğŸ‘¨ğŸ½â€ğŸ¦¯,netral
ğŸ‘¨ğŸ¾â€ğŸ¦¯,ğŸ‘¨ğŸ¾â€ğŸ¦¯,netral
ğŸ‘¨ğŸ¿â€ğŸ¦¯,ğŸ‘¨ğŸ¿â€ğŸ¦¯,netral
ğŸ‘©ğŸ»â€ğŸ¦¯,ğŸ‘©ğŸ»â€ğŸ¦¯,netral
ğŸ‘©ğŸ¼â€ğŸ¦¯,ğŸ‘©ğŸ¼â€ğŸ¦¯,netral
ğŸ‘©ğŸ½â€ğŸ¦¯,ğŸ‘©ğŸ½â€ğŸ¦¯,netral
ğŸ‘©ğŸ¾â€ğŸ¦¯,ğŸ‘©ğŸ¾â€ğŸ¦¯,netral
ğŸ‘©ğŸ¿â€ğŸ¦¯,ğŸ‘©ğŸ¿â€ğŸ¦¯,netral
ğŸ§‘ğŸ»â€ğŸ¦¼,ğŸ§‘ğŸ»â€ğŸ¦¼,netral
ğŸ§‘ğŸ¼â€ğŸ¦¼,ğŸ§‘ğŸ¼â€ğŸ¦¼,netral
ğŸ§‘ğŸ½â€ğŸ¦¼,ğŸ§‘ğŸ½â€ğŸ¦¼,netral
ğŸ§‘ğŸ¾â€ğŸ¦¼,ğŸ§‘ğŸ¾â€ğŸ¦¼,netral
ğŸ§‘ğŸ¿â€ğŸ¦¼,ğŸ§‘ğŸ¿â€ğŸ¦¼,netral
ğŸ‘¨ğŸ»â€ğŸ¦¼,ğŸ‘¨ğŸ»â€ğŸ¦¼,netral
ğŸ‘¨ğŸ¼â€ğŸ¦¼,ğŸ‘¨ğŸ¼â€ğŸ¦¼,netral
ğŸ‘¨ğŸ½â€ğŸ¦¼,ğŸ‘¨ğŸ½â€ğŸ¦¼,netral
ğŸ‘¨ğŸ¾â€ğŸ¦¼,ğŸ‘¨ğŸ¾â€ğŸ¦¼,netral
ğŸ‘¨ğŸ¿â€ğŸ¦¼,ğŸ‘¨ğŸ¿â€ğŸ¦¼,netral
ğŸ‘©ğŸ»â€ğŸ¦¼,ğŸ‘©ğŸ»â€ğŸ¦¼,netral
ğŸ‘©ğŸ¼â€ğŸ¦¼,ğŸ‘©ğŸ¼â€ğŸ¦¼,netral
ğŸ‘©ğŸ½â€ğŸ¦¼,ğŸ‘©ğŸ½â€ğŸ¦¼,netral
ğŸ‘©ğŸ¾â€ğŸ¦¼,ğŸ‘©ğŸ¾â€ğŸ¦¼,netral
ğŸ‘©ğŸ¿â€ğŸ¦¼,ğŸ‘©ğŸ¿â€ğŸ¦¼,netral
ğŸ§‘ğŸ»â€ğŸ¦½,ğŸ§‘ğŸ»â€ğŸ¦½,netral
ğŸ§‘ğŸ¼â€ğŸ¦½,ğŸ§‘ğŸ¼â€ğŸ¦½,netral
ğŸ§‘ğŸ½â€ğŸ¦½,ğŸ§‘ğŸ½â€ğŸ¦½,netral
ğŸ§‘ğŸ¾â€ğŸ¦½,ğŸ§‘ğŸ¾â€ğŸ¦½,netral
ğŸ§‘ğŸ¿â€ğŸ¦½,ğŸ§‘ğŸ¿â€ğŸ¦½,netral
ğŸ‘¨ğŸ»â€ğŸ¦½,ğŸ‘¨ğŸ»â€ğŸ¦½,netral
ğŸ‘¨ğŸ¼â€ğŸ¦½,ğŸ‘¨ğŸ¼â€ğŸ¦½,netral
ğŸ‘¨ğŸ½â€ğŸ¦½,ğŸ‘¨ğŸ½â€ğŸ¦½,netral
ğŸ‘¨ğŸ¾â€ğŸ¦½,ğŸ‘¨ğŸ¾â€ğŸ¦½,netral
ğŸ‘¨ğŸ¿â€ğŸ¦½,ğŸ‘¨ğŸ¿â€ğŸ¦½,netral
ğŸ‘©ğŸ»â€ğŸ¦½,ğŸ‘©ğŸ»â€ğŸ¦½,netral
ğŸ‘©ğŸ¼â€ğŸ¦½,ğŸ‘©ğŸ¼â€ğŸ¦½,netral
ğŸ‘©ğŸ½â€ğŸ¦½,ğŸ‘©ğŸ½â€ğŸ¦½,netral
ğŸ‘©ğŸ¾â€ğŸ¦½,ğŸ‘©ğŸ¾â€ğŸ¦½,netral
ğŸ‘©ğŸ¿â€ğŸ¦½,ğŸ‘©ğŸ¿â€ğŸ¦½,netral
ğŸƒğŸ»,ğŸƒğŸ»,netral
ğŸƒğŸ¼,ğŸƒğŸ¼,netral
ğŸƒğŸ½,ğŸƒğŸ½,netral
ğŸƒğŸ¾,ğŸƒğŸ¾,netral
ğŸƒğŸ¿,ğŸƒğŸ¿,netral
ğŸƒğŸ»â€â™‚ï¸,ğŸƒğŸ»â€â™‚ï¸,netral
ğŸƒğŸ¼â€â™‚ï¸,ğŸƒğŸ¼â€â™‚ï¸,netral
ğŸƒğŸ½â€â™‚ï¸,ğŸƒğŸ½â€â™‚ï¸,netral
ğŸƒğŸ¾â€â™‚ï¸,ğŸƒğŸ¾â€â™‚ï¸,netral
ğŸƒğŸ¿â€â™‚ï¸,ğŸƒğŸ¿â€â™‚ï¸,netral
ğŸƒğŸ»â€â™€ï¸,ğŸƒğŸ»â€â™€ï¸,netral
ğŸƒğŸ¼â€â™€ï¸,ğŸƒğŸ¼â€â™€ï¸,netral
ğŸƒğŸ½â€â™€ï¸,ğŸƒğŸ½â€â™€ï¸,netral
ğŸƒğŸ¾â€â™€ï¸,ğŸƒğŸ¾â€â™€ï¸,netral
ğŸƒğŸ¿â€â™€ï¸,ğŸƒğŸ¿â€â™€ï¸,netral
ğŸ’ƒğŸ»,ğŸ’ƒğŸ»,bahagia
ğŸ’ƒğŸ¼,ğŸ’ƒğŸ¼,bahagia
ğŸ’ƒğŸ½,ğŸ’ƒğŸ½,bahagia
ğŸ’ƒğŸ¾,ğŸ’ƒğŸ¾,bahagia
ğŸ’ƒğŸ¿,ğŸ’ƒğŸ¿,bahagia
ğŸ•ºğŸ»,ğŸ•ºğŸ»,netral
ğŸ•ºğŸ¼,ğŸ•ºğŸ¼,netral
ğŸ•ºğŸ½,ğŸ•ºğŸ½,netral
ğŸ•ºğŸ¾,ğŸ•ºğŸ¾,netral
ğŸ•ºğŸ¿,ğŸ•ºğŸ¿,netral
ğŸ•´ğŸ»,ğŸ•´ğŸ»,netral
ğŸ•´ğŸ¼,ğŸ•´ğŸ¼,netral
ğŸ•´ğŸ½,ğŸ•´ğŸ½,netral
ğŸ•´ğŸ¾,ğŸ•´ğŸ¾,netral
ğŸ•´ğŸ¿,ğŸ•´ğŸ¿,netral
ğŸ§–ğŸ»,ğŸ§–ğŸ»,netral
ğŸ§–ğŸ¼,ğŸ§–ğŸ¼,netral
ğŸ§–ğŸ½,ğŸ§–ğŸ½,netral
ğŸ§–ğŸ¾,ğŸ§–ğŸ¾,netral
ğŸ§–ğŸ¿,ğŸ§–ğŸ¿,netral
ğŸ§–ğŸ»â€â™‚ï¸,ğŸ§–ğŸ»â€â™‚ï¸,netral
ğŸ§–ğŸ¼â€â™‚ï¸,ğŸ§–ğŸ¼â€â™‚ï¸,netral
ğŸ§–ğŸ½â€â™‚ï¸,ğŸ§–ğŸ½â€â™‚ï¸,netral
ğŸ§–ğŸ¾â€â™‚ï¸,ğŸ§–ğŸ¾â€â™‚ï¸,netral
ğŸ§–ğŸ¿â€â™‚ï¸,ğŸ§–ğŸ¿â€â™‚ï¸,netral
ğŸ§–ğŸ»â€â™€ï¸,ğŸ§–ğŸ»â€â™€ï¸,netral
ğŸ§–ğŸ¼â€â™€ï¸,ğŸ§–ğŸ¼â€â™€ï¸,netral
ğŸ§–ğŸ½â€â™€ï¸,ğŸ§–ğŸ½â€â™€ï¸,netral
ğŸ§–ğŸ¾â€â™€ï¸,ğŸ§–ğŸ¾â€â™€ï¸,netral
ğŸ§–ğŸ¿â€â™€ï¸,ğŸ§–ğŸ¿â€â™€ï¸,netral
ğŸ§—ğŸ»,ğŸ§—ğŸ»,netral
ğŸ§—ğŸ¼,ğŸ§—ğŸ¼,netral
ğŸ§—ğŸ½,ğŸ§—ğŸ½,netral
ğŸ§—ğŸ¾,ğŸ§—ğŸ¾,netral
ğŸ§—ğŸ¿,ğŸ§—ğŸ¿,netral
ğŸ§—ğŸ»â€â™‚ï¸,ğŸ§—ğŸ»â€â™‚ï¸,netral
ğŸ§—ğŸ¼â€â™‚ï¸,ğŸ§—ğŸ¼â€â™‚ï¸,netral
ğŸ§—ğŸ½â€â™‚ï¸,ğŸ§—ğŸ½â€â™‚ï¸,netral
ğŸ§—ğŸ¾â€â™‚ï¸,ğŸ§—ğŸ¾â€â™‚ï¸,netral
ğŸ§—ğŸ¿â€â™‚ï¸,ğŸ§—ğŸ¿â€â™‚ï¸,netral
ğŸ§—ğŸ»â€â™€ï¸,ğŸ§—ğŸ»â€â™€ï¸,netral
ğŸ§—ğŸ¼â€â™€ï¸,ğŸ§—ğŸ¼â€â™€ï¸,netral
ğŸ§—ğŸ½â€â™€ï¸,ğŸ§—ğŸ½â€â™€ï¸,netral
ğŸ§—ğŸ¾â€â™€ï¸,ğŸ§—ğŸ¾â€â™€ï¸,netral
ğŸ§—ğŸ¿â€â™€ï¸,ğŸ§—ğŸ¿â€â™€ï¸,netral
ğŸ‡ğŸ»,ğŸ‡ğŸ»,netral
ğŸ‡ğŸ¼,ğŸ‡ğŸ¼,netral
ğŸ‡ğŸ½,ğŸ‡ğŸ½,netral
ğŸ‡ğŸ¾,ğŸ‡ğŸ¾,netral
ğŸ‡ğŸ¿,ğŸ‡ğŸ¿,netral
ğŸ‚ğŸ»,ğŸ‚ğŸ»,netral
ğŸ‚ğŸ¼,ğŸ‚ğŸ¼,netral
ğŸ‚ğŸ½,ğŸ‚ğŸ½,netral
ğŸ‚ğŸ¾,ğŸ‚ğŸ¾,netral
ğŸ‚ğŸ¿,ğŸ‚ğŸ¿,netral
ğŸŒğŸ»,ğŸŒğŸ»,netral
ğŸŒğŸ¼,ğŸŒğŸ¼,netral
ğŸŒğŸ½,ğŸŒğŸ½,netral
ğŸŒğŸ¾,ğŸŒğŸ¾,netral
ğŸŒğŸ¿,ğŸŒğŸ¿,netral
ğŸŒğŸ»â€â™‚ï¸,ğŸŒğŸ»â€â™‚ï¸,netral
ğŸŒğŸ¼â€â™‚ï¸,ğŸŒğŸ¼â€â™‚ï¸,netral
ğŸŒğŸ½â€â™‚ï¸,ğŸŒğŸ½â€â™‚ï¸,netral
ğŸŒğŸ¾â€â™‚ï¸,ğŸŒğŸ¾â€â™‚ï¸,netral
ğŸŒğŸ¿â€â™‚ï¸,ğŸŒğŸ¿â€â™‚ï¸,netral
ğŸŒğŸ»â€â™€ï¸,ğŸŒğŸ»â€â™€ï¸,netral
ğŸŒğŸ¼â€â™€ï¸,ğŸŒğŸ¼â€â™€ï¸,netral
ğŸŒğŸ½â€â™€ï¸,ğŸŒğŸ½â€â™€ï¸,netral
ğŸŒğŸ¾â€â™€ï¸,ğŸŒğŸ¾â€â™€ï¸,netral
ğŸŒğŸ¿â€â™€ï¸,ğŸŒğŸ¿â€â™€ï¸,netral
ğŸ„ğŸ»,ğŸ„ğŸ»,netral
ğŸ„ğŸ¼,ğŸ„ğŸ¼,netral
ğŸ„ğŸ½,ğŸ„ğŸ½,netral
ğŸ„ğŸ¾,ğŸ„ğŸ¾,netral
ğŸ„ğŸ¿,ğŸ„ğŸ¿,netral
ğŸ„ğŸ»â€â™‚ï¸,ğŸ„ğŸ»â€â™‚ï¸,netral
ğŸ„ğŸ¼â€â™‚ï¸,ğŸ„ğŸ¼â€â™‚ï¸,netral
ğŸ„ğŸ½â€â™‚ï¸,ğŸ„ğŸ½â€â™‚ï¸,netral
ğŸ„ğŸ¾â€â™‚ï¸,ğŸ„ğŸ¾â€â™‚ï¸,netral
ğŸ„ğŸ¿â€â™‚ï¸,ğŸ„ğŸ¿â€â™‚ï¸,netral
ğŸ„ğŸ»â€â™€ï¸,ğŸ„ğŸ»â€â™€ï¸,netral
ğŸ„ğŸ¼â€â™€ï¸,ğŸ„ğŸ¼â€â™€ï¸,netral
ğŸ„ğŸ½â€â™€ï¸,ğŸ„ğŸ½â€â™€ï¸,netral
ğŸ„ğŸ¾â€â™€ï¸,ğŸ„ğŸ¾â€â™€ï¸,netral
ğŸ„ğŸ¿â€â™€ï¸,ğŸ„ğŸ¿â€â™€ï¸,netral
ğŸš£ğŸ»,ğŸš£ğŸ»,netral
ğŸš£ğŸ¼,ğŸš£ğŸ¼,netral
ğŸš£ğŸ½,ğŸš£ğŸ½,netral
ğŸš£ğŸ¾,ğŸš£ğŸ¾,netral
ğŸš£ğŸ¿,ğŸš£ğŸ¿,netral
ğŸš£ğŸ»â€â™‚ï¸,ğŸš£ğŸ»â€â™‚ï¸,netral
ğŸš£ğŸ¼â€â™‚ï¸,ğŸš£ğŸ¼â€â™‚ï¸,netral
ğŸš£ğŸ½â€â™‚ï¸,ğŸš£ğŸ½â€â™‚ï¸,netral
ğŸš£ğŸ¾â€â™‚ï¸,ğŸš£ğŸ¾â€â™‚ï¸,netral
ğŸš£ğŸ¿â€â™‚ï¸,ğŸš£ğŸ¿â€â™‚ï¸,netral
ğŸš£ğŸ»â€â™€ï¸,ğŸš£ğŸ»â€â™€ï¸,netral
ğŸš£ğŸ¼â€â™€ï¸,ğŸš£ğŸ¼â€â™€ï¸,netral
ğŸš£ğŸ½â€â™€ï¸,ğŸš£ğŸ½â€â™€ï¸,netral
ğŸš£ğŸ¾â€â™€ï¸,ğŸš£ğŸ¾â€â™€ï¸,netral
ğŸš£ğŸ¿â€â™€ï¸,ğŸš£ğŸ¿â€â™€ï¸,netral
ğŸŠğŸ»,ğŸŠğŸ»,netral
ğŸŠğŸ¼,ğŸŠğŸ¼,netral
ğŸŠğŸ½,ğŸŠğŸ½,netral
ğŸŠğŸ¾,ğŸŠğŸ¾,netral
ğŸŠğŸ¿,ğŸŠğŸ¿,netral
ğŸŠğŸ»â€â™‚ï¸,ğŸŠğŸ»â€â™‚ï¸,netral
ğŸŠğŸ¼â€â™‚ï¸,ğŸŠğŸ¼â€â™‚ï¸,netral
ğŸŠğŸ½â€â™‚ï¸,ğŸŠğŸ½â€â™‚ï¸,netral
ğŸŠğŸ¾â€â™‚ï¸,ğŸŠğŸ¾â€â™‚ï¸,netral
ğŸŠğŸ¿â€â™‚ï¸,ğŸŠğŸ¿â€â™‚ï¸,netral
ğŸŠğŸ»â€â™€ï¸,ğŸŠğŸ»â€â™€ï¸,netral
ğŸŠğŸ¼â€â™€ï¸,ğŸŠğŸ¼â€â™€ï¸,netral
ğŸŠğŸ½â€â™€ï¸,ğŸŠğŸ½â€â™€ï¸,netral
ğŸŠğŸ¾â€â™€ï¸,ğŸŠğŸ¾â€â™€ï¸,netral
ğŸŠğŸ¿â€â™€ï¸,ğŸŠğŸ¿â€â™€ï¸,netral
â›¹ğŸ»,â›¹ğŸ»,netral
â›¹ğŸ¼,â›¹ğŸ¼,netral
â›¹ğŸ½,â›¹ğŸ½,netral
â›¹ğŸ¾,â›¹ğŸ¾,netral
â›¹ğŸ¿,â›¹ğŸ¿,netral
â›¹ğŸ»â€â™‚ï¸,â›¹ğŸ»â€â™‚ï¸,netral
â›¹ğŸ¼â€â™‚ï¸,â›¹ğŸ¼â€â™‚ï¸,netral
â›¹ğŸ½â€â™‚ï¸,â›¹ğŸ½â€â™‚ï¸,netral
â›¹ğŸ¾â€â™‚ï¸,â›¹ğŸ¾â€â™‚ï¸,netral
â›¹ğŸ¿â€â™‚ï¸,â›¹ğŸ¿â€â™‚ï¸,netral
â›¹ğŸ»â€â™€ï¸,â›¹ğŸ»â€â™€ï¸,netral
â›¹ğŸ¼â€â™€ï¸,â›¹ğŸ¼â€â™€ï¸,netral
â›¹ğŸ½â€â™€ï¸,â›¹ğŸ½â€â™€ï¸,netral
â›¹ğŸ¾â€â™€ï¸,â›¹ğŸ¾â€â™€ï¸,netral
â›¹ğŸ¿â€â™€ï¸,â›¹ğŸ¿â€â™€ï¸,netral
ğŸ‹ğŸ»,ğŸ‹ğŸ»,netral
ğŸ‹ğŸ¼,ğŸ‹ğŸ¼,netral
ğŸ‹ğŸ½,ğŸ‹ğŸ½,netral
ğŸ‹ğŸ¾,ğŸ‹ğŸ¾,netral
ğŸ‹ğŸ¿,ğŸ‹ğŸ¿,netral
ğŸ‹ğŸ»â€â™‚ï¸,ğŸ‹ğŸ»â€â™‚ï¸,netral
ğŸ‹ğŸ¼â€â™‚ï¸,ğŸ‹ğŸ¼â€â™‚ï¸,netral
ğŸ‹ğŸ½â€â™‚ï¸,ğŸ‹ğŸ½â€â™‚ï¸,netral
ğŸ‹ğŸ¾â€â™‚ï¸,ğŸ‹ğŸ¾â€â™‚ï¸,netral
ğŸ‹ğŸ¿â€â™‚ï¸,ğŸ‹ğŸ¿â€â™‚ï¸,netral
ğŸ‹ğŸ»â€â™€ï¸,ğŸ‹ğŸ»â€â™€ï¸,netral
ğŸ‹ğŸ¼â€â™€ï¸,ğŸ‹ğŸ¼â€â™€ï¸,netral
ğŸ‹ğŸ½â€â™€ï¸,ğŸ‹ğŸ½â€â™€ï¸,netral
ğŸ‹ğŸ¾â€â™€ï¸,ğŸ‹ğŸ¾â€â™€ï¸,netral
ğŸ‹ğŸ¿â€â™€ï¸,ğŸ‹ğŸ¿â€â™€ï¸,netral
ğŸš´ğŸ»,ğŸš´ğŸ»,netral
ğŸš´ğŸ¼,ğŸš´ğŸ¼,netral
ğŸš´ğŸ½,ğŸš´ğŸ½,netral
ğŸš´ğŸ¾,ğŸš´ğŸ¾,netral
ğŸš´ğŸ¿,ğŸš´ğŸ¿,netral
ğŸš´ğŸ»â€â™‚ï¸,ğŸš´ğŸ»â€â™‚ï¸,netral
ğŸš´ğŸ¼â€â™‚ï¸,ğŸš´ğŸ¼â€â™‚ï¸,netral
ğŸš´ğŸ½â€â™‚ï¸,ğŸš´ğŸ½â€â™‚ï¸,netral
ğŸš´ğŸ¾â€â™‚ï¸,ğŸš´ğŸ¾â€â™‚ï¸,netral
ğŸš´ğŸ¿â€â™‚ï¸,ğŸš´ğŸ¿â€â™‚ï¸,netral
ğŸš´ğŸ»â€â™€ï¸,ğŸš´ğŸ»â€â™€ï¸,netral
ğŸš´ğŸ¼â€â™€ï¸,ğŸš´ğŸ¼â€â™€ï¸,netral
ğŸš´ğŸ½â€â™€ï¸,ğŸš´ğŸ½â€â™€ï¸,netral
ğŸš´ğŸ¾â€â™€ï¸,ğŸš´ğŸ¾â€â™€ï¸,netral
ğŸš´ğŸ¿â€â™€ï¸,ğŸš´ğŸ¿â€â™€ï¸,netral
ğŸšµğŸ»,ğŸšµğŸ»,netral
ğŸšµğŸ¼,ğŸšµğŸ¼,netral
ğŸšµğŸ½,ğŸšµğŸ½,netral
ğŸšµğŸ¾,ğŸšµğŸ¾,netral
ğŸšµğŸ¿,ğŸšµğŸ¿,netral
ğŸšµğŸ»â€â™‚ï¸,ğŸšµğŸ»â€â™‚ï¸,netral
ğŸšµğŸ¼â€â™‚ï¸,ğŸšµğŸ¼â€â™‚ï¸,netral
ğŸšµğŸ½â€â™‚ï¸,ğŸšµğŸ½â€â™‚ï¸,netral
ğŸšµğŸ¾â€â™‚ï¸,ğŸšµğŸ¾â€â™‚ï¸,netral
ğŸšµğŸ¿â€â™‚ï¸,ğŸšµğŸ¿â€â™‚ï¸,netral
ğŸšµğŸ»â€â™€ï¸,ğŸšµğŸ»â€â™€ï¸,netral
ğŸšµğŸ¼â€â™€ï¸,ğŸšµğŸ¼â€â™€ï¸,netral
ğŸšµğŸ½â€â™€ï¸,ğŸšµğŸ½â€â™€ï¸,netral
ğŸšµğŸ¾â€â™€ï¸,ğŸšµğŸ¾â€â™€ï¸,netral
ğŸšµğŸ¿â€â™€ï¸,ğŸšµğŸ¿â€â™€ï¸,netral
ğŸ¤¸ğŸ»,ğŸ¤¸ğŸ»,netral
ğŸ¤¸ğŸ¼,ğŸ¤¸ğŸ¼,netral
ğŸ¤¸ğŸ½,ğŸ¤¸ğŸ½,netral
ğŸ¤¸ğŸ¾,ğŸ¤¸ğŸ¾,netral
ğŸ¤¸ğŸ¿,ğŸ¤¸ğŸ¿,netral
ğŸ¤¸ğŸ»â€â™‚ï¸,ğŸ¤¸ğŸ»â€â™‚ï¸,netral
ğŸ¤¸ğŸ¼â€â™‚ï¸,ğŸ¤¸ğŸ¼â€â™‚ï¸,netral
ğŸ¤¸ğŸ½â€â™‚ï¸,ğŸ¤¸ğŸ½â€â™‚ï¸,netral
ğŸ¤¸ğŸ¾â€â™‚ï¸,ğŸ¤¸ğŸ¾â€â™‚ï¸,netral
ğŸ¤¸ğŸ¿â€â™‚ï¸,ğŸ¤¸ğŸ¿â€â™‚ï¸,netral
ğŸ¤¸ğŸ»â€â™€ï¸,ğŸ¤¸ğŸ»â€â™€ï¸,netral
ğŸ¤¸ğŸ¼â€â™€ï¸,ğŸ¤¸ğŸ¼â€â™€ï¸,netral
ğŸ¤¸ğŸ½â€â™€ï¸,ğŸ¤¸ğŸ½â€â™€ï¸,netral
ğŸ¤¸ğŸ¾â€â™€ï¸,ğŸ¤¸ğŸ¾â€â™€ï¸,netral
ğŸ¤¸ğŸ¿â€â™€ï¸,ğŸ¤¸ğŸ¿â€â™€ï¸,netral
ğŸ¤½ğŸ»,ğŸ¤½ğŸ»,netral
ğŸ¤½ğŸ¼,ğŸ¤½ğŸ¼,netral
ğŸ¤½ğŸ½,ğŸ¤½ğŸ½,netral
ğŸ¤½ğŸ¾,ğŸ¤½ğŸ¾,netral
ğŸ¤½ğŸ¿,ğŸ¤½ğŸ¿,netral
ğŸ¤½ğŸ»â€â™‚ï¸,ğŸ¤½ğŸ»â€â™‚ï¸,netral
ğŸ¤½ğŸ¼â€â™‚ï¸,ğŸ¤½ğŸ¼â€â™‚ï¸,netral
ğŸ¤½ğŸ½â€â™‚ï¸,ğŸ¤½ğŸ½â€â™‚ï¸,netral
ğŸ¤½ğŸ¾â€â™‚ï¸,ğŸ¤½ğŸ¾â€â™‚ï¸,netral
ğŸ¤½ğŸ¿â€â™‚ï¸,ğŸ¤½ğŸ¿â€â™‚ï¸,netral
ğŸ¤½ğŸ»â€â™€ï¸,ğŸ¤½ğŸ»â€â™€ï¸,netral
ğŸ¤½ğŸ¼â€â™€ï¸,ğŸ¤½ğŸ¼â€â™€ï¸,netral
ğŸ¤½ğŸ½â€â™€ï¸,ğŸ¤½ğŸ½â€â™€ï¸,netral
ğŸ¤½ğŸ¾â€â™€ï¸,ğŸ¤½ğŸ¾â€â™€ï¸,netral
ğŸ¤½ğŸ¿â€â™€ï¸,ğŸ¤½ğŸ¿â€â™€ï¸,netral
ğŸ¤¾ğŸ»,ğŸ¤¾ğŸ»,netral
ğŸ¤¾ğŸ¼,ğŸ¤¾ğŸ¼,netral
ğŸ¤¾ğŸ½,ğŸ¤¾ğŸ½,netral
ğŸ¤¾ğŸ¾,ğŸ¤¾ğŸ¾,netral
ğŸ¤¾ğŸ¿,ğŸ¤¾ğŸ¿,netral
ğŸ¤¾ğŸ»â€â™‚ï¸,ğŸ¤¾ğŸ»â€â™‚ï¸,netral
ğŸ¤¾ğŸ¼â€â™‚ï¸,ğŸ¤¾ğŸ¼â€â™‚ï¸,netral
ğŸ¤¾ğŸ½â€â™‚ï¸,ğŸ¤¾ğŸ½â€â™‚ï¸,netral
ğŸ¤¾ğŸ¾â€â™‚ï¸,ğŸ¤¾ğŸ¾â€â™‚ï¸,netral
ğŸ¤¾ğŸ¿â€â™‚ï¸,ğŸ¤¾ğŸ¿â€â™‚ï¸,netral
ğŸ¤¾ğŸ»â€â™€ï¸,ğŸ¤¾ğŸ»â€â™€ï¸,netral
ğŸ¤¾ğŸ¼â€â™€ï¸,ğŸ¤¾ğŸ¼â€â™€ï¸,netral
ğŸ¤¾ğŸ½â€â™€ï¸,ğŸ¤¾ğŸ½â€â™€ï¸,netral
ğŸ¤¾ğŸ¾â€â™€ï¸,ğŸ¤¾ğŸ¾â€â™€ï¸,netral
ğŸ¤¾ğŸ¿â€â™€ï¸,ğŸ¤¾ğŸ¿â€â™€ï¸,netral
ğŸ¤¹ğŸ»,ğŸ¤¹ğŸ»,netral
ğŸ¤¹ğŸ¼,ğŸ¤¹ğŸ¼,netral
ğŸ¤¹ğŸ½,ğŸ¤¹ğŸ½,netral
ğŸ¤¹ğŸ¾,ğŸ¤¹ğŸ¾,netral
ğŸ¤¹ğŸ¿,ğŸ¤¹ğŸ¿,netral
ğŸ¤¹ğŸ»â€â™‚ï¸,ğŸ¤¹ğŸ»â€â™‚ï¸,netral
ğŸ¤¹ğŸ¼â€â™‚ï¸,ğŸ¤¹ğŸ¼â€â™‚ï¸,netral
ğŸ¤¹ğŸ½â€â™‚ï¸,ğŸ¤¹ğŸ½â€â™‚ï¸,netral
ğŸ¤¹ğŸ¾â€â™‚ï¸,ğŸ¤¹ğŸ¾â€â™‚ï¸,netral
ğŸ¤¹ğŸ¿â€â™‚ï¸,ğŸ¤¹ğŸ¿â€â™‚ï¸,netral
ğŸ¤¹ğŸ»â€â™€ï¸,ğŸ¤¹ğŸ»â€â™€ï¸,netral
ğŸ¤¹ğŸ¼â€â™€ï¸,ğŸ¤¹ğŸ¼â€â™€ï¸,netral
ğŸ¤¹ğŸ½â€â™€ï¸,ğŸ¤¹ğŸ½â€â™€ï¸,netral
ğŸ¤¹ğŸ¾â€â™€ï¸,ğŸ¤¹ğŸ¾â€â™€ï¸,netral
ğŸ¤¹ğŸ¿â€â™€ï¸,ğŸ¤¹ğŸ¿â€â™€ï¸,netral
ğŸ§˜ğŸ»,ğŸ§˜ğŸ»,netral
ğŸ§˜ğŸ¼,ğŸ§˜ğŸ¼,netral
ğŸ§˜ğŸ½,ğŸ§˜ğŸ½,netral
ğŸ§˜ğŸ¾,ğŸ§˜ğŸ¾,netral
ğŸ§˜ğŸ¿,ğŸ§˜ğŸ¿,netral
ğŸ§˜ğŸ»â€â™‚ï¸,ğŸ§˜ğŸ»â€â™‚ï¸,netral
ğŸ§˜ğŸ¼â€â™‚ï¸,ğŸ§˜ğŸ¼â€â™‚ï¸,netral
ğŸ§˜ğŸ½â€â™‚ï¸,ğŸ§˜ğŸ½â€â™‚ï¸,netral
ğŸ§˜ğŸ¾â€â™‚ï¸,ğŸ§˜ğŸ¾â€â™‚ï¸,netral
ğŸ§˜ğŸ¿â€â™‚ï¸,ğŸ§˜ğŸ¿â€â™‚ï¸,netral
ğŸ§˜ğŸ»â€â™€ï¸,ğŸ§˜ğŸ»â€â™€ï¸,netral
ğŸ§˜ğŸ¼â€â™€ï¸,ğŸ§˜ğŸ¼â€â™€ï¸,netral
ğŸ§˜ğŸ½â€â™€ï¸,ğŸ§˜ğŸ½â€â™€ï¸,netral
ğŸ§˜ğŸ¾â€â™€ï¸,ğŸ§˜ğŸ¾â€â™€ï¸,netral
ğŸ§˜ğŸ¿â€â™€ï¸,ğŸ§˜ğŸ¿â€â™€ï¸,netral
ğŸ›€ğŸ»,ğŸ›€ğŸ»,netral
ğŸ›€ğŸ¼,ğŸ›€ğŸ¼,netral
ğŸ›€ğŸ½,ğŸ›€ğŸ½,netral
ğŸ›€ğŸ¾,ğŸ›€ğŸ¾,netral
ğŸ›€ğŸ¿,ğŸ›€ğŸ¿,netral
ğŸ›ŒğŸ»,ğŸ›ŒğŸ»,lelah
ğŸ›ŒğŸ¼,ğŸ›ŒğŸ¼,lelah
ğŸ›ŒğŸ½,ğŸ›ŒğŸ½,lelah
ğŸ›ŒğŸ¾,ğŸ›ŒğŸ¾,lelah
ğŸ›ŒğŸ¿,ğŸ›ŒğŸ¿,lelah
ğŸ§‘ğŸ»â€ğŸ¤â€ğŸ§‘ğŸ»,ğŸ§‘ğŸ»â€ğŸ¤â€ğŸ§‘ğŸ»,netral
ğŸ§‘ğŸ»â€ğŸ¤â€ğŸ§‘ğŸ¼,ğŸ§‘ğŸ»â€ğŸ¤â€ğŸ§‘ğŸ¼,netral
ğŸ§‘ğŸ»â€ğŸ¤â€ğŸ§‘ğŸ½,ğŸ§‘ğŸ»â€ğŸ¤â€ğŸ§‘ğŸ½,netral
ğŸ§‘ğŸ»â€ğŸ¤â€ğŸ§‘ğŸ¾,ğŸ§‘ğŸ»â€ğŸ¤â€ğŸ§‘ğŸ¾,netral
ğŸ§‘ğŸ»â€ğŸ¤â€ğŸ§‘ğŸ¿,ğŸ§‘ğŸ»â€ğŸ¤â€ğŸ§‘ğŸ¿,netral
ğŸ§‘ğŸ¼â€ğŸ¤â€ğŸ§‘ğŸ»,ğŸ§‘ğŸ¼â€ğŸ¤â€ğŸ§‘ğŸ»,netral
ğŸ§‘ğŸ¼â€ğŸ¤â€ğŸ§‘ğŸ¼,ğŸ§‘ğŸ¼â€ğŸ¤â€ğŸ§‘ğŸ¼,netral
ğŸ§‘ğŸ¼â€ğŸ¤â€ğŸ§‘ğŸ½,ğŸ§‘ğŸ¼â€ğŸ¤â€ğŸ§‘ğŸ½,netral
ğŸ§‘ğŸ¼â€ğŸ¤â€ğŸ§‘ğŸ¾,ğŸ§‘ğŸ¼â€ğŸ¤â€ğŸ§‘ğŸ¾,netral
ğŸ§‘ğŸ¼â€ğŸ¤â€ğŸ§‘ğŸ¿,ğŸ§‘ğŸ¼â€ğŸ¤â€ğŸ§‘ğŸ¿,netral
ğŸ§‘ğŸ½â€ğŸ¤â€ğŸ§‘ğŸ»,ğŸ§‘ğŸ½â€ğŸ¤â€ğŸ§‘ğŸ»,netral
ğŸ§‘ğŸ½â€ğŸ¤â€ğŸ§‘ğŸ¼,ğŸ§‘ğŸ½â€ğŸ¤â€ğŸ§‘ğŸ¼,netral
ğŸ§‘ğŸ½â€ğŸ¤â€ğŸ§‘ğŸ½,ğŸ§‘ğŸ½â€ğŸ¤â€ğŸ§‘ğŸ½,netral
ğŸ§‘ğŸ½â€ğŸ¤â€ğŸ§‘ğŸ¾,ğŸ§‘ğŸ½â€ğŸ¤â€ğŸ§‘ğŸ¾,netral
ğŸ§‘ğŸ½â€ğŸ¤â€ğŸ§‘ğŸ¿,ğŸ§‘ğŸ½â€ğŸ¤â€ğŸ§‘ğŸ¿,netral
ğŸ§‘ğŸ¾â€ğŸ¤â€ğŸ§‘ğŸ»,ğŸ§‘ğŸ¾â€ğŸ¤â€ğŸ§‘ğŸ»,netral
ğŸ§‘ğŸ¾â€ğŸ¤â€ğŸ§‘ğŸ¼,ğŸ§‘ğŸ¾â€ğŸ¤â€ğŸ§‘ğŸ¼,netral
ğŸ§‘ğŸ¾â€ğŸ¤â€ğŸ§‘ğŸ½,ğŸ§‘ğŸ¾â€ğŸ¤â€ğŸ§‘ğŸ½,netral
ğŸ§‘ğŸ¾â€ğŸ¤â€ğŸ§‘ğŸ¾,ğŸ§‘ğŸ¾â€ğŸ¤â€ğŸ§‘ğŸ¾,netral
ğŸ§‘ğŸ¾â€ğŸ¤â€ğŸ§‘ğŸ¿,ğŸ§‘ğŸ¾â€ğŸ¤â€ğŸ§‘ğŸ¿,netral
ğŸ§‘ğŸ¿â€ğŸ¤â€ğŸ§‘ğŸ»,ğŸ§‘ğŸ¿â€ğŸ¤â€ğŸ§‘ğŸ»,netral
ğŸ§‘ğŸ¿â€ğŸ¤â€ğŸ§‘ğŸ¼,ğŸ§‘ğŸ¿â€ğŸ¤â€ğŸ§‘ğŸ¼,netral
ğŸ§‘ğŸ¿â€ğŸ¤â€ğŸ§‘ğŸ½,ğŸ§‘ğŸ¿â€ğŸ¤â€ğŸ§‘ğŸ½,netral
ğŸ§‘ğŸ¿â€ğŸ¤â€ğŸ§‘ğŸ¾,ğŸ§‘ğŸ¿â€ğŸ¤â€ğŸ§‘ğŸ¾,netral
ğŸ§‘ğŸ¿â€ğŸ¤â€ğŸ§‘ğŸ¿,ğŸ§‘ğŸ¿â€ğŸ¤â€ğŸ§‘ğŸ¿,netral
ğŸ‘­ğŸ»,ğŸ‘­ğŸ»,netral
ğŸ‘©ğŸ»â€ğŸ¤â€ğŸ‘©ğŸ¼,ğŸ‘©ğŸ»â€ğŸ¤â€ğŸ‘©ğŸ¼,netral
ğŸ‘©ğŸ»â€ğŸ¤â€ğŸ‘©ğŸ½,ğŸ‘©ğŸ»â€ğŸ¤â€ğŸ‘©ğŸ½,netral
ğŸ‘©ğŸ»â€ğŸ¤â€ğŸ‘©ğŸ¾,ğŸ‘©ğŸ»â€ğŸ¤â€ğŸ‘©ğŸ¾,netral
ğŸ‘©ğŸ»â€ğŸ¤â€ğŸ‘©ğŸ¿,ğŸ‘©ğŸ»â€ğŸ¤â€ğŸ‘©ğŸ¿,netral
ğŸ‘©ğŸ¼â€ğŸ¤â€ğŸ‘©ğŸ»,ğŸ‘©ğŸ¼â€ğŸ¤â€ğŸ‘©ğŸ»,netral
ğŸ‘­ğŸ¼,ğŸ‘­ğŸ¼,netral
ğŸ‘©ğŸ¼â€ğŸ¤â€ğŸ‘©ğŸ½,ğŸ‘©ğŸ¼â€ğŸ¤â€ğŸ‘©ğŸ½,netral
ğŸ‘©ğŸ¼â€ğŸ¤â€ğŸ‘©ğŸ¾,ğŸ‘©ğŸ¼â€ğŸ¤â€ğŸ‘©ğŸ¾,netral
ğŸ‘©ğŸ¼â€ğŸ¤â€ğŸ‘©ğŸ¿,ğŸ‘©ğŸ¼â€ğŸ¤â€ğŸ‘©ğŸ¿,netral
ğŸ‘©ğŸ½â€ğŸ¤â€ğŸ‘©ğŸ»,ğŸ‘©ğŸ½â€ğŸ¤â€ğŸ‘©ğŸ»,netral
ğŸ‘©ğŸ½â€ğŸ¤â€ğŸ‘©ğŸ¼,ğŸ‘©ğŸ½â€ğŸ¤â€ğŸ‘©ğŸ¼,netral
ğŸ‘­ğŸ½,ğŸ‘­ğŸ½,netral
ğŸ‘©ğŸ½â€ğŸ¤â€ğŸ‘©ğŸ¾,ğŸ‘©ğŸ½â€ğŸ¤â€ğŸ‘©ğŸ¾,netral
ğŸ‘©ğŸ½â€ğŸ¤â€ğŸ‘©ğŸ¿,ğŸ‘©ğŸ½â€ğŸ¤â€ğŸ‘©ğŸ¿,netral
ğŸ‘©ğŸ¾â€ğŸ¤â€ğŸ‘©ğŸ»,ğŸ‘©ğŸ¾â€ğŸ¤â€ğŸ‘©ğŸ»,netral
ğŸ‘©ğŸ¾â€ğŸ¤â€ğŸ‘©ğŸ¼,ğŸ‘©ğŸ¾â€ğŸ¤â€ğŸ‘©ğŸ¼,netral
ğŸ‘©ğŸ¾â€ğŸ¤â€ğŸ‘©ğŸ½,ğŸ‘©ğŸ¾â€ğŸ¤â€ğŸ‘©ğŸ½,netral
ğŸ‘­ğŸ¾,ğŸ‘­ğŸ¾,netral
ğŸ‘©ğŸ¾â€ğŸ¤â€ğŸ‘©ğŸ¿,ğŸ‘©ğŸ¾â€ğŸ¤â€ğŸ‘©ğŸ¿,netral
ğŸ‘©ğŸ¿â€ğŸ¤â€ğŸ‘©ğŸ»,ğŸ‘©ğŸ¿â€ğŸ¤â€ğŸ‘©ğŸ»,netral
ğŸ‘©ğŸ¿â€ğŸ¤â€ğŸ‘©ğŸ¼,ğŸ‘©ğŸ¿â€ğŸ¤â€ğŸ‘©ğŸ¼,netral
ğŸ‘©ğŸ¿â€ğŸ¤â€ğŸ‘©ğŸ½,ğŸ‘©ğŸ¿â€ğŸ¤â€ğŸ‘©ğŸ½,netral
ğŸ‘©ğŸ¿â€ğŸ¤â€ğŸ‘©ğŸ¾,ğŸ‘©ğŸ¿â€ğŸ¤â€ğŸ‘©ğŸ¾,netral
ğŸ‘­ğŸ¿,ğŸ‘­ğŸ¿,netral
ğŸ‘«ğŸ»,ğŸ‘«ğŸ»,netral
ğŸ‘©ğŸ»â€ğŸ¤â€ğŸ‘¨ğŸ¼,ğŸ‘©ğŸ»â€ğŸ¤â€ğŸ‘¨ğŸ¼,netral
ğŸ‘©ğŸ»â€ğŸ¤â€ğŸ‘¨ğŸ½,ğŸ‘©ğŸ»â€ğŸ¤â€ğŸ‘¨ğŸ½,netral
ğŸ‘©ğŸ»â€ğŸ¤â€ğŸ‘¨ğŸ¾,ğŸ‘©ğŸ»â€ğŸ¤â€ğŸ‘¨ğŸ¾,netral
ğŸ‘©ğŸ»â€ğŸ¤â€ğŸ‘¨ğŸ¿,ğŸ‘©ğŸ»â€ğŸ¤â€ğŸ‘¨ğŸ¿,netral
ğŸ‘©ğŸ¼â€ğŸ¤â€ğŸ‘¨ğŸ»,ğŸ‘©ğŸ¼â€ğŸ¤â€ğŸ‘¨ğŸ»,netral
ğŸ‘«ğŸ¼,ğŸ‘«ğŸ¼,netral
ğŸ‘©ğŸ¼â€ğŸ¤â€ğŸ‘¨ğŸ½,ğŸ‘©ğŸ¼â€ğŸ¤â€ğŸ‘¨ğŸ½,netral
ğŸ‘©ğŸ¼â€ğŸ¤â€ğŸ‘¨ğŸ¾,ğŸ‘©ğŸ¼â€ğŸ¤â€ğŸ‘¨ğŸ¾,netral
ğŸ‘©ğŸ¼â€ğŸ¤â€ğŸ‘¨ğŸ¿,ğŸ‘©ğŸ¼â€ğŸ¤â€ğŸ‘¨ğŸ¿,netral
ğŸ‘©ğŸ½â€ğŸ¤â€ğŸ‘¨ğŸ»,ğŸ‘©ğŸ½â€ğŸ¤â€ğŸ‘¨ğŸ»,netral
ğŸ‘©ğŸ½â€ğŸ¤â€ğŸ‘¨ğŸ¼,ğŸ‘©ğŸ½â€ğŸ¤â€ğŸ‘¨ğŸ¼,netral
ğŸ‘«ğŸ½,ğŸ‘«ğŸ½,netral
ğŸ‘©ğŸ½â€ğŸ¤â€ğŸ‘¨ğŸ¾,ğŸ‘©ğŸ½â€ğŸ¤â€ğŸ‘¨ğŸ¾,netral
ğŸ‘©ğŸ½â€ğŸ¤â€ğŸ‘¨ğŸ¿,ğŸ‘©ğŸ½â€ğŸ¤â€ğŸ‘¨ğŸ¿,netral
ğŸ‘©ğŸ¾â€ğŸ¤â€ğŸ‘¨ğŸ»,ğŸ‘©ğŸ¾â€ğŸ¤â€ğŸ‘¨ğŸ»,netral
ğŸ‘©ğŸ¾â€ğŸ¤â€ğŸ‘¨ğŸ¼,ğŸ‘©ğŸ¾â€ğŸ¤â€ğŸ‘¨ğŸ¼,netral
ğŸ‘©ğŸ¾â€ğŸ¤â€ğŸ‘¨ğŸ½,ğŸ‘©ğŸ¾â€ğŸ¤â€ğŸ‘¨ğŸ½,netral
ğŸ‘«ğŸ¾,ğŸ‘«ğŸ¾,netral
ğŸ‘©ğŸ¾â€ğŸ¤â€ğŸ‘¨ğŸ¿,ğŸ‘©ğŸ¾â€ğŸ¤â€ğŸ‘¨ğŸ¿,netral
ğŸ‘©ğŸ¿â€ğŸ¤â€ğŸ‘¨ğŸ»,ğŸ‘©ğŸ¿â€ğŸ¤â€ğŸ‘¨ğŸ»,netral
ğŸ‘©ğŸ¿â€ğŸ¤â€ğŸ‘¨ğŸ¼,ğŸ‘©ğŸ¿â€ğŸ¤â€ğŸ‘¨ğŸ¼,netral
ğŸ‘©ğŸ¿â€ğŸ¤â€ğŸ‘¨ğŸ½,ğŸ‘©ğŸ¿â€ğŸ¤â€ğŸ‘¨ğŸ½,netral
ğŸ‘©ğŸ¿â€ğŸ¤â€ğŸ‘¨ğŸ¾,ğŸ‘©ğŸ¿â€ğŸ¤â€ğŸ‘¨ğŸ¾,netral
ğŸ‘«ğŸ¿,ğŸ‘«ğŸ¿,netral
ğŸ‘¬ğŸ»,ğŸ‘¬ğŸ»,netral
ğŸ‘¨ğŸ»â€ğŸ¤â€ğŸ‘¨ğŸ¼,ğŸ‘¨ğŸ»â€ğŸ¤â€ğŸ‘¨ğŸ¼,netral
ğŸ‘¨ğŸ»â€ğŸ¤â€ğŸ‘¨ğŸ½,ğŸ‘¨ğŸ»â€ğŸ¤â€ğŸ‘¨ğŸ½,netral
ğŸ‘¨ğŸ»â€ğŸ¤â€ğŸ‘¨ğŸ¾,ğŸ‘¨ğŸ»â€ğŸ¤â€ğŸ‘¨ğŸ¾,netral
ğŸ‘¨ğŸ»â€ğŸ¤â€ğŸ‘¨ğŸ¿,ğŸ‘¨ğŸ»â€ğŸ¤â€ğŸ‘¨ğŸ¿,netral
ğŸ‘¨ğŸ¼â€ğŸ¤â€ğŸ‘¨ğŸ»,ğŸ‘¨ğŸ¼â€ğŸ¤â€ğŸ‘¨ğŸ»,netral
ğŸ‘¬ğŸ¼,ğŸ‘¬ğŸ¼,netral
ğŸ‘¨ğŸ¼â€ğŸ¤â€ğŸ‘¨ğŸ½,ğŸ‘¨ğŸ¼â€ğŸ¤â€ğŸ‘¨ğŸ½,netral
ğŸ‘¨ğŸ¼â€ğŸ¤â€ğŸ‘¨ğŸ¾,ğŸ‘¨ğŸ¼â€ğŸ¤â€ğŸ‘¨ğŸ¾,netral
ğŸ‘¨ğŸ¼â€ğŸ¤â€ğŸ‘¨ğŸ¿,ğŸ‘¨ğŸ¼â€ğŸ¤â€ğŸ‘¨ğŸ¿,netral
ğŸ‘¨ğŸ½â€ğŸ¤â€ğŸ‘¨ğŸ»,ğŸ‘¨ğŸ½â€ğŸ¤â€ğŸ‘¨ğŸ»,netral
ğŸ‘¨ğŸ½â€ğŸ¤â€ğŸ‘¨ğŸ¼,ğŸ‘¨ğŸ½â€ğŸ¤â€ğŸ‘¨ğŸ¼,netral
ğŸ‘¬ğŸ½,ğŸ‘¬ğŸ½,netral
ğŸ‘¨ğŸ½â€ğŸ¤â€ğŸ‘¨ğŸ¾,ğŸ‘¨ğŸ½â€ğŸ¤â€ğŸ‘¨ğŸ¾,netral
ğŸ‘¨ğŸ½â€ğŸ¤â€ğŸ‘¨ğŸ¿,ğŸ‘¨ğŸ½â€ğŸ¤â€ğŸ‘¨ğŸ¿,netral
ğŸ‘¨ğŸ¾â€ğŸ¤â€ğŸ‘¨ğŸ»,ğŸ‘¨ğŸ¾â€ğŸ¤â€ğŸ‘¨ğŸ»,netral
ğŸ‘¨ğŸ¾â€ğŸ¤â€ğŸ‘¨ğŸ¼,ğŸ‘¨ğŸ¾â€ğŸ¤â€ğŸ‘¨ğŸ¼,netral
ğŸ‘¨ğŸ¾â€ğŸ¤â€ğŸ‘¨ğŸ½,ğŸ‘¨ğŸ¾â€ğŸ¤â€ğŸ‘¨ğŸ½,netral
ğŸ‘¬ğŸ¾,ğŸ‘¬ğŸ¾,netral
ğŸ‘¨ğŸ¾â€ğŸ¤â€ğŸ‘¨ğŸ¿,ğŸ‘¨ğŸ¾â€ğŸ¤â€ğŸ‘¨ğŸ¿,netral
ğŸ‘¨ğŸ¿â€ğŸ¤â€ğŸ‘¨ğŸ»,ğŸ‘¨ğŸ¿â€ğŸ¤â€ğŸ‘¨ğŸ»,netral
ğŸ‘¨ğŸ¿â€ğŸ¤â€ğŸ‘¨ğŸ¼,ğŸ‘¨ğŸ¿â€ğŸ¤â€ğŸ‘¨ğŸ¼,netral
ğŸ‘¨ğŸ¿â€ğŸ¤â€ğŸ‘¨ğŸ½,ğŸ‘¨ğŸ¿â€ğŸ¤â€ğŸ‘¨ğŸ½,netral
ğŸ‘¨ğŸ¿â€ğŸ¤â€ğŸ‘¨ğŸ¾,ğŸ‘¨ğŸ¿â€ğŸ¤â€ğŸ‘¨ğŸ¾,netral
ğŸ‘¬ğŸ¿,ğŸ‘¬ğŸ¿,netral
ğŸ’ğŸ»,ğŸ’ğŸ»,cinta
ğŸ’ğŸ¼,ğŸ’ğŸ¼,cinta
ğŸ’ğŸ½,ğŸ’ğŸ½,cinta
ğŸ’ğŸ¾,ğŸ’ğŸ¾,cinta
ğŸ’ğŸ¿,ğŸ’ğŸ¿,cinta
ğŸ§‘ğŸ»â€â¤ï¸â€ğŸ’‹â€ğŸ§‘ğŸ¼,ğŸ§‘ğŸ»â€â¤ï¸â€ğŸ’‹â€ğŸ§‘ğŸ¼,cinta
ğŸ§‘ğŸ»â€â¤ï¸â€ğŸ’‹â€ğŸ§‘ğŸ½,ğŸ§‘ğŸ»â€â¤ï¸â€ğŸ’‹â€ğŸ§‘ğŸ½,cinta
ğŸ§‘ğŸ»â€â¤ï¸â€ğŸ’‹â€ğŸ§‘ğŸ¾,ğŸ§‘ğŸ»â€â¤ï¸â€ğŸ’‹â€ğŸ§‘ğŸ¾,cinta
ğŸ§‘ğŸ»â€â¤ï¸â€ğŸ’‹â€ğŸ§‘ğŸ¿,ğŸ§‘ğŸ»â€â¤ï¸â€ğŸ’‹â€ğŸ§‘ğŸ¿,cinta
ğŸ§‘ğŸ¼â€â¤ï¸â€ğŸ’‹â€ğŸ§‘ğŸ»,ğŸ§‘ğŸ¼â€â¤ï¸â€ğŸ’‹â€ğŸ§‘ğŸ»,cinta
ğŸ§‘ğŸ¼â€â¤ï¸â€ğŸ’‹â€ğŸ§‘ğŸ½,ğŸ§‘ğŸ¼â€â¤ï¸â€ğŸ’‹â€ğŸ§‘ğŸ½,cinta
ğŸ§‘ğŸ¼â€â¤ï¸â€ğŸ’‹â€ğŸ§‘ğŸ¾,ğŸ§‘ğŸ¼â€â¤ï¸â€ğŸ’‹â€ğŸ§‘ğŸ¾,cinta
ğŸ§‘ğŸ¼â€â¤ï¸â€ğŸ’‹â€ğŸ§‘ğŸ¿,ğŸ§‘ğŸ¼â€â¤ï¸â€ğŸ’‹â€ğŸ§‘ğŸ¿,cinta
ğŸ§‘ğŸ½â€â¤ï¸â€ğŸ’‹â€ğŸ§‘ğŸ»,ğŸ§‘ğŸ½â€â¤ï¸â€ğŸ’‹â€ğŸ§‘ğŸ»,cinta
ğŸ§‘ğŸ½â€â¤ï¸â€ğŸ’‹â€ğŸ§‘ğŸ¼,ğŸ§‘ğŸ½â€â¤ï¸â€ğŸ’‹â€ğŸ§‘ğŸ¼,cinta
ğŸ§‘ğŸ½â€â¤ï¸â€ğŸ’‹â€ğŸ§‘ğŸ¾,ğŸ§‘ğŸ½â€â¤ï¸â€ğŸ’‹â€ğŸ§‘ğŸ¾,cinta
ğŸ§‘ğŸ½â€â¤ï¸â€ğŸ’‹â€ğŸ§‘ğŸ¿,ğŸ§‘ğŸ½â€â¤ï¸â€ğŸ’‹â€ğŸ§‘ğŸ¿,cinta
ğŸ§‘ğŸ¾â€â¤ï¸â€ğŸ’‹â€ğŸ§‘ğŸ»,ğŸ§‘ğŸ¾â€â¤ï¸â€ğŸ’‹â€ğŸ§‘ğŸ»,cinta
ğŸ§‘ğŸ¾â€â¤ï¸â€ğŸ’‹â€ğŸ§‘ğŸ¼,ğŸ§‘ğŸ¾â€â¤ï¸â€ğŸ’‹â€ğŸ§‘ğŸ¼,cinta
ğŸ§‘ğŸ¾â€â¤ï¸â€ğŸ’‹â€ğŸ§‘ğŸ½,ğŸ§‘ğŸ¾â€â¤ï¸â€ğŸ’‹â€ğŸ§‘ğŸ½,cinta
ğŸ§‘ğŸ¾â€â¤ï¸â€ğŸ’‹â€ğŸ§‘ğŸ¿,ğŸ§‘ğŸ¾â€â¤ï¸â€ğŸ’‹â€ğŸ§‘ğŸ¿,cinta
ğŸ§‘ğŸ¿â€â¤ï¸â€ğŸ’‹â€ğŸ§‘ğŸ»,ğŸ§‘ğŸ¿â€â¤ï¸â€ğŸ’‹â€ğŸ§‘ğŸ»,cinta
ğŸ§‘ğŸ¿â€â¤ï¸â€ğŸ’‹â€ğŸ§‘ğŸ¼,ğŸ§‘ğŸ¿â€â¤ï¸â€ğŸ’‹â€ğŸ§‘ğŸ¼,cinta
ğŸ§‘ğŸ¿â€â¤ï¸â€ğŸ’‹â€ğŸ§‘ğŸ½,ğŸ§‘ğŸ¿â€â¤ï¸â€ğŸ’‹â€ğŸ§‘ğŸ½,cinta
ğŸ§‘ğŸ¿â€â¤ï¸â€ğŸ’‹â€ğŸ§‘ğŸ¾,ğŸ§‘ğŸ¿â€â¤ï¸â€ğŸ’‹â€ğŸ§‘ğŸ¾,cinta
ğŸ‘©ğŸ»â€â¤ï¸â€ğŸ’‹â€ğŸ‘¨ğŸ»,ğŸ‘©ğŸ»â€â¤ï¸â€ğŸ’‹â€ğŸ‘¨ğŸ»,cinta
ğŸ‘©ğŸ»â€â¤ï¸â€ğŸ’‹â€ğŸ‘¨ğŸ¼,ğŸ‘©ğŸ»â€â¤ï¸â€ğŸ’‹â€ğŸ‘¨ğŸ¼,cinta
ğŸ‘©ğŸ»â€â¤ï¸â€ğŸ’‹â€ğŸ‘¨ğŸ½,ğŸ‘©ğŸ»â€â¤ï¸â€ğŸ’‹â€ğŸ‘¨ğŸ½,cinta
ğŸ‘©ğŸ»â€â¤ï¸â€ğŸ’‹â€ğŸ‘¨ğŸ¾,ğŸ‘©ğŸ»â€â¤ï¸â€ğŸ’‹â€ğŸ‘¨ğŸ¾,cinta
ğŸ‘©ğŸ»â€â¤ï¸â€ğŸ’‹â€ğŸ‘¨ğŸ¿,ğŸ‘©ğŸ»â€â¤ï¸â€ğŸ’‹â€ğŸ‘¨ğŸ¿,cinta
ğŸ‘©ğŸ¼â€â¤ï¸â€ğŸ’‹â€ğŸ‘¨ğŸ»,ğŸ‘©ğŸ¼â€â¤ï¸â€ğŸ’‹â€ğŸ‘¨ğŸ»,cinta
ğŸ‘©ğŸ¼â€â¤ï¸â€ğŸ’‹â€ğŸ‘¨ğŸ¼,ğŸ‘©ğŸ¼â€â¤ï¸â€ğŸ’‹â€ğŸ‘¨ğŸ¼,cinta
ğŸ‘©ğŸ¼â€â¤ï¸â€ğŸ’‹â€ğŸ‘¨ğŸ½,ğŸ‘©ğŸ¼â€â¤ï¸â€ğŸ’‹â€ğŸ‘¨ğŸ½,cinta
ğŸ‘©ğŸ¼â€â¤ï¸â€ğŸ’‹â€ğŸ‘¨ğŸ¾,ğŸ‘©ğŸ¼â€â¤ï¸â€ğŸ’‹â€ğŸ‘¨ğŸ¾,cinta
ğŸ‘©ğŸ¼â€â¤ï¸â€ğŸ’‹â€ğŸ‘¨ğŸ¿,ğŸ‘©ğŸ¼â€â¤ï¸â€ğŸ’‹â€ğŸ‘¨ğŸ¿,cinta
ğŸ‘©ğŸ½â€â¤ï¸â€ğŸ’‹â€ğŸ‘¨ğŸ»,ğŸ‘©ğŸ½â€â¤ï¸â€ğŸ’‹â€ğŸ‘¨ğŸ»,cinta
ğŸ‘©ğŸ½â€â¤ï¸â€ğŸ’‹â€ğŸ‘¨ğŸ¼,ğŸ‘©ğŸ½â€â¤ï¸â€ğŸ’‹â€ğŸ‘¨ğŸ¼,cinta
ğŸ‘©ğŸ½â€â¤ï¸â€ğŸ’‹â€ğŸ‘¨ğŸ½,ğŸ‘©ğŸ½â€â¤ï¸â€ğŸ’‹â€ğŸ‘¨ğŸ½,cinta
ğŸ‘©ğŸ½â€â¤ï¸â€ğŸ’‹â€ğŸ‘¨ğŸ¾,ğŸ‘©ğŸ½â€â¤ï¸â€ğŸ’‹â€ğŸ‘¨ğŸ¾,cinta
ğŸ‘©ğŸ½â€â¤ï¸â€ğŸ’‹â€ğŸ‘¨ğŸ¿,ğŸ‘©ğŸ½â€â¤ï¸â€ğŸ’‹â€ğŸ‘¨ğŸ¿,cinta
ğŸ‘©ğŸ¾â€â¤ï¸â€ğŸ’‹â€ğŸ‘¨ğŸ»,ğŸ‘©ğŸ¾â€â¤ï¸â€ğŸ’‹â€ğŸ‘¨ğŸ»,cinta
ğŸ‘©ğŸ¾â€â¤ï¸â€ğŸ’‹â€ğŸ‘¨ğŸ¼,ğŸ‘©ğŸ¾â€â¤ï¸â€ğŸ’‹â€ğŸ‘¨ğŸ¼,cinta
ğŸ‘©ğŸ¾â€â¤ï¸â€ğŸ’‹â€ğŸ‘¨ğŸ½,ğŸ‘©ğŸ¾â€â¤ï¸â€ğŸ’‹â€ğŸ‘¨ğŸ½,cinta
ğŸ‘©ğŸ¾â€â¤ï¸â€ğŸ’‹â€ğŸ‘¨ğŸ¾,ğŸ‘©ğŸ¾â€â¤ï¸â€ğŸ’‹â€ğŸ‘¨ğŸ¾,cinta
ğŸ‘©ğŸ¾â€â¤ï¸â€ğŸ’‹â€ğŸ‘¨ğŸ¿,ğŸ‘©ğŸ¾â€â¤ï¸â€ğŸ’‹â€ğŸ‘¨ğŸ¿,cinta
ğŸ‘©ğŸ¿â€â¤ï¸â€ğŸ’‹â€ğŸ‘¨ğŸ»,ğŸ‘©ğŸ¿â€â¤ï¸â€ğŸ’‹â€ğŸ‘¨ğŸ»,cinta
ğŸ‘©ğŸ¿â€â¤ï¸â€ğŸ’‹â€ğŸ‘¨ğŸ¼,ğŸ‘©ğŸ¿â€â¤ï¸â€ğŸ’‹â€ğŸ‘¨ğŸ¼,cinta
ğŸ‘©ğŸ¿â€â¤ï¸â€ğŸ’‹â€ğŸ‘¨ğŸ½,ğŸ‘©ğŸ¿â€â¤ï¸â€ğŸ’‹â€ğŸ‘¨ğŸ½,cinta
ğŸ‘©ğŸ¿â€â¤ï¸â€ğŸ’‹â€ğŸ‘¨ğŸ¾,ğŸ‘©ğŸ¿â€â¤ï¸â€ğŸ’‹â€ğŸ‘¨ğŸ¾,cinta
ğŸ‘©ğŸ¿â€â¤ï¸â€ğŸ’‹â€ğŸ‘¨ğŸ¿,ğŸ‘©ğŸ¿â€â¤ï¸â€ğŸ’‹â€ğŸ‘¨ğŸ¿,cinta
ğŸ‘¨ğŸ»â€â¤ï¸â€ğŸ’‹â€ğŸ‘¨ğŸ»,ğŸ‘¨ğŸ»â€â¤ï¸â€ğŸ’‹â€ğŸ‘¨ğŸ»,cinta
ğŸ‘¨ğŸ»â€â¤ï¸â€ğŸ’‹â€ğŸ‘¨ğŸ¼,ğŸ‘¨ğŸ»â€â¤ï¸â€ğŸ’‹â€ğŸ‘¨ğŸ¼,cinta
ğŸ‘¨ğŸ»â€â¤ï¸â€ğŸ’‹â€ğŸ‘¨ğŸ½,ğŸ‘¨ğŸ»â€â¤ï¸â€ğŸ’‹â€ğŸ‘¨ğŸ½,cinta
ğŸ‘¨ğŸ»â€â¤ï¸â€ğŸ’‹â€ğŸ‘¨ğŸ¾,ğŸ‘¨ğŸ»â€â¤ï¸â€ğŸ’‹â€ğŸ‘¨ğŸ¾,cinta
ğŸ‘¨ğŸ»â€â¤ï¸â€ğŸ’‹â€ğŸ‘¨ğŸ¿,ğŸ‘¨ğŸ»â€â¤ï¸â€ğŸ’‹â€ğŸ‘¨ğŸ¿,cinta
ğŸ‘¨ğŸ¼â€â¤ï¸â€ğŸ’‹â€ğŸ‘¨ğŸ»,ğŸ‘¨ğŸ¼â€â¤ï¸â€ğŸ’‹â€ğŸ‘¨ğŸ»,cinta
ğŸ‘¨ğŸ¼â€â¤ï¸â€ğŸ’‹â€ğŸ‘¨ğŸ¼,ğŸ‘¨ğŸ¼â€â¤ï¸â€ğŸ’‹â€ğŸ‘¨ğŸ¼,cinta
ğŸ‘¨ğŸ¼â€â¤ï¸â€ğŸ’‹â€ğŸ‘¨ğŸ½,ğŸ‘¨ğŸ¼â€â¤ï¸â€ğŸ’‹â€ğŸ‘¨ğŸ½,cinta
ğŸ‘¨ğŸ¼â€â¤ï¸â€ğŸ’‹â€ğŸ‘¨ğŸ¾,ğŸ‘¨ğŸ¼â€â¤ï¸â€ğŸ’‹â€ğŸ‘¨ğŸ¾,cinta
ğŸ‘¨ğŸ¼â€â¤ï¸â€ğŸ’‹â€ğŸ‘¨ğŸ¿,ğŸ‘¨ğŸ¼â€â¤ï¸â€ğŸ’‹â€ğŸ‘¨ğŸ¿,cinta
ğŸ‘¨ğŸ½â€â¤ï¸â€ğŸ’‹â€ğŸ‘¨ğŸ»,ğŸ‘¨ğŸ½â€â¤ï¸â€ğŸ’‹â€ğŸ‘¨ğŸ»,cinta
ğŸ‘¨ğŸ½â€â¤ï¸â€ğŸ’‹â€ğŸ‘¨ğŸ¼,ğŸ‘¨ğŸ½â€â¤ï¸â€ğŸ’‹â€ğŸ‘¨ğŸ¼,cinta
ğŸ‘¨ğŸ½â€â¤ï¸â€ğŸ’‹â€ğŸ‘¨ğŸ½,ğŸ‘¨ğŸ½â€â¤ï¸â€ğŸ’‹â€ğŸ‘¨ğŸ½,cinta
ğŸ‘¨ğŸ½â€â¤ï¸â€ğŸ’‹â€ğŸ‘¨ğŸ¾,ğŸ‘¨ğŸ½â€â¤ï¸â€ğŸ’‹â€ğŸ‘¨ğŸ¾,cinta
ğŸ‘¨ğŸ½â€â¤ï¸â€ğŸ’‹â€ğŸ‘¨ğŸ¿,ğŸ‘¨ğŸ½â€â¤ï¸â€ğŸ’‹â€ğŸ‘¨ğŸ¿,cinta
ğŸ‘¨ğŸ¾â€â¤ï¸â€ğŸ’‹â€ğŸ‘¨ğŸ»,ğŸ‘¨ğŸ¾â€â¤ï¸â€ğŸ’‹â€ğŸ‘¨ğŸ»,cinta
ğŸ‘¨ğŸ¾â€â¤ï¸â€ğŸ’‹â€ğŸ‘¨ğŸ¼,ğŸ‘¨ğŸ¾â€â¤ï¸â€ğŸ’‹â€ğŸ‘¨ğŸ¼,cinta
ğŸ‘¨ğŸ¾â€â¤ï¸â€ğŸ’‹â€ğŸ‘¨ğŸ½,ğŸ‘¨ğŸ¾â€â¤ï¸â€ğŸ’‹â€ğŸ‘¨ğŸ½,cinta
ğŸ‘¨ğŸ¾â€â¤ï¸â€ğŸ’‹â€ğŸ‘¨ğŸ¾,ğŸ‘¨ğŸ¾â€â¤ï¸â€ğŸ’‹â€ğŸ‘¨ğŸ¾,cinta
ğŸ‘¨ğŸ¾â€â¤ï¸â€ğŸ’‹â€ğŸ‘¨ğŸ¿,ğŸ‘¨ğŸ¾â€â¤ï¸â€ğŸ’‹â€ğŸ‘¨ğŸ¿,cinta
ğŸ‘¨ğŸ¿â€â¤ï¸â€ğŸ’‹â€ğŸ‘¨ğŸ»,ğŸ‘¨ğŸ¿â€â¤ï¸â€ğŸ’‹â€ğŸ‘¨ğŸ»,cinta
ğŸ‘¨ğŸ¿â€â¤ï¸â€ğŸ’‹â€ğŸ‘¨ğŸ¼,ğŸ‘¨ğŸ¿â€â¤ï¸â€ğŸ’‹â€ğŸ‘¨ğŸ¼,cinta
ğŸ‘¨ğŸ¿â€â¤ï¸â€ğŸ’‹â€ğŸ‘¨ğŸ½,ğŸ‘¨ğŸ¿â€â¤ï¸â€ğŸ’‹â€ğŸ‘¨ğŸ½,cinta
ğŸ‘¨ğŸ¿â€â¤ï¸â€ğŸ’‹â€ğŸ‘¨ğŸ¾,ğŸ‘¨ğŸ¿â€â¤ï¸â€ğŸ’‹â€ğŸ‘¨ğŸ¾,cinta
ğŸ‘¨ğŸ¿â€â¤ï¸â€ğŸ’‹â€ğŸ‘¨ğŸ¿,ğŸ‘¨ğŸ¿â€â¤ï¸â€ğŸ’‹â€ğŸ‘¨ğŸ¿,cinta
ğŸ‘©ğŸ»â€â¤ï¸â€ğŸ’‹â€ğŸ‘©ğŸ»,ğŸ‘©ğŸ»â€â¤ï¸â€ğŸ’‹â€ğŸ‘©ğŸ»,cinta
ğŸ‘©ğŸ»â€â¤ï¸â€ğŸ’‹â€ğŸ‘©ğŸ¼,ğŸ‘©ğŸ»â€â¤ï¸â€ğŸ’‹â€ğŸ‘©ğŸ¼,cinta
ğŸ‘©ğŸ»â€â¤ï¸â€ğŸ’‹â€ğŸ‘©ğŸ½,ğŸ‘©ğŸ»â€â¤ï¸â€ğŸ’‹â€ğŸ‘©ğŸ½,cinta
ğŸ‘©ğŸ»â€â¤ï¸â€ğŸ’‹â€ğŸ‘©ğŸ¾,ğŸ‘©ğŸ»â€â¤ï¸â€ğŸ’‹â€ğŸ‘©ğŸ¾,cinta
ğŸ‘©ğŸ»â€â¤ï¸â€ğŸ’‹â€ğŸ‘©ğŸ¿,ğŸ‘©ğŸ»â€â¤ï¸â€ğŸ’‹â€ğŸ‘©ğŸ¿,cinta
ğŸ‘©ğŸ¼â€â¤ï¸â€ğŸ’‹â€ğŸ‘©ğŸ»,ğŸ‘©ğŸ¼â€â¤ï¸â€ğŸ’‹â€ğŸ‘©ğŸ»,cinta
ğŸ‘©ğŸ¼â€â¤ï¸â€ğŸ’‹â€ğŸ‘©ğŸ¼,ğŸ‘©ğŸ¼â€â¤ï¸â€ğŸ’‹â€ğŸ‘©ğŸ¼,cinta
ğŸ‘©ğŸ¼â€â¤ï¸â€ğŸ’‹â€ğŸ‘©ğŸ½,ğŸ‘©ğŸ¼â€â¤ï¸â€ğŸ’‹â€ğŸ‘©ğŸ½,cinta
ğŸ‘©ğŸ¼â€â¤ï¸â€ğŸ’‹â€ğŸ‘©ğŸ¾,ğŸ‘©ğŸ¼â€â¤ï¸â€ğŸ’‹â€ğŸ‘©ğŸ¾,cinta
ğŸ‘©ğŸ¼â€â¤ï¸â€ğŸ’‹â€ğŸ‘©ğŸ¿,ğŸ‘©ğŸ¼â€â¤ï¸â€ğŸ’‹â€ğŸ‘©ğŸ¿,cinta
ğŸ‘©ğŸ½â€â¤ï¸â€ğŸ’‹â€ğŸ‘©ğŸ»,ğŸ‘©ğŸ½â€â¤ï¸â€ğŸ’‹â€ğŸ‘©ğŸ»,cinta
ğŸ‘©ğŸ½â€â¤ï¸â€ğŸ’‹â€ğŸ‘©ğŸ¼,ğŸ‘©ğŸ½â€â¤ï¸â€ğŸ’‹â€ğŸ‘©ğŸ¼,cinta
ğŸ‘©ğŸ½â€â¤ï¸â€ğŸ’‹â€ğŸ‘©ğŸ½,ğŸ‘©ğŸ½â€â¤ï¸â€ğŸ’‹â€ğŸ‘©ğŸ½,cinta
ğŸ‘©ğŸ½â€â¤ï¸â€ğŸ’‹â€ğŸ‘©ğŸ¾,ğŸ‘©ğŸ½â€â¤ï¸â€ğŸ’‹â€ğŸ‘©ğŸ¾,cinta
ğŸ‘©ğŸ½â€â¤ï¸â€ğŸ’‹â€ğŸ‘©ğŸ¿,ğŸ‘©ğŸ½â€â¤ï¸â€ğŸ’‹â€ğŸ‘©ğŸ¿,cinta
ğŸ‘©ğŸ¾â€â¤ï¸â€ğŸ’‹â€ğŸ‘©ğŸ»,ğŸ‘©ğŸ¾â€â¤ï¸â€ğŸ’‹â€ğŸ‘©ğŸ»,cinta
ğŸ‘©ğŸ¾â€â¤ï¸â€ğŸ’‹â€ğŸ‘©ğŸ¼,ğŸ‘©ğŸ¾â€â¤ï¸â€ğŸ’‹â€ğŸ‘©ğŸ¼,cinta
ğŸ‘©ğŸ¾â€â¤ï¸â€ğŸ’‹â€ğŸ‘©ğŸ½,ğŸ‘©ğŸ¾â€â¤ï¸â€ğŸ’‹â€ğŸ‘©ğŸ½,cinta
ğŸ‘©ğŸ¾â€â¤ï¸â€ğŸ’‹â€ğŸ‘©ğŸ¾,ğŸ‘©ğŸ¾â€â¤ï¸â€ğŸ’‹â€ğŸ‘©ğŸ¾,cinta
ğŸ‘©ğŸ¾â€â¤ï¸â€ğŸ’‹â€ğŸ‘©ğŸ¿,ğŸ‘©ğŸ¾â€â¤ï¸â€ğŸ’‹â€ğŸ‘©ğŸ¿,cinta
ğŸ‘©ğŸ¿â€â¤ï¸â€ğŸ’‹â€ğŸ‘©ğŸ»,ğŸ‘©ğŸ¿â€â¤ï¸â€ğŸ’‹â€ğŸ‘©ğŸ»,cinta
ğŸ‘©ğŸ¿â€â¤ï¸â€ğŸ’‹â€ğŸ‘©ğŸ¼,ğŸ‘©ğŸ¿â€â¤ï¸â€ğŸ’‹â€ğŸ‘©ğŸ¼,cinta
ğŸ‘©ğŸ¿â€â¤ï¸â€ğŸ’‹â€ğŸ‘©ğŸ½,ğŸ‘©ğŸ¿â€â¤ï¸â€ğŸ’‹â€ğŸ‘©ğŸ½,cinta
ğŸ‘©ğŸ¿â€â¤ï¸â€ğŸ’‹â€ğŸ‘©ğŸ¾,ğŸ‘©ğŸ¿â€â¤ï¸â€ğŸ’‹â€ğŸ‘©ğŸ¾,cinta
ğŸ‘©ğŸ¿â€â¤ï¸â€ğŸ’‹â€ğŸ‘©ğŸ¿,ğŸ‘©ğŸ¿â€â¤ï¸â€ğŸ’‹â€ğŸ‘©ğŸ¿,cinta
ğŸ’‘ğŸ»,ğŸ’‘ğŸ»,cinta
ğŸ’‘ğŸ¼,ğŸ’‘ğŸ¼,cinta
ğŸ’‘ğŸ½,ğŸ’‘ğŸ½,cinta
ğŸ’‘ğŸ¾,ğŸ’‘ğŸ¾,cinta
ğŸ’‘ğŸ¿,ğŸ’‘ğŸ¿,cinta
ğŸ§‘ğŸ»â€â¤ï¸â€ğŸ§‘ğŸ¼,ğŸ§‘ğŸ»â€â¤ï¸â€ğŸ§‘ğŸ¼,cinta
ğŸ§‘ğŸ»â€â¤ï¸â€ğŸ§‘ğŸ½,ğŸ§‘ğŸ»â€â¤ï¸â€ğŸ§‘ğŸ½,cinta
ğŸ§‘ğŸ»â€â¤ï¸â€ğŸ§‘ğŸ¾,ğŸ§‘ğŸ»â€â¤ï¸â€ğŸ§‘ğŸ¾,cinta
ğŸ§‘ğŸ»â€â¤ï¸â€ğŸ§‘ğŸ¿,ğŸ§‘ğŸ»â€â¤ï¸â€ğŸ§‘ğŸ¿,cinta
ğŸ§‘ğŸ¼â€â¤ï¸â€ğŸ§‘ğŸ»,ğŸ§‘ğŸ¼â€â¤ï¸â€ğŸ§‘ğŸ»,cinta
ğŸ§‘ğŸ¼â€â¤ï¸â€ğŸ§‘ğŸ½,ğŸ§‘ğŸ¼â€â¤ï¸â€ğŸ§‘ğŸ½,cinta
ğŸ§‘ğŸ¼â€â¤ï¸â€ğŸ§‘ğŸ¾,ğŸ§‘ğŸ¼â€â¤ï¸â€ğŸ§‘ğŸ¾,cinta
ğŸ§‘ğŸ¼â€â¤ï¸â€ğŸ§‘ğŸ¿,ğŸ§‘ğŸ¼â€â¤ï¸â€ğŸ§‘ğŸ¿,cinta
ğŸ§‘ğŸ½â€â¤ï¸â€ğŸ§‘ğŸ»,ğŸ§‘ğŸ½â€â¤ï¸â€ğŸ§‘ğŸ»,cinta
ğŸ§‘ğŸ½â€â¤ï¸â€ğŸ§‘ğŸ¼,ğŸ§‘ğŸ½â€â¤ï¸â€ğŸ§‘ğŸ¼,cinta
ğŸ§‘ğŸ½â€â¤ï¸â€ğŸ§‘ğŸ¾,ğŸ§‘ğŸ½â€â¤ï¸â€ğŸ§‘ğŸ¾,cinta
ğŸ§‘ğŸ½â€â¤ï¸â€ğŸ§‘ğŸ¿,ğŸ§‘ğŸ½â€â¤ï¸â€ğŸ§‘ğŸ¿,cinta
ğŸ§‘ğŸ¾â€â¤ï¸â€ğŸ§‘ğŸ»,ğŸ§‘ğŸ¾â€â¤ï¸â€ğŸ§‘ğŸ»,cinta
ğŸ§‘ğŸ¾â€â¤ï¸â€ğŸ§‘ğŸ¼,ğŸ§‘ğŸ¾â€â¤ï¸â€ğŸ§‘ğŸ¼,cinta
ğŸ§‘ğŸ¾â€â¤ï¸â€ğŸ§‘ğŸ½,ğŸ§‘ğŸ¾â€â¤ï¸â€ğŸ§‘ğŸ½,cinta
ğŸ§‘ğŸ¾â€â¤ï¸â€ğŸ§‘ğŸ¿,ğŸ§‘ğŸ¾â€â¤ï¸â€ğŸ§‘ğŸ¿,cinta
ğŸ§‘ğŸ¿â€â¤ï¸â€ğŸ§‘ğŸ»,ğŸ§‘ğŸ¿â€â¤ï¸â€ğŸ§‘ğŸ»,cinta
ğŸ§‘ğŸ¿â€â¤ï¸â€ğŸ§‘ğŸ¼,ğŸ§‘ğŸ¿â€â¤ï¸â€ğŸ§‘ğŸ¼,cinta
ğŸ§‘ğŸ¿â€â¤ï¸â€ğŸ§‘ğŸ½,ğŸ§‘ğŸ¿â€â¤ï¸â€ğŸ§‘ğŸ½,cinta
ğŸ§‘ğŸ¿â€â¤ï¸â€ğŸ§‘ğŸ¾,ğŸ§‘ğŸ¿â€â¤ï¸â€ğŸ§‘ğŸ¾,cinta
ğŸ‘©ğŸ»â€â¤ï¸â€ğŸ‘¨ğŸ»,ğŸ‘©ğŸ»â€â¤ï¸â€ğŸ‘¨ğŸ»,cinta
ğŸ‘©ğŸ»â€â¤ï¸â€ğŸ‘¨ğŸ¼,ğŸ‘©ğŸ»â€â¤ï¸â€ğŸ‘¨ğŸ¼,cinta
ğŸ‘©ğŸ»â€â¤ï¸â€ğŸ‘¨ğŸ½,ğŸ‘©ğŸ»â€â¤ï¸â€ğŸ‘¨ğŸ½,cinta
ğŸ‘©ğŸ»â€â¤ï¸â€ğŸ‘¨ğŸ¾,ğŸ‘©ğŸ»â€â¤ï¸â€ğŸ‘¨ğŸ¾,cinta
ğŸ‘©ğŸ»â€â¤ï¸â€ğŸ‘¨ğŸ¿,ğŸ‘©ğŸ»â€â¤ï¸â€ğŸ‘¨ğŸ¿,cinta
ğŸ‘©ğŸ¼â€â¤ï¸â€ğŸ‘¨ğŸ»,ğŸ‘©ğŸ¼â€â¤ï¸â€ğŸ‘¨ğŸ»,cinta
ğŸ‘©ğŸ¼â€â¤ï¸â€ğŸ‘¨ğŸ¼,ğŸ‘©ğŸ¼â€â¤ï¸â€ğŸ‘¨ğŸ¼,cinta
ğŸ‘©ğŸ¼â€â¤ï¸â€ğŸ‘¨ğŸ½,ğŸ‘©ğŸ¼â€â¤ï¸â€ğŸ‘¨ğŸ½,cinta
ğŸ‘©ğŸ¼â€â¤ï¸â€ğŸ‘¨ğŸ¾,ğŸ‘©ğŸ¼â€â¤ï¸â€ğŸ‘¨ğŸ¾,cinta
ğŸ‘©ğŸ¼â€â¤ï¸â€ğŸ‘¨ğŸ¿,ğŸ‘©ğŸ¼â€â¤ï¸â€ğŸ‘¨ğŸ¿,cinta
ğŸ‘©ğŸ½â€â¤ï¸â€ğŸ‘¨ğŸ»,ğŸ‘©ğŸ½â€â¤ï¸â€ğŸ‘¨ğŸ»,cinta
ğŸ‘©ğŸ½â€â¤ï¸â€ğŸ‘¨ğŸ¼,ğŸ‘©ğŸ½â€â¤ï¸â€ğŸ‘¨ğŸ¼,cinta
ğŸ‘©ğŸ½â€â¤ï¸â€ğŸ‘¨ğŸ½,ğŸ‘©ğŸ½â€â¤ï¸â€ğŸ‘¨ğŸ½,cinta
ğŸ‘©ğŸ½â€â¤ï¸â€ğŸ‘¨ğŸ¾,ğŸ‘©ğŸ½â€â¤ï¸â€ğŸ‘¨ğŸ¾,cinta
ğŸ‘©ğŸ½â€â¤ï¸â€ğŸ‘¨ğŸ¿,ğŸ‘©ğŸ½â€â¤ï¸â€ğŸ‘¨ğŸ¿,cinta
ğŸ‘©ğŸ¾â€â¤ï¸â€ğŸ‘¨ğŸ»,ğŸ‘©ğŸ¾â€â¤ï¸â€ğŸ‘¨ğŸ»,cinta
ğŸ‘©ğŸ¾â€â¤ï¸â€ğŸ‘¨ğŸ¼,ğŸ‘©ğŸ¾â€â¤ï¸â€ğŸ‘¨ğŸ¼,cinta
ğŸ‘©ğŸ¾â€â¤ï¸â€ğŸ‘¨ğŸ½,ğŸ‘©ğŸ¾â€â¤ï¸â€ğŸ‘¨ğŸ½,cinta
ğŸ‘©ğŸ¾â€â¤ï¸â€ğŸ‘¨ğŸ¾,ğŸ‘©ğŸ¾â€â¤ï¸â€ğŸ‘¨ğŸ¾,cinta
ğŸ‘©ğŸ¾â€â¤ï¸â€ğŸ‘¨ğŸ¿,ğŸ‘©ğŸ¾â€â¤ï¸â€ğŸ‘¨ğŸ¿,cinta
ğŸ‘©ğŸ¿â€â¤ï¸â€ğŸ‘¨ğŸ»,ğŸ‘©ğŸ¿â€â¤ï¸â€ğŸ‘¨ğŸ»,cinta
ğŸ‘©ğŸ¿â€â¤ï¸â€ğŸ‘¨ğŸ¼,ğŸ‘©ğŸ¿â€â¤ï¸â€ğŸ‘¨ğŸ¼,cinta
ğŸ‘©ğŸ¿â€â¤ï¸â€ğŸ‘¨ğŸ½,ğŸ‘©ğŸ¿â€â¤ï¸â€ğŸ‘¨ğŸ½,cinta
ğŸ‘©ğŸ¿â€â¤ï¸â€ğŸ‘¨ğŸ¾,ğŸ‘©ğŸ¿â€â¤ï¸â€ğŸ‘¨ğŸ¾,cinta
ğŸ‘©ğŸ¿â€â¤ï¸â€ğŸ‘¨ğŸ¿,ğŸ‘©ğŸ¿â€â¤ï¸â€ğŸ‘¨ğŸ¿,cinta
ğŸ‘¨ğŸ»â€â¤ï¸â€ğŸ‘¨ğŸ»,ğŸ‘¨ğŸ»â€â¤ï¸â€ğŸ‘¨ğŸ»,cinta
ğŸ‘¨ğŸ»â€â¤ï¸â€ğŸ‘¨ğŸ¼,ğŸ‘¨ğŸ»â€â¤ï¸â€ğŸ‘¨ğŸ¼,cinta
ğŸ‘¨ğŸ»â€â¤ï¸â€ğŸ‘¨ğŸ½,ğŸ‘¨ğŸ»â€â¤ï¸â€ğŸ‘¨ğŸ½,cinta
ğŸ‘¨ğŸ»â€â¤ï¸â€ğŸ‘¨ğŸ¾,ğŸ‘¨ğŸ»â€â¤ï¸â€ğŸ‘¨ğŸ¾,cinta
ğŸ‘¨ğŸ»â€â¤ï¸â€ğŸ‘¨ğŸ¿,ğŸ‘¨ğŸ»â€â¤ï¸â€ğŸ‘¨ğŸ¿,cinta
ğŸ‘¨ğŸ¼â€â¤ï¸â€ğŸ‘¨ğŸ»,ğŸ‘¨ğŸ¼â€â¤ï¸â€ğŸ‘¨ğŸ»,cinta
ğŸ‘¨ğŸ¼â€â¤ï¸â€ğŸ‘¨ğŸ¼,ğŸ‘¨ğŸ¼â€â¤ï¸â€ğŸ‘¨ğŸ¼,cinta
ğŸ‘¨ğŸ¼â€â¤ï¸â€ğŸ‘¨ğŸ½,ğŸ‘¨ğŸ¼â€â¤ï¸â€ğŸ‘¨ğŸ½,cinta
ğŸ‘¨ğŸ¼â€â¤ï¸â€ğŸ‘¨ğŸ¾,ğŸ‘¨ğŸ¼â€â¤ï¸â€ğŸ‘¨ğŸ¾,cinta
ğŸ‘¨ğŸ¼â€â¤ï¸â€ğŸ‘¨ğŸ¿,ğŸ‘¨ğŸ¼â€â¤ï¸â€ğŸ‘¨ğŸ¿,cinta
ğŸ‘¨ğŸ½â€â¤ï¸â€ğŸ‘¨ğŸ»,ğŸ‘¨ğŸ½â€â¤ï¸â€ğŸ‘¨ğŸ»,cinta
ğŸ‘¨ğŸ½â€â¤ï¸â€ğŸ‘¨ğŸ¼,ğŸ‘¨ğŸ½â€â¤ï¸â€ğŸ‘¨ğŸ¼,cinta
ğŸ‘¨ğŸ½â€â¤ï¸â€ğŸ‘¨ğŸ½,ğŸ‘¨ğŸ½â€â¤ï¸â€ğŸ‘¨ğŸ½,cinta
ğŸ‘¨ğŸ½â€â¤ï¸â€ğŸ‘¨ğŸ¾,ğŸ‘¨ğŸ½â€â¤ï¸â€ğŸ‘¨ğŸ¾,cinta
ğŸ‘¨ğŸ½â€â¤ï¸â€ğŸ‘¨ğŸ¿,ğŸ‘¨ğŸ½â€â¤ï¸â€ğŸ‘¨ğŸ¿,cinta
ğŸ‘¨ğŸ¾â€â¤ï¸â€ğŸ‘¨ğŸ»,ğŸ‘¨ğŸ¾â€â¤ï¸â€ğŸ‘¨ğŸ»,cinta
ğŸ‘¨ğŸ¾â€â¤ï¸â€ğŸ‘¨ğŸ¼,ğŸ‘¨ğŸ¾â€â¤ï¸â€ğŸ‘¨ğŸ¼,cinta
ğŸ‘¨ğŸ¾â€â¤ï¸â€ğŸ‘¨ğŸ½,ğŸ‘¨ğŸ¾â€â¤ï¸â€ğŸ‘¨ğŸ½,cinta
ğŸ‘¨ğŸ¾â€â¤ï¸â€ğŸ‘¨ğŸ¾,ğŸ‘¨ğŸ¾â€â¤ï¸â€ğŸ‘¨ğŸ¾,cinta
ğŸ‘¨ğŸ¾â€â¤ï¸â€ğŸ‘¨ğŸ¿,ğŸ‘¨ğŸ¾â€â¤ï¸â€ğŸ‘¨ğŸ¿,cinta
ğŸ‘¨ğŸ¿â€â¤ï¸â€ğŸ‘¨ğŸ»,ğŸ‘¨ğŸ¿â€â¤ï¸â€ğŸ‘¨ğŸ»,cinta
ğŸ‘¨ğŸ¿â€â¤ï¸â€ğŸ‘¨ğŸ¼,ğŸ‘¨ğŸ¿â€â¤ï¸â€ğŸ‘¨ğŸ¼,cinta
ğŸ‘¨ğŸ¿â€â¤ï¸â€ğŸ‘¨ğŸ½,ğŸ‘¨ğŸ¿â€â¤ï¸â€ğŸ‘¨ğŸ½,cinta
ğŸ‘¨ğŸ¿â€â¤ï¸â€ğŸ‘¨ğŸ¾,ğŸ‘¨ğŸ¿â€â¤ï¸â€ğŸ‘¨ğŸ¾,cinta
ğŸ‘¨ğŸ¿â€â¤ï¸â€ğŸ‘¨ğŸ¿,ğŸ‘¨ğŸ¿â€â¤ï¸â€ğŸ‘¨ğŸ¿,cinta
ğŸ‘©ğŸ»â€â¤ï¸â€ğŸ‘©ğŸ»,ğŸ‘©ğŸ»â€â¤ï¸â€ğŸ‘©ğŸ»,cinta
ğŸ‘©ğŸ»â€â¤ï¸â€ğŸ‘©ğŸ¼,ğŸ‘©ğŸ»â€â¤ï¸â€ğŸ‘©ğŸ¼,cinta
ğŸ‘©ğŸ»â€â¤ï¸â€ğŸ‘©ğŸ½,ğŸ‘©ğŸ»â€â¤ï¸â€ğŸ‘©ğŸ½,cinta
ğŸ‘©ğŸ»â€â¤ï¸â€ğŸ‘©ğŸ¾,ğŸ‘©ğŸ»â€â¤ï¸â€ğŸ‘©ğŸ¾,cinta
ğŸ‘©ğŸ»â€â¤ï¸â€ğŸ‘©ğŸ¿,ğŸ‘©ğŸ»â€â¤ï¸â€ğŸ‘©ğŸ¿,cinta
ğŸ‘©ğŸ¼â€â¤ï¸â€ğŸ‘©ğŸ»,ğŸ‘©ğŸ¼â€â¤ï¸â€ğŸ‘©ğŸ»,cinta
ğŸ‘©ğŸ¼â€â¤ï¸â€ğŸ‘©ğŸ¼,ğŸ‘©ğŸ¼â€â¤ï¸â€ğŸ‘©ğŸ¼,cinta
ğŸ‘©ğŸ¼â€â¤ï¸â€ğŸ‘©ğŸ½,ğŸ‘©ğŸ¼â€â¤ï¸â€ğŸ‘©ğŸ½,cinta
ğŸ‘©ğŸ¼â€â¤ï¸â€ğŸ‘©ğŸ¾,ğŸ‘©ğŸ¼â€â¤ï¸â€ğŸ‘©ğŸ¾,cinta
ğŸ‘©ğŸ¼â€â¤ï¸â€ğŸ‘©ğŸ¿,ğŸ‘©ğŸ¼â€â¤ï¸â€ğŸ‘©ğŸ¿,cinta
ğŸ‘©ğŸ½â€â¤ï¸â€ğŸ‘©ğŸ»,ğŸ‘©ğŸ½â€â¤ï¸â€ğŸ‘©ğŸ»,cinta
ğŸ‘©ğŸ½â€â¤ï¸â€ğŸ‘©ğŸ¼,ğŸ‘©ğŸ½â€â¤ï¸â€ğŸ‘©ğŸ¼,cinta
ğŸ‘©ğŸ½â€â¤ï¸â€ğŸ‘©ğŸ½,ğŸ‘©ğŸ½â€â¤ï¸â€ğŸ‘©ğŸ½,cinta
ğŸ‘©ğŸ½â€â¤ï¸â€ğŸ‘©ğŸ¾,ğŸ‘©ğŸ½â€â¤ï¸â€ğŸ‘©ğŸ¾,cinta
ğŸ‘©ğŸ½â€â¤ï¸â€ğŸ‘©ğŸ¿,ğŸ‘©ğŸ½â€â¤ï¸â€ğŸ‘©ğŸ¿,cinta
ğŸ‘©ğŸ¾â€â¤ï¸â€ğŸ‘©ğŸ»,ğŸ‘©ğŸ¾â€â¤ï¸â€ğŸ‘©ğŸ»,cinta
ğŸ‘©ğŸ¾â€â¤ï¸â€ğŸ‘©ğŸ¼,ğŸ‘©ğŸ¾â€â¤ï¸â€ğŸ‘©ğŸ¼,cinta
ğŸ‘©ğŸ¾â€â¤ï¸â€ğŸ‘©ğŸ½,ğŸ‘©ğŸ¾â€â¤ï¸â€ğŸ‘©ğŸ½,cinta
ğŸ‘©ğŸ¾â€â¤ï¸â€ğŸ‘©ğŸ¾,ğŸ‘©ğŸ¾â€â¤ï¸â€ğŸ‘©ğŸ¾,cinta
ğŸ‘©ğŸ¾â€â¤ï¸â€ğŸ‘©ğŸ¿,ğŸ‘©ğŸ¾â€â¤ï¸â€ğŸ‘©ğŸ¿,cinta
ğŸ‘©ğŸ¿â€â¤ï¸â€ğŸ‘©ğŸ»,ğŸ‘©ğŸ¿â€â¤ï¸â€ğŸ‘©ğŸ»,cinta
ğŸ‘©ğŸ¿â€â¤ï¸â€ğŸ‘©ğŸ¼,ğŸ‘©ğŸ¿â€â¤ï¸â€ğŸ‘©ğŸ¼,cinta
ğŸ‘©ğŸ¿â€â¤ï¸â€ğŸ‘©ğŸ½,ğŸ‘©ğŸ¿â€â¤ï¸â€ğŸ‘©ğŸ½,cinta
ğŸ‘©ğŸ¿â€â¤ï¸â€ğŸ‘©ğŸ¾,ğŸ‘©ğŸ¿â€â¤ï¸â€ğŸ‘©ğŸ¾,cinta
ğŸ‘©ğŸ¿â€â¤ï¸â€ğŸ‘©ğŸ¿,ğŸ‘©ğŸ¿â€â¤ï¸â€ğŸ‘©ğŸ¿,cinta
ğŸ»,ğŸ»,netral
ğŸ¼,ğŸ¼,netral
ğŸ½,ğŸ½,netral
ğŸ¾,ğŸ¾,netral
ğŸ¿,ğŸ¿,netral
ğŸ«©,U+1FAE9,netral
ğŸ«¦,U+1FAC6,netral
ğŸ«¾,U+1FABE,netral
ğŸ«œ,U+1FADC,netral
ğŸª‰,U+1FA89,netral
ğŸª,U+1FA8F,netral
ğŸ«Ÿ,U+1FADF,netral
ğŸ‡¨ğŸ‡¶,U+1F1E8 U+1F1F6,netral
